{
	"credit": "Made with Blockbench",
	"texture_size": [16, 32],
	"textures": {
		"0": "models/stone",
		"1": "models/airlock_door",
		"particle": "models/stone"
	},
	"elements": [
		{
			"from": [0, 1, 7],
			"to": [16, 31, 9],
			"rotation": {"angle": 0, "axis": "y", "origin": [8, 9, 15]},
			"faces": {
				"north": {"uv": [0, 0, 16, 16], "texture": "#1"},
				"east": {"uv": [0, 0, 0.5, 0.5], "texture": "#0"},
				"south": {"uv": [0, 0, 16, 16], "texture": "#1"},
				"west": {"uv": [2.5, 0.5, 3, 1], "texture": "#0"},
				"up": {"uv": [0, 0, 0.5, 0.5], "texture": "#0"},
				"down": {"uv": [0, 0, 0.5, 0.5], "texture": "#0"}
			}
		},
		{
			"from": [0, 0, 0],
			"to": [16, 1, 16],
			"faces": {
				"north": {"uv": [2.5, 0.5, 3, 1], "texture": "#0"},
				"east": {"uv": [2.5, 0.5, 3, 1], "texture": "#0"},
				"south": {"uv": [2.5, 0.5, 3, 1], "texture": "#0"},
				"west": {"uv": [2.5, 0.5, 3, 1], "texture": "#0"},
				"up": {"uv": [2.5, 0.5, 3, 1], "texture": "#0"},
				"down": {"uv": [2.5, 0.5, 3, 1], "texture": "#0"}
			}
		},
		{
			"from": [0, 31, 0],
			"to": [16, 32, 16],
			"rotation": {"angle": 0, "axis": "y", "origin": [8, 39, 8]},
			"faces": {
				"north": {"uv": [2.5, 0.5, 3, 1], "texture": "#0"},
				"east": {"uv": [2.5, 0.5, 3, 1], "texture": "#0"},
				"south": {"uv": [2.5, 0.5, 3, 1], "texture": "#0"},
				"west": {"uv": [2.5, 0.5, 3, 1], "texture": "#0"},
				"up": {"uv": [2.5, 0.5, 3, 1], "texture": "#0"},
				"down": {"uv": [2.5, 0.5, 3, 1], "texture": "#0"}
			}
		}
	],
	"display": {
		"thirdperson_righthand": {
			"translation": [0, 3, 0],
			"scale": [0.4, 0.4, 0.4]
		},
		"thirdperson_lefthand": {
			"translation": [0, 3, 0],
			"scale": [0.4, 0.4, 0.4]
		},
		"firstperson_righthand": {
			"scale": [0.4, 0.4, 0.4]
		},
		"firstperson_lefthand": {
			"scale": [0.4, 0.4, 0.4]
		},
		"ground": {
			"scale": [0.4, 0.4, 0.4]
		},
		"gui": {
			"rotation": [13, 20, 0],
			"translation": [0, -3, 0],
			"scale": [0.4, 0.4, 0.4]
		},
		"head": {
			"translation": [0, -30.5, 0],
			"scale": [1.6, 1.6, 1.6]
		},
		"fixed": {
			"translation": [0, -2.75, 0],
			"scale": [0.4, 0.4, 1]
		}
	}
}