{
	"credit": "Made with Blockbench",
	"textures": {
		"0": "models/stone",
		"1": "models/randompurple",
		"2": "models/iron_block",
		"particle": "models/stone"
	},
	"elements": [
		{
			"from": [15, 7, 5],
			"to": [16, 9, 11],
			"rotation": {"angle": 0, "axis": "y", "origin": [23, 15, 12]},
			"faces": {
				"north": {"uv": [1.125, 0, 4.6875, 16], "texture": "#2"},
				"east": {"uv": [0, 0, 6, 2], "texture": "#missing"},
				"south": {"uv": [1.125, 0, 4.6875, 16], "texture": "#2"},
				"west": {"uv": [6, 5.9375, 12, 7.9375], "texture": "#2"},
				"up": {"uv": [0, 0, 1, 6], "texture": "#2"},
				"down": {"uv": [0, 0, 1, 6], "texture": "#2"}
			}
		},
		{
			"from": [5, 7, 0],
			"to": [11, 9, 1],
			"rotation": {"angle": 0, "axis": "y", "origin": [12, 15, 8]},
			"faces": {
				"north": {"uv": [0, 0, 6, 2], "texture": "#missing"},
				"east": {"uv": [1.125, 0, 4.6875, 16], "texture": "#2"},
				"south": {"uv": [6, 5.9375, 12, 7.9375], "texture": "#2"},
				"west": {"uv": [1.125, 0, 4.6875, 16], "texture": "#2"},
				"up": {"uv": [0, 0, 1, 6], "rotation": 90, "texture": "#2"},
				"down": {"uv": [0, 0, 1, 6], "rotation": 90, "texture": "#2"}
			}
		},
		{
			"from": [5, 7, 15],
			"to": [11, 9, 16],
			"rotation": {"angle": 0, "axis": "y", "origin": [12, 15, 23]},
			"faces": {
				"north": {"uv": [6, 5.9375, 12, 7.9375], "texture": "#2"},
				"east": {"uv": [1.125, 0, 4.6875, 16], "texture": "#2"},
				"south": {"uv": [0, 0, 6, 2], "texture": "#missing"},
				"west": {"uv": [1.125, 0, 4.6875, 16], "texture": "#2"},
				"up": {"uv": [0, 0, 1, 6], "rotation": 90, "texture": "#2"},
				"down": {"uv": [0, 0, 1, 6], "rotation": 90, "texture": "#2"}
			}
		},
		{
			"from": [0, 7, 5],
			"to": [1, 9, 11],
			"rotation": {"angle": 0, "axis": "y", "origin": [8, 15, 12]},
			"faces": {
				"north": {"uv": [1.125, 0, 4.6875, 16], "texture": "#2"},
				"east": {"uv": [6, 5.9375, 12, 7.9375], "texture": "#2"},
				"south": {"uv": [1.125, 0, 4.6875, 16], "texture": "#2"},
				"west": {"uv": [0, 0, 6, 2], "texture": "#missing"},
				"up": {"uv": [0, 0, 1, 6], "texture": "#2"},
				"down": {"uv": [0, 0, 1, 6], "texture": "#2"}
			}
		},
		{
			"from": [1, 7, 3],
			"to": [2, 9, 5],
			"rotation": {"angle": 0, "axis": "y", "origin": [9, 15, 11]},
			"faces": {
				"north": {"uv": [1.125, 0, 4.6875, 16], "texture": "#2"},
				"east": {"uv": [0, 0, 16, 16], "texture": "#2"},
				"south": {"uv": [1.125, 0, 4.6875, 16], "texture": "#2"},
				"west": {"uv": [0, 0, 16, 16], "texture": "#2"},
				"up": {"uv": [6.375, 0.0625, 11.25, 16], "texture": "#2"},
				"down": {"uv": [6.375, 0.0625, 11.25, 16], "texture": "#2"}
			}
		},
		{
			"from": [2, 7, 2],
			"to": [3, 9, 3],
			"rotation": {"angle": 0, "axis": "y", "origin": [10, 15, 10]},
			"faces": {
				"north": {"uv": [1.125, 0, 4.6875, 16], "texture": "#2"},
				"east": {"uv": [1.125, 0, 4.6875, 16], "texture": "#2"},
				"south": {"uv": [1.125, 0, 4.6875, 16], "texture": "#2"},
				"west": {"uv": [1.125, 0, 4.6875, 16], "texture": "#2"},
				"up": {"uv": [0, 0, 16, 16], "texture": "#2"},
				"down": {"uv": [0, 0, 16, 16], "texture": "#2"}
			}
		},
		{
			"from": [3, 7, 1],
			"to": [5, 9, 2],
			"rotation": {"angle": 0, "axis": "y", "origin": [11, 15, 9]},
			"faces": {
				"north": {"uv": [0, 0, 16, 16], "texture": "#2"},
				"east": {"uv": [1.125, 0, 4.6875, 16], "texture": "#2"},
				"south": {"uv": [0, 0, 16, 16], "texture": "#2"},
				"west": {"uv": [1.125, 0, 4.6875, 16], "texture": "#2"},
				"up": {"uv": [1.125, 0, 4.75, 16], "texture": "#2"},
				"down": {"uv": [1.125, 0, 4.75, 16], "texture": "#2"}
			}
		},
		{
			"from": [11, 7, 1],
			"to": [13, 9, 2],
			"rotation": {"angle": 0, "axis": "y", "origin": [5, 15, 9]},
			"faces": {
				"north": {"uv": [0, 0, 16, 16], "texture": "#2"},
				"east": {"uv": [1.125, 0, 4.6875, 16], "texture": "#2"},
				"south": {"uv": [0, 0, 16, 16], "texture": "#2"},
				"west": {"uv": [1.125, 0, 4.6875, 16], "texture": "#2"},
				"up": {"uv": [1.125, 0, 4.75, 16], "texture": "#2"},
				"down": {"uv": [1.125, 0, 4.75, 16], "texture": "#2"}
			}
		},
		{
			"from": [13, 7, 2],
			"to": [14, 9, 3],
			"rotation": {"angle": 0, "axis": "y", "origin": [6, 15, 10]},
			"faces": {
				"north": {"uv": [1.125, 0, 4.6875, 16], "texture": "#2"},
				"east": {"uv": [1.125, 0, 4.6875, 16], "texture": "#2"},
				"south": {"uv": [1.125, 0, 4.6875, 16], "texture": "#2"},
				"west": {"uv": [1.125, 0, 4.6875, 16], "texture": "#2"},
				"up": {"uv": [0, 0, 16, 16], "texture": "#2"},
				"down": {"uv": [0, 0, 16, 16], "texture": "#2"}
			}
		},
		{
			"from": [14, 7, 3],
			"to": [15, 9, 5],
			"rotation": {"angle": 0, "axis": "y", "origin": [7, 15, 11]},
			"faces": {
				"north": {"uv": [1.125, 0, 4.6875, 16], "texture": "#2"},
				"east": {"uv": [0, 0, 16, 16], "texture": "#2"},
				"south": {"uv": [1.125, 0, 4.6875, 16], "texture": "#2"},
				"west": {"uv": [0, 0, 16, 16], "texture": "#2"},
				"up": {"uv": [6.375, 0.0625, 11.25, 16], "texture": "#2"},
				"down": {"uv": [6.375, 0.0625, 11.25, 16], "texture": "#2"}
			}
		},
		{
			"from": [3, 7, 14],
			"to": [5, 9, 15],
			"rotation": {"angle": 0, "axis": "y", "origin": [11, 15, 22]},
			"faces": {
				"north": {"uv": [0, 0, 16, 16], "texture": "#2"},
				"east": {"uv": [1.125, 0, 4.6875, 16], "texture": "#2"},
				"south": {"uv": [0, 0, 16, 16], "texture": "#2"},
				"west": {"uv": [1.125, 0, 4.6875, 16], "texture": "#2"},
				"up": {"uv": [1.125, 0, 4.75, 16], "texture": "#2"},
				"down": {"uv": [1.125, 0, 4.75, 16], "texture": "#2"}
			}
		},
		{
			"from": [1, 7, 11],
			"to": [2, 9, 13],
			"rotation": {"angle": 0, "axis": "y", "origin": [9, 15, 20]},
			"faces": {
				"north": {"uv": [1.125, 0, 4.6875, 16], "texture": "#2"},
				"east": {"uv": [0, 0, 16, 16], "texture": "#2"},
				"south": {"uv": [1.125, 0, 4.6875, 16], "texture": "#2"},
				"west": {"uv": [0, 0, 16, 16], "texture": "#2"},
				"up": {"uv": [6.375, 0.0625, 11.25, 16], "texture": "#2"},
				"down": {"uv": [6.375, 0.0625, 11.25, 16], "texture": "#2"}
			}
		},
		{
			"from": [2, 7, 13],
			"to": [3, 9, 14],
			"rotation": {"angle": 0, "axis": "y", "origin": [10, 15, 21]},
			"faces": {
				"north": {"uv": [1.125, 0, 4.6875, 16], "texture": "#2"},
				"east": {"uv": [1.125, 0, 4.6875, 16], "texture": "#2"},
				"south": {"uv": [1.125, 0, 4.6875, 16], "texture": "#2"},
				"west": {"uv": [1.125, 0, 4.6875, 16], "texture": "#2"},
				"up": {"uv": [0, 0, 16, 16], "texture": "#2"},
				"down": {"uv": [0, 0, 16, 16], "texture": "#2"}
			}
		},
		{
			"from": [11, 7, 14],
			"to": [13, 9, 15],
			"rotation": {"angle": 0, "axis": "y", "origin": [19, 15, 22]},
			"faces": {
				"north": {"uv": [0, 0, 16, 16], "texture": "#2"},
				"east": {"uv": [1.125, 0, 4.6875, 16], "texture": "#2"},
				"south": {"uv": [0, 0, 16, 16], "texture": "#2"},
				"west": {"uv": [1.125, 0, 4.6875, 16], "texture": "#2"},
				"up": {"uv": [1.125, 0, 4.75, 16], "texture": "#2"},
				"down": {"uv": [1.125, 0, 4.75, 16], "texture": "#2"}
			}
		},
		{
			"from": [14, 7, 11],
			"to": [15, 9, 13],
			"rotation": {"angle": 0, "axis": "y", "origin": [22, 15, 19]},
			"faces": {
				"north": {"uv": [1.125, 0, 4.6875, 16], "texture": "#2"},
				"east": {"uv": [0, 0, 16, 16], "texture": "#2"},
				"south": {"uv": [1.125, 0, 4.6875, 16], "texture": "#2"},
				"west": {"uv": [0, 0, 16, 16], "texture": "#2"},
				"up": {"uv": [6.375, 0.0625, 11.25, 16], "texture": "#2"},
				"down": {"uv": [6.375, 0.0625, 11.25, 16], "texture": "#2"}
			}
		},
		{
			"from": [13, 7, 13],
			"to": [14, 9, 14],
			"rotation": {"angle": 0, "axis": "y", "origin": [21, 15, 21]},
			"faces": {
				"north": {"uv": [1.125, 0, 4.6875, 16], "texture": "#2"},
				"east": {"uv": [1.125, 0, 4.6875, 16], "texture": "#2"},
				"south": {"uv": [1.125, 0, 4.6875, 16], "texture": "#2"},
				"west": {"uv": [1.125, 0, 4.6875, 16], "texture": "#2"},
				"up": {"uv": [0, 0, 16, 16], "texture": "#2"},
				"down": {"uv": [0, 0, 16, 16], "texture": "#2"}
			}
		},
		{
			"from": [0, 5, 7],
			"to": [1.1, 11, 9],
			"rotation": {"angle": 0, "axis": "y", "origin": [-7, 4, 15]},
			"faces": {
				"north": {"uv": [5.5625, 0.0625, 9.5625, 16], "texture": "#2"},
				"east": {"uv": [11, 0.0625, 15, 16], "texture": "#2"},
				"south": {"uv": [5.5625, 0.0625, 9.5625, 16], "texture": "#2"},
				"west": {"uv": [11, 0.0625, 15, 16], "texture": "#2"},
				"up": {"uv": [15.0625, 4.875, 16, 6.875], "rotation": 180, "texture": "#2"},
				"down": {"uv": [15.0625, 4.875, 16, 6.875], "rotation": 180, "texture": "#2"}
			}
		},
		{
			"from": [5, 15, 7],
			"to": [11, 16, 9],
			"rotation": {"angle": 0, "axis": "y", "origin": [4, 8, 15]},
			"faces": {
				"north": {"uv": [1, 12.5, 13.6875, 13.6875], "texture": "#2"},
				"east": {"uv": [3.3125, 0, 11.3125, 16], "texture": "#2"},
				"south": {"uv": [1, 12.5, 13.6875, 13.6875], "texture": "#2"},
				"west": {"uv": [3.3125, 0, 11.3125, 16], "texture": "#2"},
				"up": {"uv": [6, 0, 12, 2], "rotation": 180, "texture": "#missing"},
				"down": {"uv": [6.9375, 0.0625, 10.8125, 16], "rotation": 270, "texture": "#2"}
			}
		},
		{
			"from": [5, 0, 7],
			"to": [11, 1, 9],
			"rotation": {"angle": 0, "axis": "y", "origin": [4, -7, 15]},
			"faces": {
				"north": {"uv": [7.6875, 3, 13.6875, 4], "rotation": 180, "texture": "#2"},
				"east": {"uv": [7.6875, 3, 13.6875, 4], "rotation": 180, "texture": "#2"},
				"south": {"uv": [7.6875, 3, 13.6875, 4], "rotation": 180, "texture": "#2"},
				"west": {"uv": [3.3125, 0, 11.3125, 16], "rotation": 90, "texture": "#2"},
				"up": {"uv": [6.9375, 0.0625, 10.8125, 16], "rotation": 270, "texture": "#2"},
				"down": {"uv": [6, 0, 12, 2], "texture": "#missing"}
			}
		},
		{
			"from": [14.9, 5, 7],
			"to": [16, 11, 9],
			"rotation": {"angle": 0, "axis": "y", "origin": [8, 4, 15]},
			"faces": {
				"north": {"uv": [5.5625, 0.0625, 9.5625, 16], "texture": "#2"},
				"east": {"uv": [11, 0.0625, 15, 16], "texture": "#2"},
				"south": {"uv": [5.5625, 0.0625, 9.5625, 16], "texture": "#2"},
				"west": {"uv": [11, 0.0625, 15, 16], "texture": "#2"},
				"up": {"uv": [15.0625, 4.875, 16, 6.875], "rotation": 180, "texture": "#2"},
				"down": {"uv": [15.0625, 4.875, 16, 6.875], "rotation": 180, "texture": "#2"}
			}
		},
		{
			"from": [14, 11, 7],
			"to": [15, 13, 9],
			"rotation": {"angle": 0, "axis": "y", "origin": [7, 5, 15]},
			"faces": {
				"north": {"uv": [3.3125, 0, 11.3125, 16], "texture": "#2"},
				"east": {"uv": [0, 0, 16, 16], "texture": "#2"},
				"south": {"uv": [3.3125, 0, 11.3125, 16], "texture": "#2"},
				"west": {"uv": [0, 0, 16, 16], "rotation": 270, "texture": "#2"},
				"up": {"uv": [3.3125, 0, 11.3125, 16], "texture": "#2"},
				"down": {"uv": [3.3125, 0, 11.3125, 16], "texture": "#2"}
			}
		},
		{
			"from": [13, 13, 7],
			"to": [14, 14, 9],
			"rotation": {"angle": 0, "axis": "y", "origin": [6, 6, 15]},
			"faces": {
				"north": {"uv": [0, 0, 16, 16], "rotation": 270, "texture": "#2"},
				"east": {"uv": [3.3125, 0, 11.3125, 16], "texture": "#2"},
				"south": {"uv": [0, 0, 16, 16], "rotation": 270, "texture": "#2"},
				"west": {"uv": [3.3125, 0, 11.3125, 16], "texture": "#2"},
				"up": {"uv": [3.3125, 0, 11.3125, 16], "texture": "#2"},
				"down": {"uv": [3.3125, 0, 11.3125, 16], "texture": "#2"}
			}
		},
		{
			"from": [11, 14, 7],
			"to": [13, 15, 9],
			"rotation": {"angle": 0, "axis": "y", "origin": [5, 7, 15]},
			"faces": {
				"north": {"uv": [3.3125, 0, 11.3125, 16], "texture": "#2"},
				"east": {"uv": [3.3125, 0, 11.3125, 16], "texture": "#2"},
				"south": {"uv": [3.3125, 0, 11.3125, 16], "texture": "#2"},
				"west": {"uv": [3.3125, 0, 11.3125, 16], "texture": "#2"},
				"up": {"uv": [0, 0, 16, 16], "texture": "#2"},
				"down": {"uv": [0, 0, 16, 16], "texture": "#2"}
			}
		},
		{
			"from": [3, 14, 7],
			"to": [5, 15, 9],
			"rotation": {"angle": 0, "axis": "y", "origin": [11, 7, 15]},
			"faces": {
				"north": {"uv": [3.3125, 0, 11.3125, 16], "texture": "#2"},
				"east": {"uv": [3.3125, 0, 11.3125, 16], "texture": "#2"},
				"south": {"uv": [3.3125, 0, 11.3125, 16], "texture": "#2"},
				"west": {"uv": [3.3125, 0, 11.3125, 16], "texture": "#2"},
				"up": {"uv": [0, 0, 16, 16], "texture": "#2"},
				"down": {"uv": [0, 0, 16, 16], "texture": "#2"}
			}
		},
		{
			"from": [2, 13, 7],
			"to": [3, 14, 9],
			"rotation": {"angle": 0, "axis": "y", "origin": [10, 6, 15]},
			"faces": {
				"north": {"uv": [0, 0, 16, 16], "rotation": 270, "texture": "#2"},
				"east": {"uv": [3.3125, 0, 11.3125, 16], "texture": "#2"},
				"south": {"uv": [0, 0, 16, 16], "rotation": 270, "texture": "#2"},
				"west": {"uv": [3.3125, 0, 11.3125, 16], "texture": "#2"},
				"up": {"uv": [3.3125, 0, 11.3125, 16], "texture": "#2"},
				"down": {"uv": [3.3125, 0, 11.3125, 16], "texture": "#2"}
			}
		},
		{
			"from": [1, 11, 7],
			"to": [2, 13, 9],
			"rotation": {"angle": 0, "axis": "y", "origin": [9, 5, 15]},
			"faces": {
				"north": {"uv": [3.3125, 0, 11.3125, 16], "texture": "#2"},
				"east": {"uv": [0, 0, 16, 16], "texture": "#2"},
				"south": {"uv": [3.3125, 0, 11.3125, 16], "texture": "#2"},
				"west": {"uv": [0, 0, 16, 16], "texture": "#2"},
				"up": {"uv": [3.3125, 0, 11.3125, 16], "texture": "#2"},
				"down": {"uv": [3.3125, 0, 11.3125, 16], "texture": "#2"}
			}
		},
		{
			"from": [11, 1, 7],
			"to": [13, 2, 9],
			"rotation": {"angle": 0, "axis": "y", "origin": [5, -6, 15]},
			"faces": {
				"north": {"uv": [3.3125, 0, 11.3125, 16], "texture": "#2"},
				"east": {"uv": [3.3125, 0, 11.3125, 16], "rotation": 90, "texture": "#2"},
				"south": {"uv": [3.3125, 0, 11.3125, 16], "texture": "#2"},
				"west": {"uv": [3.3125, 0, 11.3125, 16], "rotation": 90, "texture": "#2"},
				"up": {"uv": [0, 0, 16, 16], "rotation": 270, "texture": "#2"},
				"down": {"uv": [0, 0, 16, 16], "rotation": 270, "texture": "#2"}
			}
		},
		{
			"from": [14, 3, 7],
			"to": [15, 5, 9],
			"rotation": {"angle": 0, "axis": "y", "origin": [7, -4, 15]},
			"faces": {
				"north": {"uv": [3.3125, 0, 11.3125, 16], "texture": "#2"},
				"east": {"uv": [0, 0, 16, 16], "texture": "#2"},
				"south": {"uv": [3.3125, 0, 11.3125, 16], "texture": "#2"},
				"west": {"uv": [0, 0, 16, 16], "texture": "#2"},
				"up": {"uv": [3.3125, 0, 11.3125, 16], "rotation": 90, "texture": "#2"},
				"down": {"uv": [3.3125, 0, 11.3125, 16], "rotation": 90, "texture": "#2"}
			}
		},
		{
			"from": [13, 2, 7],
			"to": [14, 3, 9],
			"rotation": {"angle": 0, "axis": "y", "origin": [6, -5, 15]},
			"faces": {
				"north": {"uv": [0, 0, 16, 16], "texture": "#2"},
				"east": {"uv": [3.3125, 0, 11.3125, 16], "texture": "#2"},
				"south": {"uv": [0, 0, 16, 16], "texture": "#2"},
				"west": {"uv": [3.3125, 0, 11.3125, 16], "rotation": 90, "texture": "#2"},
				"up": {"uv": [15.0625, 4.875, 16, 6.875], "rotation": 180, "texture": "#2"},
				"down": {"uv": [3.3125, 0, 11.3125, 16], "rotation": 90, "texture": "#2"}
			}
		},
		{
			"from": [3, 1, 7],
			"to": [5, 2, 9],
			"rotation": {"angle": 0, "axis": "y", "origin": [-3, -6, 15]},
			"faces": {
				"north": {"uv": [3.3125, 0, 11.3125, 16], "texture": "#2"},
				"east": {"uv": [3.3125, 0, 11.3125, 16], "rotation": 90, "texture": "#2"},
				"south": {"uv": [3.3125, 0, 11.3125, 16], "rotation": 90, "texture": "#2"},
				"west": {"uv": [3.3125, 0, 11.3125, 16], "rotation": 90, "texture": "#2"},
				"up": {"uv": [0, 0, 16, 16], "rotation": 270, "texture": "#2"},
				"down": {"uv": [0, 0, 16, 16], "rotation": 270, "texture": "#2"}
			}
		},
		{
			"from": [1, 3, 7],
			"to": [2, 5, 9],
			"rotation": {"angle": 0, "axis": "y", "origin": [-6, -3, 15]},
			"faces": {
				"north": {"uv": [3.3125, 0, 11.3125, 16], "texture": "#2"},
				"east": {"uv": [0, 0, 16, 16], "texture": "#2"},
				"south": {"uv": [3.3125, 0, 11.3125, 16], "texture": "#2"},
				"west": {"uv": [0, 0, 16, 16], "texture": "#2"},
				"up": {"uv": [3.3125, 0, 11.3125, 16], "rotation": 90, "texture": "#2"},
				"down": {"uv": [3.3125, 0, 11.3125, 16], "rotation": 90, "texture": "#2"}
			}
		},
		{
			"from": [2, 2, 7],
			"to": [3, 3, 9],
			"rotation": {"angle": 0, "axis": "y", "origin": [-5, -5, 15]},
			"faces": {
				"north": {"uv": [0, 0, 16, 16], "texture": "#2"},
				"east": {"uv": [3.3125, 0, 11.3125, 16], "rotation": 90, "texture": "#2"},
				"south": {"uv": [0, 0, 16, 16], "texture": "#2"},
				"west": {"uv": [3.3125, 0, 11.3125, 16], "rotation": 90, "texture": "#2"},
				"up": {"uv": [3.3125, 0, 11.3125, 16], "rotation": 90, "texture": "#2"},
				"down": {"uv": [3.3125, 0, 11.3125, 16], "rotation": 90, "texture": "#2"}
			}
		},
		{
			"from": [7, 15, 5],
			"to": [9, 16, 11],
			"rotation": {"angle": 0, "axis": "y", "origin": [1, 23, 12]},
			"faces": {
				"north": {"uv": [3.3125, 0, 11.3125, 16], "texture": "#2"},
				"east": {"uv": [1, 12.5, 13.6875, 13.6875], "texture": "#2"},
				"south": {"uv": [3.3125, 0, 11.3125, 16], "texture": "#2"},
				"west": {"uv": [1, 12.5, 13.6875, 13.6875], "texture": "#2"},
				"up": {"uv": [0, 0, 6, 2], "rotation": 270, "texture": "#missing"},
				"down": {"uv": [6.9375, 0.0625, 10.8125, 16], "rotation": 270, "texture": "#2"}
			}
		},
		{
			"from": [7, 5, 0],
			"to": [9, 11, 1.1],
			"rotation": {"angle": 0, "axis": "y", "origin": [1, 12, 8]},
			"faces": {
				"north": {"uv": [11, 0.0625, 15, 16], "texture": "#2"},
				"east": {"uv": [5.5625, 0.0625, 9.5625, 16], "texture": "#2"},
				"south": {"uv": [11, 0.0625, 15, 16], "texture": "#2"},
				"west": {"uv": [5.5625, 0.0625, 9.5625, 16], "texture": "#2"},
				"up": {"uv": [15.0625, 4.875, 16, 6.875], "rotation": 180, "texture": "#2"},
				"down": {"uv": [15.0625, 4.875, 16, 6.875], "rotation": 180, "texture": "#2"}
			}
		},
		{
			"from": [7, 5, 14.9],
			"to": [9, 11, 16],
			"rotation": {"angle": 0, "axis": "y", "origin": [1, 12, 23]},
			"faces": {
				"north": {"uv": [11, 0.0625, 15, 16], "texture": "#2"},
				"east": {"uv": [5.5625, 0.0625, 9.5625, 16], "texture": "#2"},
				"south": {"uv": [11, 0.0625, 15, 16], "texture": "#2"},
				"west": {"uv": [5.5625, 0.0625, 9.5625, 16], "texture": "#2"},
				"up": {"uv": [15.0625, 4.875, 16, 6.875], "rotation": 180, "texture": "#2"},
				"down": {"uv": [15.0625, 4.875, 16, 6.875], "rotation": 180, "texture": "#2"}
			}
		},
		{
			"from": [7, 0, 5],
			"to": [9, 1, 11],
			"rotation": {"angle": 0, "axis": "y", "origin": [1, 8, 12]},
			"faces": {
				"north": {"uv": [7.6875, 3, 13.6875, 4], "rotation": 180, "texture": "#2"},
				"east": {"uv": [7.6875, 3, 13.6875, 4], "rotation": 180, "texture": "#2"},
				"south": {"uv": [7.6875, 3, 13.6875, 4], "rotation": 180, "texture": "#2"},
				"west": {"uv": [7.6875, 3, 13.6875, 4], "rotation": 180, "texture": "#2"},
				"up": {"uv": [0.0625, 7.9375, 16, 11.9375], "rotation": 270, "texture": "#2"},
				"down": {"uv": [0, 0, 6, 2], "rotation": 270, "texture": "#missing"}
			}
		},
		{
			"from": [7, 1, 3],
			"to": [9, 2, 5],
			"rotation": {"angle": 0, "axis": "y", "origin": [1, 9, 11]},
			"faces": {
				"north": {"uv": [3.3125, 0, 11.3125, 16], "texture": "#2"},
				"east": {"uv": [3.3125, 0, 11.3125, 16], "texture": "#2"},
				"south": {"uv": [3.3125, 0, 11.3125, 16], "texture": "#2"},
				"west": {"uv": [3.3125, 0, 11.3125, 16], "texture": "#2"},
				"up": {"uv": [0, 0, 16, 16], "rotation": 270, "texture": "#2"},
				"down": {"uv": [0, 0, 16, 16], "rotation": 270, "texture": "#2"}
			}
		},
		{
			"from": [7, 2, 2],
			"to": [9, 3, 3],
			"rotation": {"angle": 0, "axis": "y", "origin": [1, 10, 10]},
			"faces": {
				"north": {"uv": [3.3125, 0, 11.3125, 16], "texture": "#2"},
				"east": {"uv": [0, 0, 16, 16], "texture": "#2"},
				"south": {"uv": [15.0625, 4.875, 16, 6.875], "rotation": 180, "texture": "#2"},
				"west": {"uv": [0, 0, 16, 16], "texture": "#2"},
				"up": {"uv": [14, 4.875, 16, 5.875], "rotation": 180, "texture": "#2"},
				"down": {"uv": [3.3125, 0, 11.3125, 16], "texture": "#2"}
			}
		},
		{
			"from": [7, 3, 1],
			"to": [9, 5, 2],
			"rotation": {"angle": 0, "axis": "y", "origin": [1, 11, 9]},
			"faces": {
				"north": {"uv": [0, 0, 16, 16], "texture": "#2"},
				"east": {"uv": [3.3125, 0, 11.3125, 16], "texture": "#2"},
				"south": {"uv": [0, 0, 16, 16], "texture": "#2"},
				"west": {"uv": [3.3125, 0, 11.3125, 16], "texture": "#2"},
				"up": {"uv": [3.3125, 0, 11.3125, 16], "rotation": 90, "texture": "#2"},
				"down": {"uv": [3.3125, 0, 11.3125, 16], "texture": "#2"}
			}
		},
		{
			"from": [7, 11, 1],
			"to": [9, 13, 2],
			"rotation": {"angle": 0, "axis": "y", "origin": [1, 5, 9]},
			"faces": {
				"north": {"uv": [0, 0, 16, 16], "texture": "#2"},
				"east": {"uv": [3.3125, 0, 11.3125, 16], "texture": "#2"},
				"south": {"uv": [0, 0, 16, 16], "texture": "#2"},
				"west": {"uv": [3.3125, 0, 11.3125, 16], "texture": "#2"},
				"up": {"uv": [3.3125, 0, 11.3125, 16], "texture": "#2"},
				"down": {"uv": [3.3125, 0, 11.3125, 16], "texture": "#2"}
			}
		},
		{
			"from": [7, 13, 2],
			"to": [9, 14, 3],
			"rotation": {"angle": 0, "axis": "y", "origin": [1, 6, 10]},
			"faces": {
				"north": {"uv": [3.3125, 0, 11.3125, 16], "texture": "#2"},
				"east": {"uv": [0, 0, 16, 16], "rotation": 270, "texture": "#2"},
				"south": {"uv": [3.3125, 0, 11.3125, 16], "texture": "#2"},
				"west": {"uv": [0, 0, 16, 16], "rotation": 270, "texture": "#2"},
				"up": {"uv": [3.3125, 0, 11.3125, 16], "texture": "#2"},
				"down": {"uv": [3.3125, 0, 11.3125, 16], "texture": "#2"}
			}
		},
		{
			"from": [7, 14, 3],
			"to": [9, 15, 5],
			"rotation": {"angle": 0, "axis": "y", "origin": [1, 7, 11]},
			"faces": {
				"north": {"uv": [3.3125, 0, 11.3125, 16], "texture": "#2"},
				"east": {"uv": [3.3125, 0, 11.3125, 16], "texture": "#2"},
				"south": {"uv": [3.3125, 0, 11.3125, 16], "texture": "#2"},
				"west": {"uv": [3.3125, 0, 11.3125, 16], "texture": "#2"},
				"up": {"uv": [0, 0, 16, 16], "texture": "#2"},
				"down": {"uv": [0, 0, 16, 16], "texture": "#2"}
			}
		},
		{
			"from": [7, 3, 14],
			"to": [9, 5, 15],
			"rotation": {"angle": 0, "axis": "y", "origin": [1, 11, 22]},
			"faces": {
				"north": {"uv": [0, 0, 16, 16], "texture": "#2"},
				"east": {"uv": [3.3125, 0, 11.3125, 16], "texture": "#2"},
				"south": {"uv": [0, 0, 16, 16], "texture": "#2"},
				"west": {"uv": [3.3125, 0, 11.3125, 16], "texture": "#2"},
				"up": {"uv": [3.3125, 0, 11.3125, 16], "rotation": 90, "texture": "#2"},
				"down": {"uv": [3.3125, 0, 11.3125, 16], "texture": "#2"}
			}
		},
		{
			"from": [7, 1, 11],
			"to": [9, 2, 13],
			"rotation": {"angle": 0, "axis": "y", "origin": [1, 9, 20]},
			"faces": {
				"north": {"uv": [3.3125, 0, 11.3125, 16], "texture": "#2"},
				"east": {"uv": [3.3125, 0, 11.3125, 16], "texture": "#2"},
				"south": {"uv": [3.3125, 0, 11.3125, 16], "texture": "#2"},
				"west": {"uv": [3.3125, 0, 11.3125, 16], "texture": "#2"},
				"up": {"uv": [0, 0, 16, 16], "rotation": 270, "texture": "#2"},
				"down": {"uv": [0, 0, 16, 16], "rotation": 270, "texture": "#2"}
			}
		},
		{
			"from": [7, 2, 13],
			"to": [9, 3, 14],
			"rotation": {"angle": 0, "axis": "y", "origin": [1, 10, 21]},
			"faces": {
				"north": {"uv": [15.0625, 4.875, 16, 6.875], "rotation": 180, "texture": "#2"},
				"east": {"uv": [0, 0, 16, 16], "texture": "#2"},
				"south": {"uv": [3.3125, 0, 11.3125, 16], "texture": "#2"},
				"west": {"uv": [0, 0, 16, 16], "texture": "#2"},
				"up": {"uv": [15.0625, 4.875, 16, 6.875], "rotation": 180, "texture": "#2"},
				"down": {"uv": [3.3125, 0, 11.3125, 16], "texture": "#2"}
			}
		},
		{
			"from": [7, 11, 14],
			"to": [9, 13, 15],
			"rotation": {"angle": 0, "axis": "y", "origin": [1, 19, 22]},
			"faces": {
				"north": {"uv": [0, 0, 16, 16], "texture": "#2"},
				"east": {"uv": [3.3125, 0, 11.3125, 16], "texture": "#2"},
				"south": {"uv": [0, 0, 16, 16], "texture": "#2"},
				"west": {"uv": [3.3125, 0, 11.3125, 16], "texture": "#2"},
				"up": {"uv": [3.3125, 0, 11.3125, 16], "texture": "#2"},
				"down": {"uv": [0, 0, 1, 2], "rotation": 270, "texture": "#missing"}
			}
		},
		{
			"from": [7, 14, 11],
			"to": [9, 15, 13],
			"rotation": {"angle": 0, "axis": "y", "origin": [1, 22, 19]},
			"faces": {
				"north": {"uv": [3.3125, 0, 11.3125, 16], "texture": "#2"},
				"east": {"uv": [3.3125, 0, 11.3125, 16], "texture": "#2"},
				"south": {"uv": [3.3125, 0, 11.3125, 16], "texture": "#2"},
				"west": {"uv": [3.3125, 0, 11.3125, 16], "texture": "#2"},
				"up": {"uv": [0, 0, 16, 16], "texture": "#2"},
				"down": {"uv": [0, 0, 16, 16], "texture": "#2"}
			}
		},
		{
			"from": [7, 13, 13],
			"to": [9, 14, 14],
			"rotation": {"angle": 0, "axis": "y", "origin": [1, 21, 21]},
			"faces": {
				"north": {"uv": [3.3125, 0, 11.3125, 16], "texture": "#2"},
				"east": {"uv": [0, 0, 16, 16], "rotation": 270, "texture": "#2"},
				"south": {"uv": [3.3125, 0, 11.3125, 16], "texture": "#2"},
				"west": {"uv": [0, 0, 16, 16], "rotation": 270, "texture": "#2"},
				"up": {"uv": [3.3125, 0, 11.3125, 16], "texture": "#2"},
				"down": {"uv": [3.3125, 0, 11.3125, 16], "texture": "#2"}
			}
		},
		{
			"from": [6, 6, 6],
			"to": [10, 10, 10],
			"rotation": {"angle": 0, "axis": "y", "origin": [14, 14, 17]},
			"faces": {
				"north": {"uv": [3, 3.5, 13, 13.5], "texture": "#1"},
				"east": {"uv": [3, 3.5, 13, 13.5], "texture": "#1"},
				"south": {"uv": [3, 3.5, 13, 13.5], "texture": "#1"},
				"west": {"uv": [3, 3.5, 13, 13.5], "texture": "#1"},
				"up": {"uv": [3, 3.5, 13, 13.5], "texture": "#1"},
				"down": {"uv": [3, 3.5, 13, 13.5], "texture": "#1"}
			}
		},
		{
			"from": [-0.5, 7, 0],
			"to": [0, 9, 16],
			"rotation": {"angle": 0, "axis": "y", "origin": [7.5, 15, 16]},
			"faces": {
				"north": {"uv": [0, 0, 0.5, 2], "texture": "#0"},
				"east": {"uv": [0, 7.5, 16, 9.5], "texture": "#0"},
				"south": {"uv": [0, 0, 0.5, 2], "texture": "#0"},
				"west": {"uv": [0, 7.5, 16, 9.5], "texture": "#0"},
				"up": {"uv": [0, 0, 0.5, 16], "texture": "#0"},
				"down": {"uv": [0, 0, 0.5, 16], "texture": "#0"}
			}
		},
		{
			"from": [0, 7, -0.5],
			"to": [16, 9, 0],
			"rotation": {"angle": 0, "axis": "y", "origin": [15, 15, 7]},
			"faces": {
				"north": {"uv": [0, 7.5, 16, 9.5], "texture": "#0"},
				"east": {"uv": [0, 0, 0.5, 2], "texture": "#0"},
				"south": {"uv": [0, 7.5, 16, 9.5], "texture": "#0"},
				"west": {"uv": [0, 0, 0.5, 2], "texture": "#0"},
				"up": {"uv": [0, 0, 16, 0.5], "texture": "#0"},
				"down": {"uv": [0, 0, 16, 0.5], "texture": "#0"}
			}
		},
		{
			"from": [16, 7, 0],
			"to": [16.5, 9, 16],
			"rotation": {"angle": 0, "axis": "y", "origin": [24, 15, 16]},
			"faces": {
				"north": {"uv": [0, 0, 0.5, 2], "texture": "#0"},
				"east": {"uv": [0, 7.5, 16, 9.5], "texture": "#0"},
				"south": {"uv": [0, 0, 0.5, 2], "texture": "#0"},
				"west": {"uv": [0, 7.5, 16, 9.5], "texture": "#0"},
				"up": {"uv": [0, 0, 0.5, 16], "texture": "#0"},
				"down": {"uv": [0, 0, 0.5, 16], "texture": "#0"}
			}
		},
		{
			"from": [0, 7, 16],
			"to": [16, 9, 16.5],
			"rotation": {"angle": 0, "axis": "y", "origin": [15, 15, 23.5]},
			"faces": {
				"north": {"uv": [0, 7.5, 16, 9.5], "texture": "#0"},
				"east": {"uv": [0, 0, 0.5, 2], "texture": "#0"},
				"south": {"uv": [0, 7.5, 16, 9.5], "texture": "#0"},
				"west": {"uv": [0, 0, 0.5, 2], "texture": "#0"},
				"up": {"uv": [0, 0, 16, 0.5], "texture": "#0"},
				"down": {"uv": [0, 0, 16, 0.5], "texture": "#0"}
			}
		},
		{
			"from": [0, -1, 0],
			"to": [16, 0, 16],
			"rotation": {"angle": 0, "axis": "y", "origin": [8, 7, 8]},
			"faces": {
				"north": {"uv": [0, 15, 16, 16], "texture": "#0"},
				"east": {"uv": [0, 15, 16, 16], "texture": "#0"},
				"south": {"uv": [0, 15, 16, 16], "texture": "#0"},
				"west": {"uv": [0, 15, 16, 16], "texture": "#0"},
				"up": {"uv": [0, 0, 16, 16], "texture": "#0"},
				"down": {"uv": [0, 0, 16, 16], "texture": "#0"}
			}
		},
		{
			"from": [0, 16, 0],
			"to": [16, 17, 16],
			"rotation": {"angle": 0, "axis": "y", "origin": [8, 24, 8]},
			"faces": {
				"north": {"uv": [0, 0, 16, 1], "texture": "#0"},
				"east": {"uv": [0, 0, 16, 1], "texture": "#0"},
				"south": {"uv": [0, 0, 16, 1], "texture": "#0"},
				"west": {"uv": [0, 0, 16, 1], "texture": "#0"},
				"up": {"uv": [0, 0, 16, 16], "texture": "#0"},
				"down": {"uv": [0, 0, 16, 16], "texture": "#0"}
			}
		},
		{
			"from": [0, 0, 0],
			"to": [2, 16, 2],
			"faces": {
				"north": {"uv": [14, 0.5, 16, 15.5], "texture": "#0"},
				"east": {"uv": [4, 0, 6, 16], "texture": "#0"},
				"south": {"uv": [4, 0, 6, 16], "texture": "#0"},
				"west": {"uv": [0, 0.5, 2, 15.5], "texture": "#0"},
				"up": {"uv": [0, 0, 2, 2], "texture": "#missing"},
				"down": {"uv": [0, 0, 2, 2], "texture": "#missing"}
			}
		},
		{
			"from": [14, 0, 0],
			"to": [16, 16, 2],
			"rotation": {"angle": 0, "axis": "y", "origin": [22, 8, 8]},
			"faces": {
				"north": {"uv": [0, 0.5, 2, 15.5], "texture": "#0"},
				"east": {"uv": [14, 0.5, 16, 15.5], "texture": "#0"},
				"south": {"uv": [4, 0, 6, 16], "texture": "#0"},
				"west": {"uv": [4, 0, 6, 16], "texture": "#0"},
				"up": {"uv": [0, 0, 2, 2], "texture": "#missing"},
				"down": {"uv": [0, 0, 2, 2], "texture": "#missing"}
			}
		},
		{
			"from": [14, 0, 14],
			"to": [16, 16, 16],
			"rotation": {"angle": 0, "axis": "y", "origin": [22, 8, 22]},
			"faces": {
				"north": {"uv": [4, 0, 6, 16], "texture": "#0"},
				"east": {"uv": [0, 0, 2, 16], "texture": "#0"},
				"south": {"uv": [14, 0, 16, 16], "texture": "#0"},
				"west": {"uv": [4, 0, 6, 16], "texture": "#0"},
				"up": {"uv": [0, 0, 2, 2], "texture": "#missing"},
				"down": {"uv": [0, 0, 2, 2], "texture": "#missing"}
			}
		},
		{
			"from": [0, 0, 14],
			"to": [2, 16, 16],
			"rotation": {"angle": 0, "axis": "y", "origin": [8, 8, 22]},
			"faces": {
				"north": {"uv": [4, 0, 6, 16], "texture": "#0"},
				"east": {"uv": [4, 0, 6, 16], "texture": "#0"},
				"south": {"uv": [0, 0.5, 2, 15.5], "texture": "#0"},
				"west": {"uv": [14, 0.5, 16, 15.5], "texture": "#0"},
				"up": {"uv": [0, 0, 2, 2], "texture": "#missing"},
				"down": {"uv": [0, 0, 2, 2], "texture": "#missing"}
			}
		}
	],
	"display": {
		"thirdperson_righthand": {
			"translation": [0, 4.25, 0],
			"scale": [0.5, 0.5, 0.5]
		},
		"thirdperson_lefthand": {
			"translation": [0, 4.25, 0],
			"scale": [0.5, 0.5, 0.5]
		},
		"firstperson_righthand": {
			"translation": [0, 4, 0],
			"scale": [0.5, 0.5, 0.5]
		},
		"firstperson_lefthand": {
			"translation": [0, 4, 0],
			"scale": [0.5, 0.5, 0.5]
		},
		"ground": {
			"translation": [0, 1.25, 0],
			"scale": [0.3, 0.3, 0.3]
		},
		"gui": {
			"rotation": [27, 20, 0],
			"translation": [-0.25, 1, 0],
			"scale": [0.5, 0.5, 0.5]
		},
		"head": {
			"translation": [0, 3, 0],
			"scale": [1.4, 1.4, 1.4]
		},
		"fixed": {
			"translation": [0, 0, -2]
		}
	},
	"groups": [
		{
			"name": "group",
			"origin": [8, 8, 8],
			"children": [0, 1, 2, 3, 4, 5, 6, 7, 8, 9, 10, 11, 12, 13, 14, 15]
		},
		{
			"name": "group",
			"origin": [8, 8, 8],
			"children": [16, 17, 18, 19, 20, 21, 22, 23, 24, 25, 26, 27, 28, 29, 30, 31]
		},
		{
			"name": "group",
			"origin": [8, 8, 8],
			"children": [32, 33, 34, 35, 36, 37, 38, 39, 40, 41, 42, 43, 44, 45, 46, 47]
		},
		{
			"name": "group",
			"origin": [14, 14, 17],
			"children": [48, 49, 50, 51, 52]
		}, 53, 54, 55, 56, 57, 58]
}