{
	"credit": "Made with Blockbench",
	"textures": {
		"0": "guis/back_arrow",
		"particle": "guis/back_arrow"
	},
	"elements": [
		{
			"from": [-1, -1, 0],
			"to": [17, 17, 1],
			"rotation": {"angle": 0, "axis": "y", "origin": [7, 7, 8]},
			"faces": {
				"north": {"uv": [0, 0, 15.978, 15.949], "texture": "#0"},
				"east": {"uv": [0, 0, 1, 16], "texture": "#missing"},
				"south": {"uv": [0, 0, 16, 16], "texture": "#missing"},
				"west": {"uv": [0, 0, 1, 16], "texture": "#missing"},
				"up": {"uv": [0, 0, 16, 1], "texture": "#missing"},
				"down": {"uv": [0, 0, 16, 1], "texture": "#missing"}
			}
		}
	],
	"gui_light": "front",
	"display": {
		"gui": {
			"rotation": [0, -180, 0]
		}
	}
}