{
	"credit": "Made with Blockbench",
	"textures": {
		"layer0": "item/battery"
	},
	"elements": [
		{
			"from": [4, 0, 3],
			"to": [12, 1, 4],
			"rotation": {"angle": 0, "axis": "y", "origin": [12, 8, 11]},
			"faces": {
				"north": {"uv": [0, 1, 1, 13], "texture": "#layer0"},
				"east": {"uv": [0, 1, 1, 13], "texture": "#layer0"},
				"south": {"uv": [0, 1, 1, 13], "texture": "#layer0"},
				"west": {"uv": [0, 1, 1, 13], "texture": "#layer0"},
				"up": {"uv": [0, 1, 1, 13], "texture": "#layer0"},
				"down": {"uv": [0, 1, 1, 13], "texture": "#layer0"}
			}
		},
		{
			"from": [4, 8, 3],
			"to": [12, 9, 4],
			"rotation": {"angle": 0, "axis": "y", "origin": [12, 16, 11]},
			"faces": {
				"north": {"uv": [0, 1, 1, 13], "texture": "#layer0"},
				"east": {"uv": [0, 0, 1, 1], "texture": "#missing"},
				"south": {"uv": [4, 1, 12, 2], "texture": "#layer0"},
				"west": {"uv": [0, 0, 1, 1], "texture": "#missing"},
				"up": {"uv": [0, 1, 1, 13], "texture": "#layer0"},
				"down": {"uv": [0, 1, 1, 13], "texture": "#layer0"}
			}
		},
		{
			"from": [4, 13, 3],
			"to": [12, 14, 4],
			"rotation": {"angle": 0, "axis": "y", "origin": [12, 21, 11]},
			"faces": {
				"north": {"uv": [0, 1, 1, 13], "texture": "#layer0"},
				"east": {"uv": [0, 1, 1, 13], "texture": "#layer0"},
				"south": {"uv": [0, 1, 1, 13], "texture": "#layer0"},
				"west": {"uv": [0, 1, 1, 13], "texture": "#layer0"},
				"up": {"uv": [0, 1, 1, 13], "texture": "#layer0"},
				"down": {"uv": [0, 1, 1, 13], "texture": "#layer0"}
			}
		},
		{
			"from": [3, 1, 3],
			"to": [4, 13, 4],
			"rotation": {"angle": 0, "axis": "y", "origin": [11, 9, 11]},
			"faces": {
				"north": {"uv": [0, 1, 1, 13], "texture": "#layer0"},
				"east": {"uv": [0, 1, 1, 13], "texture": "#layer0"},
				"south": {"uv": [0, 1, 1, 13], "texture": "#layer0"},
				"west": {"uv": [0, 1, 1, 13], "texture": "#layer0"},
				"up": {"uv": [0, 1, 1, 13], "texture": "#layer0"},
				"down": {"uv": [0, 1, 1, 13], "texture": "#layer0"}
			}
		},
		{
			"from": [12, 1, 3],
			"to": [13, 13, 4],
			"rotation": {"angle": 0, "axis": "y", "origin": [20, 9, 11]},
			"faces": {
				"north": {"uv": [0, 1, 1, 13], "texture": "#layer0"},
				"east": {"uv": [0, 1, 1, 13], "texture": "#layer0"},
				"south": {"uv": [0, 1, 1, 13], "texture": "#layer0"},
				"west": {"uv": [0, 1, 1, 13], "texture": "#layer0"},
				"up": {"uv": [0, 1, 1, 13], "texture": "#layer0"},
				"down": {"uv": [0, 1, 1, 13], "texture": "#layer0"}
			}
		},
		{
			"from": [3, 1, 12],
			"to": [4, 13, 13],
			"rotation": {"angle": 0, "axis": "y", "origin": [11, 9, 20]},
			"faces": {
				"north": {"uv": [0, 1, 1, 13], "texture": "#layer0"},
				"east": {"uv": [0, 1, 1, 13], "texture": "#layer0"},
				"south": {"uv": [0, 0, 1, 12], "texture": "#layer0"},
				"west": {"uv": [0, 2, 1, 14], "texture": "#layer0"},
				"up": {"uv": [0, 1, 1, 13], "texture": "#layer0"},
				"down": {"uv": [0, 1, 1, 13], "texture": "#layer0"}
			}
		},
		{
			"from": [12, 1, 12],
			"to": [13, 13, 13],
			"rotation": {"angle": 0, "axis": "y", "origin": [20, 9, 20]},
			"faces": {
				"north": {"uv": [0, 1, 1, 13], "texture": "#layer0"},
				"east": {"uv": [0, 1, 1, 13], "texture": "#layer0"},
				"south": {"uv": [0, 1, 1, 13], "texture": "#layer0"},
				"west": {"uv": [0, 1, 1, 13], "texture": "#layer0"},
				"up": {"uv": [0, 1, 1, 13], "texture": "#layer0"},
				"down": {"uv": [0, 1, 1, 13], "texture": "#layer0"}
			}
		},
		{
			"from": [3, 0, 4],
			"to": [4, 1, 12],
			"rotation": {"angle": 0, "axis": "y", "origin": [11, 8, 12]},
			"faces": {
				"north": {"uv": [0, 1, 1, 13], "texture": "#layer0"},
				"east": {"uv": [0, 1, 1, 13], "texture": "#layer0"},
				"south": {"uv": [0, 1, 1, 13], "texture": "#layer0"},
				"west": {"uv": [0, 1, 1, 13], "texture": "#layer0"},
				"up": {"uv": [0, 1, 1, 13], "texture": "#layer0"},
				"down": {"uv": [0, 1, 1, 13], "texture": "#layer0"}
			}
		},
		{
			"from": [12, 0, 4],
			"to": [13, 1, 12],
			"rotation": {"angle": 0, "axis": "y", "origin": [20, 8, 12]},
			"faces": {
				"north": {"uv": [0, 1, 1, 13], "texture": "#layer0"},
				"east": {"uv": [0, 1, 1, 13], "texture": "#layer0"},
				"south": {"uv": [0, 1, 1, 13], "texture": "#layer0"},
				"west": {"uv": [0, 1, 1, 13], "texture": "#layer0"},
				"up": {"uv": [0, 1, 1, 13], "texture": "#layer0"},
				"down": {"uv": [0, 1, 1, 13], "texture": "#layer0"}
			}
		},
		{
			"from": [4, 0, 12],
			"to": [12, 1, 13],
			"rotation": {"angle": 0, "axis": "y", "origin": [12, 8, 20]},
			"faces": {
				"north": {"uv": [0, 1, 1, 13], "texture": "#layer0"},
				"east": {"uv": [0, 1, 1, 13], "texture": "#layer0"},
				"south": {"uv": [0, 1, 1, 13], "texture": "#layer0"},
				"west": {"uv": [0, 1, 1, 13], "texture": "#layer0"},
				"up": {"uv": [0, 1, 1, 13], "texture": "#layer0"},
				"down": {"uv": [0, 1, 1, 13], "texture": "#layer0"}
			}
		},
		{
			"from": [4, 8, 12],
			"to": [12, 9, 13],
			"rotation": {"angle": 0, "axis": "y", "origin": [12, 16, 20]},
			"faces": {
				"north": {"uv": [4, 1, 12, 2], "texture": "#layer0"},
				"east": {"uv": [0, 0, 1, 1], "texture": "#layer0"},
				"south": {"uv": [0, 1, 1, 13], "texture": "#layer0"},
				"west": {"uv": [0, 0, 1, 1], "texture": "#layer0"},
				"up": {"uv": [0, 1, 1, 13], "texture": "#layer0"},
				"down": {"uv": [0, 1, 1, 13], "texture": "#layer0"}
			}
		},
		{
			"from": [4, 13, 12],
			"to": [12, 14, 13],
			"rotation": {"angle": 0, "axis": "y", "origin": [12, 21, 20]},
			"faces": {
				"north": {"uv": [0, 1, 1, 13], "texture": "#layer0"},
				"east": {"uv": [0, 1, 1, 13], "texture": "#layer0"},
				"south": {"uv": [0, 1, 1, 13], "texture": "#layer0"},
				"west": {"uv": [0, 1, 1, 13], "texture": "#layer0"},
				"up": {"uv": [0, 1, 1, 13], "texture": "#layer0"},
				"down": {"uv": [0, 1, 1, 13], "texture": "#layer0"}
			}
		},
		{
			"from": [12, 8, 4],
			"to": [13, 9, 12],
			"rotation": {"angle": 0, "axis": "y", "origin": [20, 16, 12]},
			"faces": {
				"north": {"uv": [0, 0, 1, 1], "texture": "#missing"},
				"east": {"uv": [0, 1, 1, 13], "texture": "#layer0"},
				"south": {"uv": [0, 0, 1, 1], "texture": "#missing"},
				"west": {"uv": [4, 1, 12, 2], "texture": "#layer0"},
				"up": {"uv": [0, 1, 1, 13], "texture": "#layer0"},
				"down": {"uv": [0, 1, 1, 13], "texture": "#layer0"}
			}
		},
		{
			"from": [12, 13, 4],
			"to": [13, 14, 12],
			"rotation": {"angle": 0, "axis": "y", "origin": [20, 21, 12]},
			"faces": {
				"north": {"uv": [0, 1, 1, 13], "texture": "#layer0"},
				"east": {"uv": [0, 1, 1, 13], "texture": "#layer0"},
				"south": {"uv": [0, 1, 1, 13], "texture": "#layer0"},
				"west": {"uv": [0, 1, 1, 13], "texture": "#layer0"},
				"up": {"uv": [0, 1, 1, 13], "texture": "#layer0"},
				"down": {"uv": [0, 1, 1, 13], "texture": "#layer0"}
			}
		},
		{
			"from": [3, 8, 4],
			"to": [4, 9, 12],
			"rotation": {"angle": 0, "axis": "y", "origin": [11, 16, 12]},
			"faces": {
				"north": {"uv": [0, 0, 1, 1], "texture": "#missing"},
				"east": {"uv": [4, 1, 12, 2], "texture": "#layer0"},
				"south": {"uv": [0, 0, 1, 1], "texture": "#missing"},
				"west": {"uv": [0, 1, 1, 13], "texture": "#layer0"},
				"up": {"uv": [0, 1, 1, 13], "texture": "#layer0"},
				"down": {"uv": [0, 1, 1, 13], "texture": "#layer0"}
			}
		},
		{
			"from": [3, 13, 4],
			"to": [4, 14, 12],
			"rotation": {"angle": 0, "axis": "y", "origin": [11, 21, 12]},
			"faces": {
				"north": {"uv": [0, 1, 1, 13], "texture": "#layer0"},
				"east": {"uv": [0, 1, 1, 13], "texture": "#layer0"},
				"south": {"uv": [0, 1, 1, 13], "texture": "#layer0"},
				"west": {"uv": [0, 1, 1, 13], "texture": "#layer0"},
				"up": {"uv": [0, 1, 1, 13], "texture": "#layer0"},
				"down": {"uv": [0, 1, 1, 13], "texture": "#layer0"}
			}
		},
		{
			"from": [7, 11, 12],
			"to": [9, 12, 13],
			"rotation": {"angle": 0, "axis": "y", "origin": [15, 19, 19]},
			"faces": {
				"north": {"uv": [4, 1, 6, 2], "texture": "#layer0"},
				"east": {"uv": [0, 1.5, 1, 2.5], "texture": "#layer0"},
				"south": {"uv": [0, 1.5, 2, 2.5], "texture": "#layer0"},
				"west": {"uv": [0, 2, 1, 3], "texture": "#layer0"},
				"up": {"uv": [0, 1, 2, 2], "texture": "#layer0"},
				"down": {"uv": [0, 0.5, 2, 1.5], "texture": "#layer0"}
			}
		},
		{
			"from": [7, 11, 3],
			"to": [9, 12, 4],
			"rotation": {"angle": 0, "axis": "y", "origin": [15, 19, 10]},
			"faces": {
				"north": {"uv": [0, 1, 2, 2], "texture": "#layer0"},
				"east": {"uv": [0, 2, 1, 3], "texture": "#layer0"},
				"south": {"uv": [4, 1, 6, 2], "texture": "#layer0"},
				"west": {"uv": [0, 2, 1, 3], "texture": "#layer0"},
				"up": {"uv": [0, 1, 2, 2], "texture": "#layer0"},
				"down": {"uv": [0, 1.5, 2, 2.5], "texture": "#layer0"}
			}
		},
		{
			"from": [12, 11, 7],
			"to": [13, 12, 9],
			"rotation": {"angle": 0, "axis": "y", "origin": [20, 19, 15]},
			"faces": {
				"north": {"uv": [0, 1.5, 1, 2.5], "texture": "#layer0"},
				"east": {"uv": [0, 0.5, 2, 1.5], "texture": "#layer0"},
				"south": {"uv": [0, 3, 1, 4], "texture": "#layer0"},
				"west": {"uv": [4, 1, 6, 2], "texture": "#layer0"},
				"up": {"uv": [0, 1.5, 1, 3.5], "texture": "#layer0"},
				"down": {"uv": [0, 2.5, 1, 4.5], "texture": "#layer0"}
			}
		},
		{
			"from": [3, 11, 7],
			"to": [4, 12, 9],
			"rotation": {"angle": 0, "axis": "y", "origin": [11, 19, 15]},
			"faces": {
				"north": {"uv": [0, 2, 1, 3], "texture": "#layer0"},
				"east": {"uv": [4, 1, 6, 2], "texture": "#layer0"},
				"south": {"uv": [0, 2, 1, 3], "texture": "#layer0"},
				"west": {"uv": [0, 0.5, 2, 1.5], "texture": "#layer0"},
				"up": {"uv": [0, 1, 1, 3], "texture": "#layer0"},
				"down": {"uv": [0, 2.5, 1, 4.5], "texture": "#layer0"}
			}
		},
		{
			"from": [4, 1, 4],
			"to": [12, 8, 12],
			"rotation": {"angle": 0, "axis": "y", "origin": [12, 9, 12]},
			"faces": {
				"north": {"uv": [9, 6, 11.5, 13], "texture": "#layer0"},
				"east": {"uv": [9, 6, 11.5, 13], "texture": "#layer0"},
				"south": {"uv": [9, 6, 11.5, 13], "texture": "#layer0"},
				"west": {"uv": [9, 6, 11.5, 13], "texture": "#layer0"},
				"up": {"uv": [0, 0, 8, 8], "texture": "#missing"},
				"down": {"uv": [0, 1, 1, 13], "texture": "#layer0"}
			}
		},
		{
			"from": [4, 9, 4],
			"to": [12, 13, 12],
			"rotation": {"angle": 0, "axis": "y", "origin": [12, 17, 12]},
			"faces": {
				"north": {"uv": [12.5, 3, 16, 4.5], "texture": "#layer0"},
				"east": {"uv": [12.5, 3, 16, 4.5], "texture": "#layer0"},
				"south": {"uv": [12.5, 3, 16, 4.5], "texture": "#layer0"},
				"west": {"uv": [12.5, 3, 16, 4.5], "texture": "#layer0"},
				"up": {"uv": [12.5, 3, 16, 4.5], "texture": "#layer0"},
				"down": {"uv": [0, 0, 8, 8], "texture": "#missing"}
			}
		}
	],
	"display": {
		"thirdperson_righthand": {
			"translation": [0, 4.75, 0],
			"scale": [0.6, 0.6, 0.6]
		},
		"thirdperson_lefthand": {
			"translation": [0, 4.75, 0],
			"scale": [0.6, 0.6, 0.6]
		},
		"firstperson_righthand": {
			"translation": [0, 2.5, 0],
			"scale": [0.6, 0.6, 0.6]
		},
		"firstperson_lefthand": {
			"translation": [0, 2.5, 0],
			"scale": [0.6, 0.6, 0.6]
		},
		"ground": {
			"translation": [0, 1, 0],
			"scale": [0.6, 0.6, 0.6]
		},
		"gui": {
			"rotation": [10, 24, 0]
		},
		"head": {
			"translation": [0, 14.25, 0]
		},
		"fixed": {
			"translation": [0, 0, -4.25]
		}
	},
	"groups": [
		{
			"name": "outline",
			"origin": [8, 7, 1],
			"children": [0, 1, 2, 3, 4, 5, 6, 7, 8, 9, 10, 11, 12, 13, 14, 15, 16, 17, 18, 19]
		},
		{
			"name": "interior",
			"origin": [8, 8, 8],
			"children": [20, 21]
		}
	]
}