{
	"credit": "Made with Blockbench",
	"texture_size": [64, 32],
	"textures": {
		"0": "models/capacitor",
		"particle": "models/capacitor"
	},
	"elements": [
		{
			"from": [6, 0, 8],
			"to": [7, 4, 9],
			"rotation": {"angle": 0, "axis": "y", "origin": [14, 8, 16]},
			"faces": {
				"north": {"uv": [8.25, 0, 16, 16], "rotation": 180, "texture": "#0"},
				"east": {"uv": [8.25, 0, 16, 16], "rotation": 180, "texture": "#0"},
				"south": {"uv": [8.25, 0, 16, 16], "rotation": 180, "texture": "#0"},
				"west": {"uv": [8.25, 0, 16, 16], "rotation": 180, "texture": "#0"},
				"up": {"uv": [0, 0, 1, 1], "texture": "#missing"},
				"down": {"uv": [15, 0, 16, 1], "texture": "#0"}
			}
		},
		{
			"from": [8, 0, 8],
			"to": [9, 4, 9],
			"rotation": {"angle": 0, "axis": "y", "origin": [16, 8, 16]},
			"faces": {
				"north": {"uv": [8.25, 0, 16, 16], "rotation": 180, "texture": "#0"},
				"east": {"uv": [8.25, 0, 16, 16], "rotation": 180, "texture": "#0"},
				"south": {"uv": [8.25, 0, 16, 16], "rotation": 180, "texture": "#0"},
				"west": {"uv": [8.25, 0, 16, 16], "rotation": 180, "texture": "#0"},
				"up": {"uv": [0, 0, 1, 1], "texture": "#missing"},
				"down": {"uv": [15, 0, 16, 1], "texture": "#0"}
			}
		},
		{
			"from": [6, 4, 7],
			"to": [9, 5, 10],
			"rotation": {"angle": 0, "axis": "y", "origin": [16, 12, 17]},
			"faces": {
				"north": {"uv": [8.25, 7.5, 16, 8], "texture": "#0"},
				"east": {"uv": [8.25, 7.5, 16, 8], "texture": "#0"},
				"south": {"uv": [8.25, 7.5, 16, 8], "texture": "#0"},
				"west": {"uv": [8.25, 7.5, 16, 8], "texture": "#0"},
				"up": {"uv": [0, 0, 3, 3], "texture": "#missing"},
				"down": {"uv": [8.25, 7.5, 16, 8], "texture": "#0"}
			}
		},
		{
			"from": [6, 13, 7],
			"to": [9, 14, 10],
			"rotation": {"angle": 0, "axis": "y", "origin": [16, 21, 17]},
			"faces": {
				"north": {"uv": [8.25, 0, 16, 16], "texture": "#0"},
				"east": {"uv": [8.25, 0, 16, 16], "texture": "#0"},
				"south": {"uv": [8.25, 0, 16, 16], "texture": "#0"},
				"west": {"uv": [8.25, 0, 16, 16], "texture": "#0"},
				"up": {"uv": [8.25, 7.5, 16, 8], "texture": "#0"},
				"down": {"uv": [0, 0, 3, 3], "texture": "#missing"}
			}
		},
		{
			"from": [6, 6, 7],
			"to": [9, 7.25, 10],
			"rotation": {"angle": 0, "axis": "y", "origin": [16, 14, 17]},
			"faces": {
				"north": {"uv": [8.25, 0, 16, 15.75], "texture": "#0"},
				"east": {"uv": [8.25, 0, 16, 15.75], "texture": "#0"},
				"south": {"uv": [8.25, 0, 16, 15.75], "texture": "#0"},
				"west": {"uv": [8.25, 0, 16, 15.75], "texture": "#0"},
				"up": {"uv": [0, 0, 3, 3], "texture": "#missing"},
				"down": {"uv": [0, 0, 3, 3], "texture": "#missing"}
			}
		},
		{
			"from": [5, 5, 7],
			"to": [10, 6, 10],
			"rotation": {"angle": 0, "axis": "y", "origin": [15, 13, 17]},
			"faces": {
				"north": {"uv": [8.25, 0, 16, 15.75], "texture": "#0"},
				"east": {"uv": [8.25, 0, 16, 15.75], "texture": "#0"},
				"south": {"uv": [8.25, 0, 16, 15.75], "texture": "#0"},
				"west": {"uv": [8.25, 0, 16, 15.75], "texture": "#0"},
				"up": {"uv": [8.25, 0, 16, 0.75], "texture": "#0"},
				"down": {"uv": [0, 0, 5, 3], "texture": "#missing"}
			}
		},
		{
			"from": [9, 4.5, 7],
			"to": [9.5, 5, 10],
			"rotation": {"angle": 0, "axis": "y", "origin": [16, 12, 17]},
			"faces": {
				"north": {"uv": [8.25, 7.5, 16, 8], "texture": "#0"},
				"east": {"uv": [8.25, 7.5, 16, 8], "texture": "#0"},
				"south": {"uv": [8.25, 7.5, 16, 8], "texture": "#0"},
				"west": {"uv": [0, 0, 3, 0.5], "texture": "#missing"},
				"up": {"uv": [0, 0, 0.5, 3], "texture": "#missing"},
				"down": {"uv": [8.25, 7.5, 16, 8], "texture": "#0"}
			}
		},
		{
			"from": [5.5, 4.5, 7],
			"to": [6, 5, 10],
			"rotation": {"angle": 0, "axis": "y", "origin": [12.5, 12, 17]},
			"faces": {
				"north": {"uv": [8.25, 7.5, 16, 8], "texture": "#0"},
				"east": {"uv": [0, 0, 3, 0.5], "texture": "#missing"},
				"south": {"uv": [8.25, 7.5, 16, 8], "texture": "#0"},
				"west": {"uv": [8.25, 7.5, 16, 8], "texture": "#0"},
				"up": {"uv": [0, 0, 0.5, 3], "texture": "#missing"},
				"down": {"uv": [8.25, 7.5, 16, 8], "texture": "#0"}
			}
		},
		{
			"from": [5.5, 6, 7],
			"to": [6, 6.5, 10],
			"rotation": {"angle": 0, "axis": "y", "origin": [12.5, 13.5, 17]},
			"faces": {
				"north": {"uv": [0, 0, 0.5, 0.5], "texture": "#0"},
				"east": {"uv": [0, 0, 3, 0.5], "texture": "#missing"},
				"south": {"uv": [0, 0, 0.5, 0.5], "texture": "#0"},
				"west": {"uv": [0, 0, 3, 0.5], "texture": "#0"},
				"up": {"uv": [0, 0, 0.5, 3], "texture": "#0"},
				"down": {"uv": [0, 0, 0.5, 3], "texture": "#missing"}
			}
		},
		{
			"from": [5.5, 6.75, 7],
			"to": [6, 7.25, 10],
			"rotation": {"angle": 0, "axis": "y", "origin": [12.5, 14.25, 17]},
			"faces": {
				"north": {"uv": [0, 0, 0.5, 0.5], "texture": "#0"},
				"east": {"uv": [0, 0, 3, 0.5], "texture": "#missing"},
				"south": {"uv": [0, 0, 0.5, 0.5], "texture": "#0"},
				"west": {"uv": [0, 0, 3, 0.5], "texture": "#0"},
				"up": {"uv": [0, 0, 0.5, 3], "texture": "#missing"},
				"down": {"uv": [0, 0, 0.5, 3], "texture": "#0"}
			}
		},
		{
			"from": [9, 6.75, 7],
			"to": [9.5, 7.25, 10],
			"rotation": {"angle": 0, "axis": "y", "origin": [16, 14.25, 17]},
			"faces": {
				"north": {"uv": [0, 0, 0.5, 0.5], "texture": "#0"},
				"east": {"uv": [0, 0, 3, 0.5], "texture": "#0"},
				"south": {"uv": [0, 0, 0.5, 0.5], "texture": "#0"},
				"west": {"uv": [0, 0, 3, 0.5], "texture": "#missing"},
				"up": {"uv": [0, 0, 0.5, 3], "texture": "#missing"},
				"down": {"uv": [0, 0, 0.5, 3], "texture": "#0"}
			}
		},
		{
			"from": [9, 6, 7],
			"to": [9.5, 6.5, 10],
			"rotation": {"angle": 0, "axis": "y", "origin": [16, 13.5, 17]},
			"faces": {
				"north": {"uv": [0, 0, 0.5, 0.5], "texture": "#0"},
				"east": {"uv": [0, 0, 3, 0.5], "texture": "#0"},
				"south": {"uv": [0, 0, 0.5, 0.5], "texture": "#0"},
				"west": {"uv": [0, 0, 3, 0.5], "texture": "#missing"},
				"up": {"uv": [0, 0, 0.5, 3], "texture": "#0"},
				"down": {"uv": [0, 0, 0.5, 3], "texture": "#missing"}
			}
		},
		{
			"from": [5, 7.25, 7],
			"to": [10, 13, 10],
			"rotation": {"angle": 0, "axis": "y", "origin": [15, 15, 17]},
			"faces": {
				"north": {"uv": [8.25, 4.5, 16, 5], "texture": "#0"},
				"east": {"uv": [8.25, 0, 16, 11.75], "texture": "#0"},
				"south": {"uv": [8.25, 4.5, 16, 5], "texture": "#0"},
				"west": {"uv": [8.25, 0, 16, 11.75], "texture": "#0"},
				"up": {"uv": [11, 0, 16, 3], "texture": "#0"},
				"down": {"uv": [13, 15, 16, 16], "texture": "#0"}
			}
		},
		{
			"from": [6, 5, 10],
			"to": [9, 6, 11],
			"rotation": {"angle": 0, "axis": "y", "origin": [16, 13, 20]},
			"faces": {
				"north": {"uv": [0, 0, 3, 1], "texture": "#missing"},
				"east": {"uv": [8.25, 0, 16, 15.75], "texture": "#0"},
				"south": {"uv": [8.25, 0, 16, 15.75], "texture": "#0"},
				"west": {"uv": [8.25, 0, 16, 15.75], "texture": "#0"},
				"up": {"uv": [8.25, 0, 16, 0.75], "texture": "#0"},
				"down": {"uv": [0, 0, 3, 1], "texture": "#missing"}
			}
		},
		{
			"from": [6, 6, 10],
			"to": [9, 6.5, 10.5],
			"rotation": {"angle": 0, "axis": "y", "origin": [16, 14, 20]},
			"faces": {
				"north": {"uv": [0, 0, 3, 0.5], "texture": "#missing"},
				"east": {"uv": [0, 0, 0.5, 0.5], "texture": "#0"},
				"south": {"uv": [0, 0, 3, 0.5], "texture": "#0"},
				"west": {"uv": [0, 0, 0.5, 0.5], "texture": "#0"},
				"up": {"uv": [0, 0, 3, 0.5], "texture": "#0"},
				"down": {"uv": [0, 0, 3, 0.5], "texture": "#missing"}
			}
		},
		{
			"from": [6, 6.75, 10],
			"to": [9, 7.25, 10.5],
			"rotation": {"angle": 0, "axis": "y", "origin": [16, 14.75, 20]},
			"faces": {
				"north": {"uv": [0, 0, 3, 0.5], "texture": "#missing"},
				"east": {"uv": [0, 0, 0.5, 0.5], "texture": "#0"},
				"south": {"uv": [0, 0, 3, 0.5], "texture": "#0"},
				"west": {"uv": [0, 0, 0.5, 0.5], "texture": "#0"},
				"up": {"uv": [0, 0, 3, 0.5], "texture": "#missing"},
				"down": {"uv": [0, 0, 3, 0.5], "texture": "#0"}
			}
		},
		{
			"from": [6, 6.75, 6.5],
			"to": [9, 7.25, 7],
			"rotation": {"angle": 0, "axis": "y", "origin": [16, 14.75, 16.5]},
			"faces": {
				"north": {"uv": [0, 0, 3, 0.5], "texture": "#0"},
				"east": {"uv": [0, 0, 0.5, 0.5], "texture": "#0"},
				"south": {"uv": [0, 0, 3, 0.5], "texture": "#missing"},
				"west": {"uv": [0, 0, 0.5, 0.5], "texture": "#0"},
				"up": {"uv": [0, 0, 3, 0.5], "texture": "#missing"},
				"down": {"uv": [0, 0, 3, 0.5], "texture": "#0"}
			}
		},
		{
			"from": [6, 13, 6.5],
			"to": [9, 13.5, 7],
			"rotation": {"angle": 0, "axis": "y", "origin": [16, 20.95, 16.5]},
			"faces": {
				"north": {"uv": [0, 0, 3, 0.5], "texture": "#0"},
				"east": {"uv": [0, 0, 0.5, 0.5], "texture": "#0"},
				"south": {"uv": [0, 0, 3, 0.5], "texture": "#missing"},
				"west": {"uv": [0, 0, 0.5, 0.5], "texture": "#0"},
				"up": {"uv": [0, 0, 3, 0.5], "texture": "#0"},
				"down": {"uv": [0, 0, 3, 0.5], "texture": "#missing"}
			}
		},
		{
			"from": [6, 13, 10],
			"to": [9, 13.5, 10.5],
			"rotation": {"angle": 0, "axis": "y", "origin": [16, 20.95, 20]},
			"faces": {
				"north": {"uv": [0, 0, 3, 0.5], "texture": "#missing"},
				"east": {"uv": [0, 0, 0.5, 0.5], "texture": "#0"},
				"south": {"uv": [0, 0, 3, 0.5], "texture": "#0"},
				"west": {"uv": [0, 0, 0.5, 0.5], "texture": "#0"},
				"up": {"uv": [0, 0, 3, 0.5], "texture": "#0"},
				"down": {"uv": [0, 0, 3, 0.5], "texture": "#missing"}
			}
		},
		{
			"from": [9, 13, 7],
			"to": [9.5, 13.5, 10],
			"rotation": {"angle": 0, "axis": "y", "origin": [19, 20.95, 17]},
			"faces": {
				"north": {"uv": [0, 0, 0.5, 0.5], "texture": "#0"},
				"east": {"uv": [0, 0, 3, 0.5], "texture": "#0"},
				"south": {"uv": [0, 0, 0.5, 0.5], "texture": "#0"},
				"west": {"uv": [0, 0, 3, 0.5], "texture": "#missing"},
				"up": {"uv": [0, 0, 0.5, 3], "texture": "#0"},
				"down": {"uv": [0, 0, 0.5, 3], "texture": "#missing"}
			}
		},
		{
			"from": [5.5, 13, 7],
			"to": [6, 13.5, 10],
			"rotation": {"angle": 0, "axis": "y", "origin": [15.5, 20.95, 17]},
			"faces": {
				"north": {"uv": [0, 0, 0.5, 0.5], "texture": "#0"},
				"east": {"uv": [0, 0, 3, 0.5], "texture": "#missing"},
				"south": {"uv": [0, 0, 0.5, 0.5], "texture": "#0"},
				"west": {"uv": [0, 0, 3, 0.5], "texture": "#0"},
				"up": {"uv": [0, 0, 0.5, 3], "texture": "#0"},
				"down": {"uv": [0, 0, 0.5, 3], "texture": "#missing"}
			}
		},
		{
			"from": [6, 6, 6.5],
			"to": [9, 6.5, 7],
			"rotation": {"angle": 0, "axis": "y", "origin": [16, 14, 16.5]},
			"faces": {
				"north": {"uv": [0, 0, 3, 0.5], "texture": "#0"},
				"east": {"uv": [0, 0, 0.5, 0.5], "texture": "#0"},
				"south": {"uv": [0, 0, 3, 0.5], "texture": "#missing"},
				"west": {"uv": [0, 0, 0.5, 0.5], "texture": "#0"},
				"up": {"uv": [0, 0, 3, 0.5], "texture": "#0"},
				"down": {"uv": [0, 0, 3, 0.5], "texture": "#missing"}
			}
		},
		{
			"from": [6, 4.5, 6.5],
			"to": [9, 5, 7],
			"rotation": {"angle": 0, "axis": "y", "origin": [16, 12.5, 16.5]},
			"faces": {
				"north": {"uv": [8.25, 7.5, 16, 8], "texture": "#0"},
				"east": {"uv": [8.25, 7.5, 16, 8], "texture": "#0"},
				"south": {"uv": [0, 0, 3, 0.5], "texture": "#missing"},
				"west": {"uv": [8.25, 7.5, 16, 8], "texture": "#0"},
				"up": {"uv": [0, 0, 3, 0.5], "texture": "#missing"},
				"down": {"uv": [8.25, 7.5, 16, 8], "texture": "#0"}
			}
		},
		{
			"from": [6, 4.5, 10],
			"to": [9, 5, 10.5],
			"rotation": {"angle": 0, "axis": "y", "origin": [16, 12.5, 20]},
			"faces": {
				"north": {"uv": [0, 0, 3, 0.5], "texture": "#missing"},
				"east": {"uv": [8.25, 7.5, 16, 8], "texture": "#0"},
				"south": {"uv": [8.25, 7.5, 16, 8], "texture": "#0"},
				"west": {"uv": [8.25, 7.5, 16, 8], "texture": "#0"},
				"up": {"uv": [0, 0, 3, 0.5], "texture": "#missing"},
				"down": {"uv": [8.25, 7.5, 16, 8], "texture": "#0"}
			}
		},
		{
			"from": [6, 7.25, 10],
			"to": [9, 13, 11],
			"rotation": {"angle": 0, "axis": "y", "origin": [16, 15, 20]},
			"faces": {
				"north": {"uv": [0, 0, 3, 5.75], "texture": "#missing"},
				"east": {"uv": [8.25, 4.5, 16, 5], "texture": "#0"},
				"south": {"uv": [8.25, 0, 16, 11.75], "texture": "#0"},
				"west": {"uv": [8.25, 4.5, 16, 5], "texture": "#0"},
				"up": {"uv": [11, 0, 16, 3], "texture": "#0"},
				"down": {"uv": [13, 15, 16, 16], "texture": "#0"}
			}
		},
		{
			"from": [6, 5, 6],
			"to": [9, 6, 7],
			"rotation": {"angle": 0, "axis": "y", "origin": [16, 13, 16]},
			"faces": {
				"north": {"uv": [8.25, 0, 16, 15.75], "texture": "#0"},
				"east": {"uv": [8.25, 0, 16, 15.75], "texture": "#0"},
				"south": {"uv": [0, 0, 3, 1], "texture": "#missing"},
				"west": {"uv": [8.25, 0, 16, 15.75], "texture": "#0"},
				"up": {"uv": [8.25, 0, 16, 0.75], "texture": "#0"},
				"down": {"uv": [0, 0, 3, 1], "texture": "#missing"}
			}
		},
		{
			"from": [6, 7.25, 6],
			"to": [9, 13, 7],
			"rotation": {"angle": 0, "axis": "y", "origin": [16, 15, 16]},
			"faces": {
				"north": {"uv": [8.25, 0, 16, 11.75], "texture": "#0"},
				"east": {"uv": [8.25, 4.5, 16, 5], "texture": "#0"},
				"south": {"uv": [0, 0, 3, 5.75], "texture": "#missing"},
				"west": {"uv": [8.25, 4.5, 16, 5], "texture": "#0"},
				"up": {"uv": [11, 0, 16, 3], "texture": "#0"},
				"down": {"uv": [13, 15, 16, 16], "texture": "#0"}
			}
		}
	],
	"display": {
		"thirdperson_righthand": {
			"translation": [0, 1.75, -0.5],
			"scale": [0.5, 0.5, 0.5]
		},
		"thirdperson_lefthand": {
			"translation": [0, 1.75, -0.5],
			"scale": [0.5, 0.5, 0.5]
		},
		"firstperson_righthand": {
			"rotation": [4, 1, 0],
			"translation": [1.25, 4, 0],
			"scale": [0.5, 0.5, 0.5]
		},
		"firstperson_lefthand": {
			"rotation": [4, 1, 0],
			"translation": [1.25, 4, 0],
			"scale": [0.5, 0.5, 0.5]
		},
		"ground": {
			"translation": [0, 0.5, 0],
			"scale": [0.5, 0.5, 0.5]
		},
		"gui": {
			"rotation": [12, -24, 0],
			"translation": [0, 1.25, 0]
		},
		"head": {
			"translation": [0, 12.75, 0]
		},
		"fixed": {
			"translation": [0, 0, -2.75]
		}
	}
}