{
	"credit": "Made with Blockbench",
	"textures": {
		"0": "item/copper_can",
		"particle": "item/copper_can"
	},
	"elements": [
		{
			"from": [6, 0, 6],
			"to": [10, 1, 10],
			"rotation": {"angle": 0, "axis": "y", "origin": [14, 8, 14]},
			"faces": {
				"north": {"uv": [6.5, 4.5, 8, 5.5], "texture": "#0"},
				"east": {"uv": [6.5, 4, 8, 5], "texture": "#0"},
				"south": {"uv": [6, 4.5, 7.5, 5.5], "texture": "#0"},
				"west": {"uv": [7, 4.5, 9, 5.5], "texture": "#0"},
				"up": {"uv": [0, 0, 4, 4], "texture": "#missing"},
				"down": {"uv": [7, 4, 9.5, 6], "texture": "#0"}
			}
		},
		{
			"from": [6, 1, 5],
			"to": [10, 2, 11],
			"rotation": {"angle": 0, "axis": "y", "origin": [14, 9, 13]},
			"faces": {
				"north": {"uv": [6, 7.5, 9.5, 11.5], "texture": "#0"},
				"east": {"uv": [10, 8, 10.5, 11], "texture": "#0"},
				"south": {"uv": [6, 7.5, 9.5, 11.5], "texture": "#0"},
				"west": {"uv": [10, 8, 10.5, 11], "texture": "#0"},
				"up": {"uv": [7, 3, 8.5, 3.5], "texture": "#0"},
				"down": {"uv": [6, 7.5, 9.5, 8], "texture": "#0"}
			}
		},
		{
			"from": [5, 1, 6],
			"to": [6, 8, 10],
			"rotation": {"angle": 0, "axis": "y", "origin": [10, 9, 14]},
			"faces": {
				"north": {"uv": [10, 8, 10.5, 11], "texture": "#0"},
				"east": {"uv": [7, 4, 9, 5.5], "texture": "#0"},
				"south": {"uv": [10, 8, 10.5, 11], "texture": "#0"},
				"west": {"uv": [6, 7.5, 9.5, 11.5], "texture": "#0"},
				"up": {"uv": [6, 7, 9.5, 7.5], "rotation": 90, "texture": "#0"},
				"down": {"uv": [6, 7.5, 9.5, 8], "rotation": 90, "texture": "#0"}
			}
		},
		{
			"from": [6, 2, 5],
			"to": [10, 8, 6],
			"rotation": {"angle": 0, "axis": "y", "origin": [11, 10, 10]},
			"faces": {
				"north": {"uv": [6, 7.5, 9.5, 11.5], "texture": "#0"},
				"east": {"uv": [10, 8, 10.5, 11], "texture": "#0"},
				"south": {"uv": [7.5, 4, 8.5, 4.5], "texture": "#0"},
				"west": {"uv": [10, 8, 10.5, 11], "texture": "#0"},
				"up": {"uv": [6, 7.5, 9.5, 8], "texture": "#0"},
				"down": {"uv": [0, 0, 4, 1], "texture": "#missing"}
			}
		},
		{
			"from": [6, 2, 10],
			"to": [10, 8, 11],
			"rotation": {"angle": 0, "axis": "y", "origin": [11, 10, 15]},
			"faces": {
				"north": {"uv": [7, 4, 9, 5.5], "texture": "#0"},
				"east": {"uv": [10, 8, 10.5, 11], "texture": "#0"},
				"south": {"uv": [6, 7.5, 9.5, 11.5], "texture": "#0"},
				"west": {"uv": [10, 8, 10.5, 11], "texture": "#0"},
				"up": {"uv": [6, 7, 9.5, 7.5], "texture": "#0"},
				"down": {"uv": [0, 0, 4, 1], "texture": "#missing"}
			}
		},
		{
			"from": [10, 1, 6],
			"to": [11, 8, 10],
			"rotation": {"angle": 0, "axis": "y", "origin": [15, 9, 14]},
			"faces": {
				"north": {"uv": [10, 8, 10.5, 11], "texture": "#0"},
				"east": {"uv": [6, 7.5, 9.5, 11.5], "texture": "#0"},
				"south": {"uv": [10, 8, 10.5, 11], "texture": "#0"},
				"west": {"uv": [7, 4.5, 9, 5.5], "texture": "#0"},
				"up": {"uv": [6, 7.5, 9.5, 8], "rotation": 90, "texture": "#0"},
				"down": {"uv": [6, 7.5, 9.5, 8], "rotation": 90, "texture": "#0"}
			}
		}
	],
	"display": {
		"thirdperson_righthand": {
			"translation": [0, 5.5, 0.25],
			"scale": [0.7, 0.7, 0.7]
		},
		"thirdperson_lefthand": {
			"translation": [0, 5.5, 0.25],
			"scale": [0.7, 0.7, 0.7]
		},
		"firstperson_righthand": {
			"rotation": [20, 15, 19],
			"translation": [0, 4.5, 0]
		},
		"firstperson_lefthand": {
			"rotation": [20, 15, 19],
			"translation": [0, 4.5, 0]
		},
		"ground": {
			"translation": [0, 4.25, 0]
		},
		"gui": {
			"rotation": [37, 43, 2],
			"translation": [0.5, 2.5, 0]
		},
		"head": {
			"translation": [0, 14.5, 0]
		},
		"fixed": {
			"translation": [0, 4, -3.5]
		}
	}
}