{
	"credit": "Made with Blockbench",
	"textures": {
		"0": "item/space_sword",
		"1": "item/fire_essence",
		"particle": "item/space_sword"
	},
	"elements": [
		{
			"from": [4, 0, 0],
			"to": [5, 1, 3],
			"rotation": {"angle": 0, "axis": "z", "origin": [12, 8, 8]},
			"faces": {
				"north": {"uv": [0, 15, 1, 16], "texture": "#0"},
				"east": {"uv": [0, 15, 3, 16], "texture": "#0"},
				"south": {"uv": [0, 15, 1, 16], "texture": "#0"},
				"west": {"uv": [0, 15, 3, 16], "texture": "#0"},
				"up": {"uv": [0, 15, 3, 16], "texture": "#0"},
				"down": {"uv": [0, 15, 3, 16], "texture": "#0"}
			}
		},
		{
			"from": [4, 1, 2],
			"to": [5, 2, 3],
			"rotation": {"angle": 0, "axis": "z", "origin": [12, 9, 10]},
			"faces": {
				"north": {"uv": [0, 15, 3, 16], "texture": "#0"},
				"east": {"uv": [0, 15, 3, 16], "texture": "#0"},
				"south": {"uv": [0, 15, 3, 16], "texture": "#0"},
				"west": {"uv": [0, 15, 3, 16], "texture": "#0"},
				"up": {"uv": [0, 0, 1, 1], "texture": "#missing"},
				"down": {"uv": [0, 0, 1, 1], "texture": "#missing"}
			}
		},
		{
			"from": [4, 2, 2],
			"to": [5, 3, 3],
			"rotation": {"angle": 0, "axis": "z", "origin": [12, 10, 10]},
			"faces": {
				"north": {"uv": [0, 0, 1, 1], "texture": "#missing"},
				"east": {"uv": [2, 13, 3, 14], "texture": "#0"},
				"south": {"uv": [0, 0, 1, 1], "texture": "#missing"},
				"west": {"uv": [2, 13, 3, 14], "texture": "#0"},
				"up": {"uv": [0, 0, 1, 1], "texture": "#missing"},
				"down": {"uv": [0, 0, 1, 1], "texture": "#missing"}
			}
		},
		{
			"from": [4, 3, 3],
			"to": [5, 4, 4],
			"rotation": {"angle": 0, "axis": "z", "origin": [12, 11, 11]},
			"faces": {
				"north": {"uv": [0, 0, 1, 1], "texture": "#missing"},
				"east": {"uv": [3, 12, 4, 13], "texture": "#0"},
				"south": {"uv": [0, 0, 1, 1], "texture": "#missing"},
				"west": {"uv": [3, 12, 4, 13], "texture": "#0"},
				"up": {"uv": [0, 0, 1, 1], "texture": "#missing"},
				"down": {"uv": [0, 0, 1, 1], "texture": "#missing"}
			}
		},
		{
			"from": [4, 2, 3],
			"to": [5, 3, 4],
			"rotation": {"angle": 0, "axis": "z", "origin": [12, 10, 11]},
			"faces": {
				"north": {"uv": [0, 0, 1, 1], "texture": "#missing"},
				"east": {"uv": [3, 13, 4, 14], "texture": "#0"},
				"south": {"uv": [3, 13, 4, 14], "texture": "#0"},
				"west": {"uv": [3, 13, 4, 14], "texture": "#0"},
				"up": {"uv": [0, 0, 1, 1], "texture": "#missing"},
				"down": {"uv": [3, 13, 4, 14], "texture": "#0"}
			}
		},
		{
			"from": [4, 3, 4],
			"to": [5, 4, 5],
			"rotation": {"angle": 0, "axis": "z", "origin": [12, 11, 12]},
			"faces": {
				"north": {"uv": [0, 0, 1, 1], "texture": "#missing"},
				"east": {"uv": [3, 13, 4, 14], "texture": "#0"},
				"south": {"uv": [3, 13, 4, 14], "texture": "#0"},
				"west": {"uv": [3, 13, 4, 14], "texture": "#0"},
				"up": {"uv": [0, 0, 1, 1], "texture": "#missing"},
				"down": {"uv": [3, 13, 4, 14], "texture": "#0"}
			}
		},
		{
			"from": [4, 3, 2],
			"to": [5, 4, 3],
			"rotation": {"angle": 0, "axis": "z", "origin": [12, 11, 10]},
			"faces": {
				"north": {"uv": [2, 12, 3, 13], "texture": "#0"},
				"east": {"uv": [2, 12, 3, 13], "texture": "#0"},
				"south": {"uv": [0, 0, 1, 1], "texture": "#missing"},
				"west": {"uv": [2, 12, 3, 13], "texture": "#0"},
				"up": {"uv": [2, 12, 3, 13], "texture": "#0"},
				"down": {"uv": [0, 0, 1, 1], "texture": "#missing"}
			}
		},
		{
			"from": [4, 4, 3],
			"to": [5, 5, 4],
			"rotation": {"angle": 0, "axis": "z", "origin": [12, 12, 11]},
			"faces": {
				"north": {"uv": [2, 12, 3, 13], "texture": "#0"},
				"east": {"uv": [2, 12, 3, 13], "texture": "#0"},
				"south": {"uv": [0, 0, 1, 1], "texture": "#missing"},
				"west": {"uv": [2, 12, 3, 13], "texture": "#0"},
				"up": {"uv": [2, 12, 3, 13], "texture": "#0"},
				"down": {"uv": [0, 0, 1, 1], "texture": "#missing"}
			}
		},
		{
			"from": [4, 1, 0],
			"to": [5, 3, 1],
			"rotation": {"angle": 0, "axis": "z", "origin": [12, 9, 8]},
			"faces": {
				"north": {"uv": [0, 13, 1, 15], "texture": "#0"},
				"east": {"uv": [0, 13, 1, 15], "texture": "#0"},
				"south": {"uv": [0, 13, 1, 14], "texture": "#0"},
				"west": {"uv": [0, 13, 1, 15], "texture": "#0"},
				"up": {"uv": [0, 13, 1, 14], "texture": "#0"},
				"down": {"uv": [0, 0, 1, 1], "texture": "#missing"}
			}
		},
		{
			"from": [4, 2, 1],
			"to": [5, 3, 2],
			"rotation": {"angle": 0, "axis": "z", "origin": [12, 9, 9]},
			"faces": {
				"north": {"uv": [0, 0, 1, 1], "texture": "#missing"},
				"east": {"uv": [0, 13, 1, 14], "texture": "#0"},
				"south": {"uv": [0, 0, 1, 1], "texture": "#missing"},
				"west": {"uv": [0, 13, 1, 14], "texture": "#0"},
				"up": {"uv": [0, 14, 1, 15], "texture": "#0"},
				"down": {"uv": [0, 13, 1, 14], "texture": "#0"}
			}
		},
		{
			"from": [4.25, 1, 1],
			"to": [4.75, 2, 2],
			"rotation": {"angle": 0, "axis": "z", "origin": [12.25, 9, 9]},
			"faces": {
				"north": {"uv": [0, 0, 0.5, 1], "texture": "#missing"},
				"east": {"uv": [11, 13, 12, 14], "texture": "#1"},
				"south": {"uv": [0, 0, 0.5, 1], "texture": "#missing"},
				"west": {"uv": [11, 13, 12, 14], "texture": "#1"},
				"up": {"uv": [0, 0, 0.5, 1], "texture": "#missing"},
				"down": {"uv": [0, 0, 0.5, 1], "texture": "#missing"}
			}
		},
		{
			"from": [4, 4, 4],
			"to": [5, 5, 5],
			"rotation": {"angle": 0, "axis": "z", "origin": [12, 12, 12]},
			"faces": {
				"north": {"uv": [0, 0, 1, 1], "texture": "#missing"},
				"east": {"uv": [4, 11, 5, 12], "texture": "#0"},
				"south": {"uv": [0, 0, 1, 1], "texture": "#missing"},
				"west": {"uv": [4, 11, 5, 12], "texture": "#0"},
				"up": {"uv": [0, 0, 1, 1], "texture": "#missing"},
				"down": {"uv": [0, 0, 1, 1], "texture": "#missing"}
			}
		},
		{
			"from": [4, 5, 4],
			"to": [5, 6, 5],
			"rotation": {"angle": 0, "axis": "z", "origin": [12, 13, 12]},
			"faces": {
				"north": {"uv": [4, 10, 5, 11], "texture": "#0"},
				"east": {"uv": [4, 10, 5, 11], "texture": "#0"},
				"south": {"uv": [0, 0, 1, 1], "texture": "#missing"},
				"west": {"uv": [4, 10, 5, 11], "texture": "#0"},
				"up": {"uv": [0, 0, 1, 1], "texture": "#missing"},
				"down": {"uv": [0, 0, 1, 1], "texture": "#missing"}
			}
		},
		{
			"from": [4, 5, 5],
			"to": [5, 6, 6],
			"rotation": {"angle": 0, "axis": "z", "origin": [12, 13, 13]},
			"faces": {
				"north": {"uv": [4, 10, 5, 11], "texture": "#missing"},
				"east": {"uv": [5, 10, 6, 11], "texture": "#0"},
				"south": {"uv": [0, 0, 1, 1], "texture": "#missing"},
				"west": {"uv": [5, 10, 6, 11], "texture": "#0"},
				"up": {"uv": [0, 0, 1, 1], "texture": "#missing"},
				"down": {"uv": [0, 0, 1, 1], "texture": "#missing"}
			}
		},
		{
			"from": [4, 4, 5],
			"to": [5, 5, 6],
			"rotation": {"angle": 0, "axis": "z", "origin": [12, 12, 13]},
			"faces": {
				"north": {"uv": [4, 10, 5, 11], "texture": "#missing"},
				"east": {"uv": [5, 11, 6, 12], "texture": "#0"},
				"south": {"uv": [0, 0, 1, 1], "texture": "#missing"},
				"west": {"uv": [5, 11, 6, 12], "texture": "#0"},
				"up": {"uv": [0, 0, 1, 1], "texture": "#missing"},
				"down": {"uv": [5, 11, 6, 12], "texture": "#0"}
			}
		},
		{
			"from": [4, 3, 6],
			"to": [5, 4, 8],
			"rotation": {"angle": 0, "axis": "z", "origin": [12, 11, 14]},
			"faces": {
				"north": {"uv": [5, 11, 6, 12], "texture": "#0"},
				"east": {"uv": [5, 11, 6, 12], "texture": "#0"},
				"south": {"uv": [5, 11, 6, 12], "texture": "#0"},
				"west": {"uv": [5, 11, 6, 12], "texture": "#0"},
				"up": {"uv": [0, 0, 1, 1], "texture": "#missing"},
				"down": {"uv": [5, 11, 6, 12], "texture": "#0"}
			}
		},
		{
			"from": [4, 2, 8],
			"to": [5, 3, 10],
			"rotation": {"angle": 0, "axis": "z", "origin": [12, 10, 16]},
			"faces": {
				"north": {"uv": [5, 11, 6, 12], "texture": "#0"},
				"east": {"uv": [5, 11, 6, 12], "texture": "#0"},
				"south": {"uv": [5, 11, 6, 12], "texture": "#0"},
				"west": {"uv": [5, 11, 6, 12], "texture": "#0"},
				"up": {"uv": [5, 11, 6, 12], "texture": "#0"},
				"down": {"uv": [5, 11, 6, 12], "texture": "#0"}
			}
		},
		{
			"from": [4, 3, 9],
			"to": [5, 4, 10],
			"rotation": {"angle": 0, "axis": "z", "origin": [12, 11, 16]},
			"faces": {
				"north": {"uv": [5, 11, 6, 12], "texture": "#0"},
				"east": {"uv": [5, 11, 6, 12], "texture": "#0"},
				"south": {"uv": [5, 11, 6, 12], "texture": "#0"},
				"west": {"uv": [5, 11, 6, 12], "texture": "#0"},
				"up": {"uv": [5, 11, 6, 12], "texture": "#0"},
				"down": {"uv": [0, 0, 1, 1], "texture": "#missing"}
			}
		},
		{
			"from": [4, 4, 8],
			"to": [5, 5, 9],
			"rotation": {"angle": 0, "axis": "z", "origin": [12, 12, 15]},
			"faces": {
				"north": {"uv": [4, 10, 5, 11], "texture": "#missing"},
				"east": {"uv": [5, 11, 6, 12], "texture": "#0"},
				"south": {"uv": [5, 11, 6, 12], "texture": "#0"},
				"west": {"uv": [5, 11, 6, 12], "texture": "#0"},
				"up": {"uv": [5, 11, 6, 12], "texture": "#0"},
				"down": {"uv": [5, 11, 6, 12], "texture": "#0"}
			}
		},
		{
			"from": [4, 5, 7],
			"to": [5, 6, 8],
			"rotation": {"angle": 0, "axis": "z", "origin": [12, 13, 14]},
			"faces": {
				"north": {"uv": [4, 10, 5, 11], "texture": "#missing"},
				"east": {"uv": [5, 11, 6, 12], "texture": "#0"},
				"south": {"uv": [5, 11, 6, 12], "texture": "#0"},
				"west": {"uv": [5, 11, 6, 12], "texture": "#0"},
				"up": {"uv": [5, 11, 6, 12], "texture": "#0"},
				"down": {"uv": [0, 0, 1, 1], "texture": "#missing"}
			}
		},
		{
			"from": [4, 6, 8],
			"to": [5, 7, 9],
			"rotation": {"angle": 0, "axis": "z", "origin": [12, 14, 15]},
			"faces": {
				"north": {"uv": [5, 11, 6, 12], "texture": "#0"},
				"east": {"uv": [5, 11, 6, 12], "texture": "#0"},
				"south": {"uv": [5, 11, 6, 12], "texture": "#0"},
				"west": {"uv": [5, 11, 6, 12], "texture": "#0"},
				"up": {"uv": [5, 11, 6, 12], "texture": "#0"},
				"down": {"uv": [5, 11, 6, 12], "texture": "#0"}
			}
		},
		{
			"from": [4, 7, 9],
			"to": [5, 8, 10],
			"rotation": {"angle": 0, "axis": "z", "origin": [12, 15, 16]},
			"faces": {
				"north": {"uv": [5, 11, 6, 12], "texture": "#0"},
				"east": {"uv": [5, 11, 6, 12], "texture": "#0"},
				"south": {"uv": [5, 11, 6, 12], "texture": "#0"},
				"west": {"uv": [5, 11, 6, 12], "texture": "#0"},
				"up": {"uv": [5, 11, 6, 12], "texture": "#0"},
				"down": {"uv": [5, 11, 6, 12], "texture": "#0"}
			}
		},
		{
			"from": [4, 8, 10],
			"to": [5, 9, 11],
			"rotation": {"angle": 0, "axis": "z", "origin": [12, 16, 17]},
			"faces": {
				"north": {"uv": [5, 11, 6, 12], "texture": "#0"},
				"east": {"uv": [5, 11, 6, 12], "texture": "#0"},
				"south": {"uv": [5, 11, 6, 12], "texture": "#0"},
				"west": {"uv": [5, 11, 6, 12], "texture": "#0"},
				"up": {"uv": [5, 11, 6, 12], "texture": "#0"},
				"down": {"uv": [5, 11, 6, 12], "texture": "#0"}
			}
		},
		{
			"from": [4, 9, 11],
			"to": [5, 10, 12],
			"rotation": {"angle": 0, "axis": "z", "origin": [12, 17, 18]},
			"faces": {
				"north": {"uv": [5, 11, 6, 12], "texture": "#0"},
				"east": {"uv": [5, 11, 6, 12], "texture": "#0"},
				"south": {"uv": [5, 11, 6, 12], "texture": "#0"},
				"west": {"uv": [5, 11, 6, 12], "texture": "#0"},
				"up": {"uv": [5, 11, 6, 12], "texture": "#0"},
				"down": {"uv": [5, 11, 6, 12], "texture": "#0"}
			}
		},
		{
			"from": [4, 10, 12],
			"to": [5, 11, 13],
			"rotation": {"angle": 0, "axis": "z", "origin": [12, 18, 19]},
			"faces": {
				"north": {"uv": [5, 11, 6, 12], "texture": "#0"},
				"east": {"uv": [5, 11, 6, 12], "texture": "#0"},
				"south": {"uv": [5, 11, 6, 12], "texture": "#0"},
				"west": {"uv": [5, 11, 6, 12], "texture": "#0"},
				"up": {"uv": [5, 11, 6, 12], "texture": "#0"},
				"down": {"uv": [5, 11, 6, 12], "texture": "#0"}
			}
		},
		{
			"from": [4, 11, 13],
			"to": [5, 12, 14],
			"rotation": {"angle": 0, "axis": "z", "origin": [12, 19, 20]},
			"faces": {
				"north": {"uv": [5, 11, 6, 12], "texture": "#0"},
				"east": {"uv": [5, 11, 6, 12], "texture": "#0"},
				"south": {"uv": [5, 11, 6, 12], "texture": "#0"},
				"west": {"uv": [5, 11, 6, 12], "texture": "#0"},
				"up": {"uv": [5, 11, 6, 12], "texture": "#0"},
				"down": {"uv": [5, 11, 6, 12], "texture": "#0"}
			}
		},
		{
			"from": [4, 12, 14],
			"to": [5, 13, 15],
			"rotation": {"angle": 0, "axis": "z", "origin": [12, 20, 21]},
			"faces": {
				"north": {"uv": [5, 11, 6, 12], "texture": "#0"},
				"east": {"uv": [5, 11, 6, 12], "texture": "#0"},
				"south": {"uv": [5, 11, 6, 12], "texture": "#0"},
				"west": {"uv": [5, 11, 6, 12], "texture": "#0"},
				"up": {"uv": [5, 11, 6, 12], "texture": "#0"},
				"down": {"uv": [5, 11, 6, 12], "texture": "#0"}
			}
		},
		{
			"from": [4, 13, 15],
			"to": [5, 15, 16],
			"rotation": {"angle": 0, "axis": "z", "origin": [12, 21, 22]},
			"faces": {
				"north": {"uv": [5, 11, 6, 12], "texture": "#0"},
				"east": {"uv": [5, 11, 6, 12], "texture": "#0"},
				"south": {"uv": [5, 11, 6, 12], "texture": "#0"},
				"west": {"uv": [5, 11, 6, 12], "texture": "#0"},
				"up": {"uv": [0, 0, 1, 1], "texture": "#missing"},
				"down": {"uv": [5, 11, 6, 12], "texture": "#0"}
			}
		},
		{
			"from": [4, 6, 3],
			"to": [5, 8, 4],
			"rotation": {"angle": 0, "axis": "z", "origin": [12, 14, 11]},
			"faces": {
				"north": {"uv": [3, 8, 4, 9], "texture": "#0"},
				"east": {"uv": [3, 8, 4, 9], "texture": "#0"},
				"south": {"uv": [0, 0, 1, 1], "texture": "#missing"},
				"west": {"uv": [3, 8, 4, 9], "texture": "#0"},
				"up": {"uv": [3, 8, 4, 9], "texture": "#0"},
				"down": {"uv": [3, 8, 4, 9], "texture": "#0"}
			}
		},
		{
			"from": [4.25, 8, 3],
			"to": [4.75, 9, 4],
			"rotation": {"angle": 0, "axis": "z", "origin": [12.25, 15, 11]},
			"faces": {
				"north": {"uv": [3, 8, 4, 9], "texture": "#missing"},
				"east": {"uv": [11, 13, 12, 14], "texture": "#1"},
				"south": {"uv": [0, 0, 1, 1], "texture": "#missing"},
				"west": {"uv": [11, 13, 12, 14], "texture": "#1"},
				"up": {"uv": [3, 8, 4, 9], "texture": "#missing"},
				"down": {"uv": [3, 8, 4, 9], "texture": "#missing"}
			}
		},
		{
			"from": [4.25, 3, 8],
			"to": [4.75, 4, 9],
			"rotation": {"angle": 0, "axis": "z", "origin": [12.25, 10, 16]},
			"faces": {
				"north": {"uv": [3, 8, 4, 9], "texture": "#missing"},
				"east": {"uv": [11, 13, 12, 14], "texture": "#1"},
				"south": {"uv": [0, 0, 1, 1], "texture": "#missing"},
				"west": {"uv": [11, 13, 12, 14], "texture": "#1"},
				"up": {"uv": [3, 8, 4, 9], "texture": "#missing"},
				"down": {"uv": [3, 8, 4, 9], "texture": "#missing"}
			}
		},
		{
			"from": [4, 8, 2],
			"to": [5, 10, 3],
			"rotation": {"angle": 0, "axis": "z", "origin": [12, 16, 10]},
			"faces": {
				"north": {"uv": [3, 8, 4, 9], "texture": "#0"},
				"east": {"uv": [3, 8, 4, 9], "texture": "#0"},
				"south": {"uv": [3, 8, 4, 9], "texture": "#0"},
				"west": {"uv": [3, 8, 4, 9], "texture": "#0"},
				"up": {"uv": [3, 8, 4, 9], "texture": "#0"},
				"down": {"uv": [3, 8, 4, 9], "texture": "#0"}
			}
		},
		{
			"from": [4, 9, 3],
			"to": [5, 10, 4],
			"rotation": {"angle": 0, "axis": "z", "origin": [12, 16, 11]},
			"faces": {
				"north": {"uv": [3, 8, 4, 9], "texture": "#missing"},
				"east": {"uv": [3, 8, 4, 9], "texture": "#0"},
				"south": {"uv": [3, 8, 4, 9], "texture": "#0"},
				"west": {"uv": [3, 8, 4, 9], "texture": "#0"},
				"up": {"uv": [3, 8, 4, 9], "texture": "#0"},
				"down": {"uv": [3, 8, 4, 9], "texture": "#0"}
			}
		},
		{
			"from": [4, 8, 4],
			"to": [5, 9, 5],
			"rotation": {"angle": 0, "axis": "z", "origin": [12, 15, 12]},
			"faces": {
				"north": {"uv": [3, 8, 4, 9], "texture": "#0"},
				"east": {"uv": [3, 8, 4, 9], "texture": "#0"},
				"south": {"uv": [3, 8, 4, 9], "texture": "#0"},
				"west": {"uv": [3, 8, 4, 9], "texture": "#0"},
				"up": {"uv": [3, 8, 4, 9], "texture": "#0"},
				"down": {"uv": [3, 8, 4, 9], "texture": "#missing"}
			}
		},
		{
			"from": [4, 4, 6],
			"to": [5, 6, 7],
			"rotation": {"angle": 0, "axis": "z", "origin": [12, 13, 14]},
			"faces": {
				"north": {"uv": [0, 0, 1, 2], "texture": "#missing"},
				"east": {"uv": [6, 10, 7, 11], "texture": "#0"},
				"south": {"uv": [0, 0, 1, 2], "texture": "#missing"},
				"west": {"uv": [6, 10, 7, 11], "texture": "#0"},
				"up": {"uv": [0, 0, 1, 1], "texture": "#missing"},
				"down": {"uv": [0, 0, 1, 1], "texture": "#missing"}
			}
		},
		{
			"from": [4.25, 13, 14],
			"to": [4.75, 15, 15],
			"rotation": {"angle": 0, "axis": "z", "origin": [12.25, 21, 22]},
			"faces": {
				"north": {"uv": [0, 0, 1, 1], "texture": "#missing"},
				"east": {"uv": [7, 10, 8, 11], "texture": "#1"},
				"south": {"uv": [5, 8, 6, 9], "texture": "#missing"},
				"west": {"uv": [7, 10, 8, 11], "texture": "#1"},
				"up": {"uv": [5, 8, 6, 9], "texture": "#missing"},
				"down": {"uv": [0, 0, 1, 3], "texture": "#missing"}
			}
		},
		{
			"from": [4.25, 14, 13],
			"to": [4.75, 15, 14],
			"rotation": {"angle": 0, "axis": "z", "origin": [12.25, 22, 21]},
			"faces": {
				"north": {"uv": [0, 0, 1, 1], "texture": "#missing"},
				"east": {"uv": [7, 10, 8, 11], "texture": "#1"},
				"south": {"uv": [5, 8, 6, 9], "texture": "#missing"},
				"west": {"uv": [7, 10, 8, 11], "texture": "#1"},
				"up": {"uv": [5, 8, 6, 9], "texture": "#missing"},
				"down": {"uv": [0, 0, 1, 3], "texture": "#missing"}
			}
		},
		{
			"from": [4, 4, 7],
			"to": [5, 5, 8],
			"rotation": {"angle": 0, "axis": "z", "origin": [12, 13, 15]},
			"faces": {
				"north": {"uv": [0, 0, 1, 1], "texture": "#missing"},
				"east": {"uv": [6, 10, 7, 11], "texture": "#0"},
				"south": {"uv": [0, 0, 1, 1], "texture": "#missing"},
				"west": {"uv": [6, 10, 7, 11], "texture": "#0"},
				"up": {"uv": [0, 0, 1, 1], "texture": "#missing"},
				"down": {"uv": [0, 0, 1, 1], "texture": "#missing"}
			}
		},
		{
			"from": [4, 15, 13],
			"to": [5, 16, 16],
			"rotation": {"angle": 0, "axis": "z", "origin": [12, 23, 23]},
			"faces": {
				"north": {"uv": [13, 0, 16, 1], "texture": "#0"},
				"east": {"uv": [13, 0, 16, 1], "texture": "#0"},
				"south": {"uv": [13, 0, 16, 1], "texture": "#0"},
				"west": {"uv": [13, 0, 16, 1], "texture": "#0"},
				"up": {"uv": [13, 0, 16, 1], "texture": "#0"},
				"down": {"uv": [13, 0, 16, 1], "texture": "#0"}
			}
		},
		{
			"from": [4, 14, 12],
			"to": [5, 15, 13],
			"rotation": {"angle": 0, "axis": "z", "origin": [12, 22, 20]},
			"faces": {
				"north": {"uv": [13, 0, 16, 1], "texture": "#0"},
				"east": {"uv": [13, 0, 16, 1], "texture": "#0"},
				"south": {"uv": [13, 0, 16, 1], "texture": "#0"},
				"west": {"uv": [13, 0, 16, 1], "texture": "#0"},
				"up": {"uv": [13, 0, 16, 1], "texture": "#0"},
				"down": {"uv": [13, 0, 16, 1], "texture": "#0"}
			}
		},
		{
			"from": [4, 13, 11],
			"to": [5, 14, 12],
			"rotation": {"angle": 0, "axis": "z", "origin": [12, 21, 19]},
			"faces": {
				"north": {"uv": [13, 0, 16, 1], "texture": "#0"},
				"east": {"uv": [13, 0, 16, 1], "texture": "#0"},
				"south": {"uv": [13, 0, 16, 1], "texture": "#0"},
				"west": {"uv": [13, 0, 16, 1], "texture": "#0"},
				"up": {"uv": [13, 0, 16, 1], "texture": "#0"},
				"down": {"uv": [13, 0, 16, 1], "texture": "#0"}
			}
		},
		{
			"from": [4, 12, 10],
			"to": [5, 13, 11],
			"rotation": {"angle": 0, "axis": "z", "origin": [12, 20, 18]},
			"faces": {
				"north": {"uv": [13, 0, 16, 1], "texture": "#0"},
				"east": {"uv": [13, 0, 16, 1], "texture": "#0"},
				"south": {"uv": [13, 0, 16, 1], "texture": "#0"},
				"west": {"uv": [13, 0, 16, 1], "texture": "#0"},
				"up": {"uv": [13, 0, 16, 1], "texture": "#0"},
				"down": {"uv": [13, 0, 16, 1], "texture": "#0"}
			}
		},
		{
			"from": [4, 11, 9],
			"to": [5, 12, 10],
			"rotation": {"angle": 0, "axis": "z", "origin": [12, 19, 17]},
			"faces": {
				"north": {"uv": [13, 0, 16, 1], "texture": "#0"},
				"east": {"uv": [13, 0, 16, 1], "texture": "#0"},
				"south": {"uv": [13, 0, 16, 1], "texture": "#0"},
				"west": {"uv": [13, 0, 16, 1], "texture": "#0"},
				"up": {"uv": [13, 0, 16, 1], "texture": "#0"},
				"down": {"uv": [13, 0, 16, 1], "texture": "#0"}
			}
		},
		{
			"from": [4, 10, 8],
			"to": [5, 11, 9],
			"rotation": {"angle": 0, "axis": "z", "origin": [12, 18, 16]},
			"faces": {
				"north": {"uv": [13, 0, 16, 1], "texture": "#0"},
				"east": {"uv": [13, 0, 16, 1], "texture": "#0"},
				"south": {"uv": [13, 0, 16, 1], "texture": "#0"},
				"west": {"uv": [13, 0, 16, 1], "texture": "#0"},
				"up": {"uv": [13, 0, 16, 1], "texture": "#0"},
				"down": {"uv": [13, 0, 16, 1], "texture": "#0"}
			}
		},
		{
			"from": [4, 9, 7],
			"to": [5, 10, 8],
			"rotation": {"angle": 0, "axis": "z", "origin": [12, 17, 15]},
			"faces": {
				"north": {"uv": [13, 0, 16, 1], "texture": "#0"},
				"east": {"uv": [13, 0, 16, 1], "texture": "#0"},
				"south": {"uv": [13, 0, 16, 1], "texture": "#0"},
				"west": {"uv": [13, 0, 16, 1], "texture": "#0"},
				"up": {"uv": [13, 0, 16, 1], "texture": "#0"},
				"down": {"uv": [13, 0, 16, 1], "texture": "#0"}
			}
		},
		{
			"from": [4, 8, 6],
			"to": [5, 9, 7],
			"rotation": {"angle": 0, "axis": "z", "origin": [12, 16, 14]},
			"faces": {
				"north": {"uv": [13, 0, 16, 1], "texture": "#0"},
				"east": {"uv": [13, 0, 16, 1], "texture": "#0"},
				"south": {"uv": [13, 0, 16, 1], "texture": "#0"},
				"west": {"uv": [13, 0, 16, 1], "texture": "#0"},
				"up": {"uv": [13, 0, 16, 1], "texture": "#0"},
				"down": {"uv": [13, 0, 16, 1], "texture": "#0"}
			}
		},
		{
			"from": [4, 7, 5],
			"to": [5, 8, 6],
			"rotation": {"angle": 0, "axis": "z", "origin": [12, 15, 13]},
			"faces": {
				"north": {"uv": [0, 0, 1, 1], "texture": "#missing"},
				"east": {"uv": [5, 8, 6, 9], "texture": "#0"},
				"south": {"uv": [5, 8, 6, 9], "texture": "#0"},
				"west": {"uv": [5, 8, 6, 9], "texture": "#0"},
				"up": {"uv": [5, 8, 6, 9], "texture": "#0"},
				"down": {"uv": [0, 0, 1, 3], "texture": "#missing"}
			}
		},
		{
			"from": [4.25, 7, 6],
			"to": [4.75, 8, 7],
			"rotation": {"angle": 0, "axis": "z", "origin": [12.25, 15, 14]},
			"faces": {
				"north": {"uv": [0, 0, 1, 1], "texture": "#missing"},
				"east": {"uv": [7, 10, 8, 11], "texture": "#1"},
				"south": {"uv": [5, 8, 6, 9], "texture": "#missing"},
				"west": {"uv": [7, 10, 8, 11], "texture": "#1"},
				"up": {"uv": [5, 8, 6, 9], "texture": "#missing"},
				"down": {"uv": [0, 0, 1, 3], "texture": "#missing"}
			}
		},
		{
			"from": [4.25, 6, 7],
			"to": [4.75, 7, 8],
			"rotation": {"angle": 0, "axis": "z", "origin": [12.25, 14, 15]},
			"faces": {
				"north": {"uv": [0, 0, 1, 1], "texture": "#missing"},
				"east": {"uv": [7, 10, 8, 11], "texture": "#1"},
				"south": {"uv": [5, 8, 6, 9], "texture": "#missing"},
				"west": {"uv": [7, 10, 8, 11], "texture": "#1"},
				"up": {"uv": [5, 8, 6, 9], "texture": "#missing"},
				"down": {"uv": [0, 0, 1, 3], "texture": "#missing"}
			}
		},
		{
			"from": [4.25, 7, 7],
			"to": [4.75, 8, 8],
			"rotation": {"angle": 0, "axis": "z", "origin": [12.25, 15, 15]},
			"faces": {
				"north": {"uv": [0, 0, 1, 1], "texture": "#missing"},
				"east": {"uv": [11, 13, 12, 14], "texture": "#1"},
				"south": {"uv": [5, 8, 6, 9], "texture": "#missing"},
				"west": {"uv": [11, 13, 12, 14], "texture": "#1"},
				"up": {"uv": [5, 8, 6, 9], "texture": "#missing"},
				"down": {"uv": [0, 0, 1, 3], "texture": "#missing"}
			}
		},
		{
			"from": [4.25, 8, 7],
			"to": [4.75, 9, 8],
			"rotation": {"angle": 0, "axis": "z", "origin": [12.25, 16, 15]},
			"faces": {
				"north": {"uv": [0, 0, 1, 1], "texture": "#missing"},
				"east": {"uv": [7, 10, 8, 11], "texture": "#1"},
				"south": {"uv": [5, 8, 6, 9], "texture": "#missing"},
				"west": {"uv": [7, 10, 8, 11], "texture": "#1"},
				"up": {"uv": [5, 8, 6, 9], "texture": "#missing"},
				"down": {"uv": [0, 0, 1, 3], "texture": "#missing"}
			}
		},
		{
			"from": [4.25, 9, 9],
			"to": [4.75, 10, 10],
			"rotation": {"angle": 0, "axis": "z", "origin": [12.25, 17, 17]},
			"faces": {
				"north": {"uv": [0, 0, 1, 1], "texture": "#missing"},
				"east": {"uv": [10, 12, 11, 13], "texture": "#1"},
				"south": {"uv": [5, 8, 6, 9], "texture": "#missing"},
				"west": {"uv": [10, 12, 11, 13], "texture": "#1"},
				"up": {"uv": [5, 8, 6, 9], "texture": "#missing"},
				"down": {"uv": [0, 0, 1, 3], "texture": "#missing"}
			}
		},
		{
			"from": [4.25, 10, 9],
			"to": [4.75, 11, 10],
			"rotation": {"angle": 0, "axis": "z", "origin": [12.25, 18, 17]},
			"faces": {
				"north": {"uv": [0, 0, 1, 1], "texture": "#missing"},
				"east": {"uv": [7, 10, 8, 11], "texture": "#1"},
				"south": {"uv": [5, 8, 6, 9], "texture": "#missing"},
				"west": {"uv": [7, 10, 8, 11], "texture": "#1"},
				"up": {"uv": [5, 8, 6, 9], "texture": "#missing"},
				"down": {"uv": [0, 0, 1, 3], "texture": "#missing"}
			}
		},
		{
			"from": [4.25, 10, 10],
			"to": [4.75, 11, 11],
			"rotation": {"angle": 0, "axis": "z", "origin": [12.25, 18, 18]},
			"faces": {
				"north": {"uv": [0, 0, 1, 1], "texture": "#missing"},
				"east": {"uv": [10, 12, 11, 13], "texture": "#1"},
				"south": {"uv": [5, 8, 6, 9], "texture": "#missing"},
				"west": {"uv": [10, 12, 11, 13], "texture": "#1"},
				"up": {"uv": [5, 8, 6, 9], "texture": "#missing"},
				"down": {"uv": [0, 0, 1, 3], "texture": "#missing"}
			}
		},
		{
			"from": [4.25, 11, 11],
			"to": [4.75, 12, 12],
			"rotation": {"angle": 0, "axis": "z", "origin": [12.25, 19, 19]},
			"faces": {
				"north": {"uv": [0, 0, 1, 1], "texture": "#missing"},
				"east": {"uv": [10, 12, 11, 13], "texture": "#1"},
				"south": {"uv": [5, 8, 6, 9], "texture": "#missing"},
				"west": {"uv": [10, 12, 11, 13], "texture": "#1"},
				"up": {"uv": [5, 8, 6, 9], "texture": "#missing"},
				"down": {"uv": [0, 0, 1, 3], "texture": "#missing"}
			}
		},
		{
			"from": [4.25, 12, 11],
			"to": [4.75, 13, 12],
			"rotation": {"angle": 0, "axis": "z", "origin": [12.25, 20, 19]},
			"faces": {
				"north": {"uv": [0, 0, 1, 1], "texture": "#missing"},
				"east": {"uv": [7, 10, 8, 11], "texture": "#1"},
				"south": {"uv": [5, 8, 6, 9], "texture": "#missing"},
				"west": {"uv": [7, 10, 8, 11], "texture": "#1"},
				"up": {"uv": [5, 8, 6, 9], "texture": "#missing"},
				"down": {"uv": [0, 0, 1, 3], "texture": "#missing"}
			}
		},
		{
			"from": [4.25, 12, 12],
			"to": [4.75, 13, 13],
			"rotation": {"angle": 0, "axis": "z", "origin": [12.25, 20, 20]},
			"faces": {
				"north": {"uv": [0, 0, 1, 1], "texture": "#missing"},
				"east": {"uv": [10, 12, 11, 13], "texture": "#1"},
				"south": {"uv": [5, 8, 6, 9], "texture": "#missing"},
				"west": {"uv": [10, 12, 11, 13], "texture": "#1"},
				"up": {"uv": [5, 8, 6, 9], "texture": "#missing"},
				"down": {"uv": [0, 0, 1, 3], "texture": "#missing"}
			}
		},
		{
			"from": [4.25, 13, 12],
			"to": [4.75, 14, 13],
			"rotation": {"angle": 0, "axis": "z", "origin": [12.25, 21, 20]},
			"faces": {
				"north": {"uv": [0, 0, 1, 1], "texture": "#missing"},
				"east": {"uv": [7, 10, 8, 11], "texture": "#1"},
				"south": {"uv": [5, 8, 6, 9], "texture": "#missing"},
				"west": {"uv": [7, 10, 8, 11], "texture": "#1"},
				"up": {"uv": [5, 8, 6, 9], "texture": "#missing"},
				"down": {"uv": [0, 0, 1, 3], "texture": "#missing"}
			}
		},
		{
			"from": [4.25, 11, 10],
			"to": [4.75, 12, 11],
			"rotation": {"angle": 0, "axis": "z", "origin": [12.25, 19, 18]},
			"faces": {
				"north": {"uv": [0, 0, 1, 1], "texture": "#missing"},
				"east": {"uv": [7, 10, 8, 11], "texture": "#1"},
				"south": {"uv": [5, 8, 6, 9], "texture": "#missing"},
				"west": {"uv": [7, 10, 8, 11], "texture": "#1"},
				"up": {"uv": [5, 8, 6, 9], "texture": "#missing"},
				"down": {"uv": [0, 0, 1, 3], "texture": "#missing"}
			}
		},
		{
			"from": [4.25, 8, 8],
			"to": [4.75, 9, 9],
			"rotation": {"angle": 0, "axis": "z", "origin": [12.25, 16, 16]},
			"faces": {
				"north": {"uv": [0, 0, 1, 1], "texture": "#missing"},
				"east": {"uv": [9.5, 13, 10.5, 14], "texture": "#1"},
				"south": {"uv": [5, 8, 6, 9], "texture": "#missing"},
				"west": {"uv": [9.5, 13, 10.5, 14], "texture": "#1"},
				"up": {"uv": [5, 8, 6, 9], "texture": "#missing"},
				"down": {"uv": [0, 0, 1, 3], "texture": "#missing"}
			}
		},
		{
			"from": [4.25, 7, 8],
			"to": [4.75, 8, 9],
			"rotation": {"angle": 0, "axis": "z", "origin": [12.25, 15, 16]},
			"faces": {
				"north": {"uv": [0, 0, 1, 1], "texture": "#missing"},
				"east": {"uv": [7, 10, 8, 11], "texture": "#1"},
				"south": {"uv": [5, 8, 6, 9], "texture": "#missing"},
				"west": {"uv": [7, 10, 8, 11], "texture": "#1"},
				"up": {"uv": [5, 8, 6, 9], "texture": "#missing"},
				"down": {"uv": [0, 0, 1, 3], "texture": "#missing"}
			}
		},
		{
			"from": [4.25, 8, 9],
			"to": [4.75, 9, 10],
			"rotation": {"angle": 0, "axis": "z", "origin": [12.25, 16, 17]},
			"faces": {
				"north": {"uv": [0, 0, 1, 1], "texture": "#missing"},
				"east": {"uv": [7, 10, 8, 11], "texture": "#1"},
				"south": {"uv": [5, 8, 6, 9], "texture": "#missing"},
				"west": {"uv": [7, 10, 8, 11], "texture": "#1"},
				"up": {"uv": [5, 8, 6, 9], "texture": "#missing"},
				"down": {"uv": [0, 0, 1, 3], "texture": "#missing"}
			}
		},
		{
			"from": [4.25, 9, 10],
			"to": [4.75, 10, 11],
			"rotation": {"angle": 0, "axis": "z", "origin": [12.25, 17, 18]},
			"faces": {
				"north": {"uv": [0, 0, 1, 1], "texture": "#missing"},
				"east": {"uv": [7, 10, 8, 11], "texture": "#1"},
				"south": {"uv": [5, 8, 6, 9], "texture": "#missing"},
				"west": {"uv": [7, 10, 8, 11], "texture": "#1"},
				"up": {"uv": [5, 8, 6, 9], "texture": "#missing"},
				"down": {"uv": [0, 0, 1, 3], "texture": "#missing"}
			}
		},
		{
			"from": [4.25, 10, 11],
			"to": [4.75, 11, 12],
			"rotation": {"angle": 0, "axis": "z", "origin": [12.25, 18, 19]},
			"faces": {
				"north": {"uv": [0, 0, 1, 1], "texture": "#missing"},
				"east": {"uv": [7, 10, 8, 11], "texture": "#1"},
				"south": {"uv": [5, 8, 6, 9], "texture": "#missing"},
				"west": {"uv": [7, 10, 8, 11], "texture": "#1"},
				"up": {"uv": [5, 8, 6, 9], "texture": "#missing"},
				"down": {"uv": [0, 0, 1, 3], "texture": "#missing"}
			}
		},
		{
			"from": [4.25, 11, 12],
			"to": [4.75, 12, 13],
			"rotation": {"angle": 0, "axis": "z", "origin": [12.25, 19, 20]},
			"faces": {
				"north": {"uv": [0, 0, 1, 1], "texture": "#missing"},
				"east": {"uv": [7, 10, 8, 11], "texture": "#1"},
				"south": {"uv": [5, 8, 6, 9], "texture": "#missing"},
				"west": {"uv": [7, 10, 8, 11], "texture": "#1"},
				"up": {"uv": [5, 8, 6, 9], "texture": "#missing"},
				"down": {"uv": [0, 0, 1, 3], "texture": "#missing"}
			}
		},
		{
			"from": [4.25, 12, 13],
			"to": [4.75, 13, 14],
			"rotation": {"angle": 0, "axis": "z", "origin": [12.25, 20, 21]},
			"faces": {
				"north": {"uv": [0, 0, 1, 1], "texture": "#missing"},
				"east": {"uv": [7, 10, 8, 11], "texture": "#1"},
				"south": {"uv": [5, 8, 6, 9], "texture": "#missing"},
				"west": {"uv": [7, 10, 8, 11], "texture": "#1"},
				"up": {"uv": [5, 8, 6, 9], "texture": "#missing"},
				"down": {"uv": [0, 0, 1, 3], "texture": "#missing"}
			}
		},
		{
			"from": [4, 6, 6],
			"to": [5, 7, 7],
			"rotation": {"angle": 0, "axis": "z", "origin": [12, 14, 14]},
			"faces": {
				"north": {"uv": [0, 0, 1, 1], "texture": "#missing"},
				"east": {"uv": [6, 9, 7, 10], "texture": "#0"},
				"south": {"uv": [6, 9, 7, 10], "texture": "#0"},
				"west": {"uv": [6, 9, 7, 10], "texture": "#0"},
				"up": {"uv": [6, 9, 7, 10], "texture": "#0"},
				"down": {"uv": [0, 0, 1, 3], "texture": "#missing"}
			}
		},
		{
			"from": [4, 6, 5],
			"to": [5, 7, 6],
			"rotation": {"angle": 0, "axis": "z", "origin": [12, 14, 13]},
			"faces": {
				"north": {"uv": [0, 0, 1, 1], "texture": "#missing"},
				"east": {"uv": [5, 9, 6, 10], "texture": "#0"},
				"south": {"uv": [13, 0, 16, 1], "texture": "#missing"},
				"west": {"uv": [5, 9, 6, 10], "texture": "#0"},
				"up": {"uv": [13, 0, 16, 1], "texture": "#missing"},
				"down": {"uv": [0, 0, 1, 3], "texture": "#missing"}
			}
		},
		{
			"from": [4, 6, 4],
			"to": [5, 8, 5],
			"rotation": {"angle": 0, "axis": "z", "origin": [12, 14, 12]},
			"faces": {
				"north": {"uv": [0, 0, 1, 1], "texture": "#missing"},
				"east": {"uv": [5, 9, 6, 10], "texture": "#0"},
				"south": {"uv": [13, 0, 16, 1], "texture": "#missing"},
				"west": {"uv": [5, 9, 6, 10], "texture": "#0"},
				"up": {"uv": [13, 0, 16, 1], "texture": "#missing"},
				"down": {"uv": [0, 0, 1, 3], "texture": "#missing"}
			}
		},
		{
			"from": [4.25, 9, 8],
			"to": [4.75, 10, 9],
			"rotation": {"angle": 0, "axis": "z", "origin": [12.25, 17, 16]},
			"faces": {
				"north": {"uv": [0, 0, 1, 1], "texture": "#missing"},
				"east": {"uv": [7, 10, 8, 11], "texture": "#1"},
				"south": {"uv": [5, 8, 6, 9], "texture": "#missing"},
				"west": {"uv": [7, 10, 8, 11], "texture": "#1"},
				"up": {"uv": [5, 8, 6, 9], "texture": "#missing"},
				"down": {"uv": [0, 0, 1, 3], "texture": "#missing"}
			}
		},
		{
			"from": [4.25, 13, 13],
			"to": [4.75, 14, 14],
			"rotation": {"angle": 0, "axis": "z", "origin": [12.25, 21, 21]},
			"faces": {
				"north": {"uv": [0, 0, 1, 1], "texture": "#missing"},
				"east": {"uv": [10, 12, 11, 13], "texture": "#1"},
				"south": {"uv": [5, 8, 6, 9], "texture": "#missing"},
				"west": {"uv": [10, 12, 11, 13], "texture": "#1"},
				"up": {"uv": [5, 8, 6, 9], "texture": "#missing"},
				"down": {"uv": [0, 0, 1, 3], "texture": "#missing"}
			}
		}
	],
	"display": {
		"thirdperson_righthand": {
			"rotation": [-43, 0, 0],
			"translation": [3.5, 5, 1.75]
		},
		"thirdperson_lefthand": {
			"rotation": [-43, 0, 0],
			"translation": [-3.5, 5, 1.75]
		},
		"firstperson_righthand": {
			"rotation": [69, -180, 0],
			"translation": [-2, 2.75, 0],
			"scale": [0.8, 0.8, 0.8]
		},
		"firstperson_lefthand": {
			"rotation": [69, -180, 0],
			"translation": [3.75, 2.75, 0],
			"scale": [0.8, 0.8, 0.8]
		},
		"ground": {
			"scale": [0.7, 0.7, 0.7]
		},
		"gui": {
			"rotation": [0, 90, 0]
		},
		"head": {
			"rotation": [0, 90, -180],
			"translation": [-11, 9.5, 0]
		},
		"fixed": {
			"rotation": [-90, -90, -89],
			"translation": [0, 0, 3]
		}
	}
}