{
	"credit": "Made with Blockbench",
	"textures": {
		"0": "models/iron_block",
		"1": "models/flag",
		"particle": "models/iron_block"
	},
	"elements": [
		{
			"from": [0, 0, 0],
			"to": [2, 32, 2],
			"faces": {
				"north": {"uv": [1.0625, 0.125, 3.0625, 16], "texture": "#0"},
				"east": {"uv": [4.1875, 0.125, 6.1875, 16], "texture": "#0"},
				"south": {"uv": [4.1875, 0.125, 6.1875, 16], "texture": "#0"},
				"west": {"uv": [4.1875, 0.125, 6.1875, 16], "texture": "#0"},
				"up": {"uv": [0, 0, 2, 2], "texture": "#0"},
				"down": {"uv": [0, 0, 2, 2], "texture": "#0"}
			}
		},
		{
			"from": [2, 19.5, 0.9],
			"to": [17, 31.5, 1],
			"rotation": {"angle": 0, "axis": "y", "origin": [10, 27.5, 8.9]},
			"faces": {
				"north": {"uv": [0, 0, 16, 11], "texture": "#1"},
				"east": {"uv": [0, 9, 16, 10], "texture": "#1"},
				"south": {"uv": [0, 0, 16, 11], "texture": "#1"},
				"west": {"uv": [0, 0, 1, 12], "texture": "#missing"},
				"up": {"uv": [0, 9, 16, 10], "texture": "#1"},
				"down": {"uv": [0, 9, 16, 10], "texture": "#1"}
			}
		}
	],
	"display": {
		"thirdperson_righthand": {
			"rotation": [28, -180, 0],
			"translation": [-7, 9.75, -1]
		},
		"thirdperson_lefthand": {
			"rotation": [28, 0, 0],
			"translation": [-7, 3, 11]
		},
		"firstperson_righthand": {
			"rotation": [-16, -180, -6],
			"translation": [2.25, -4, -9.75]
		},
		"firstperson_lefthand": {
			"rotation": [-16, 0, -6],
			"translation": [4, 0.75, 1.5]
		},
		"ground": {
			"translation": [0, 5.75, 0]
		},
		"gui": {
			"rotation": [17, 20, 0],
			"translation": [1.25, -3, 0],
			"scale": [0.4, 0.4, 0.4]
		},
		"head": {
			"translation": [17.25, -23.25, 17.5],
			"scale": [2.5, 2.5, 2.5]
		},
		"fixed": {
			"translation": [0, -3.5, 2.75],
			"scale": [0.4, 0.4, 0.4]
		}
	}
}