{
	"credit": "Made with Blockbench",
	"textures": {
		"0": "models/rocket_tile",
		"1": "models/rocket_tile_dark",
		"2": "models/oxygen_tank",
		"particle": "models/rocket_tile"
	},
	"elements": [
		{
			"from": [2.6, 8, 6.2],
			"to": [3.6, 9, 6.4],
			"rotation": {"angle": 0, "axis": "y", "origin": [10.6, 16, 13.5]},
			"faces": {
				"north": {"uv": [7.5, 7.5, 8.5, 8.5], "texture": "#0"},
				"east": {"uv": [7.5, 7.5, 7.7, 8.5], "texture": "#0"},
				"south": {"uv": [7.5, 7.5, 8.5, 8.5], "texture": "#0"},
				"west": {"uv": [7.5, 7.5, 7.7, 8.5], "texture": "#0"},
				"up": {"uv": [7.5, 7.5, 8.5, 7.7], "texture": "#0"},
				"down": {"uv": [0, 0, 1, 0.2], "texture": "#missing"}
			}
		},
		{
			"from": [2.6, 8, 5.6],
			"to": [3.6, 9, 5.8],
			"rotation": {"angle": 0, "axis": "y", "origin": [10.6, 16, 12.8]},
			"faces": {
				"north": {"uv": [7.5, 7.5, 8.5, 8.5], "texture": "#0"},
				"east": {"uv": [7.5, 7.5, 8.5, 8.5], "texture": "#0"},
				"south": {"uv": [7.5, 7.5, 8.5, 8.5], "texture": "#0"},
				"west": {"uv": [7.5, 7.5, 8.5, 8.5], "texture": "#0"},
				"up": {"uv": [7.5, 7.5, 8.5, 8.5], "texture": "#0"},
				"down": {"uv": [0, 0, 1, 0.2], "texture": "#missing"}
			}
		},
		{
			"from": [2.6, 8, 5.8],
			"to": [3.6, 8.7, 6.2],
			"rotation": {"angle": 0, "axis": "y", "origin": [10.6, 16, 13.1]},
			"faces": {
				"north": {"uv": [0, 0, 1, 0.7], "texture": "#missing"},
				"east": {"uv": [7.5, 7.5, 7.9, 8.2], "texture": "#0"},
				"south": {"uv": [0, 0, 1, 0.7], "texture": "#missing"},
				"west": {"uv": [7.5, 7.5, 7.9, 8.2], "texture": "#0"},
				"up": {"uv": [7.5, 7.5, 8.5, 7.9], "texture": "#0"},
				"down": {"uv": [0, 0, 1, 0.4], "texture": "#missing"}
			}
		},
		{
			"from": [3.2, 6.1, 5.8],
			"to": [4.2, 7.1, 6.2],
			"rotation": {"angle": 0, "axis": "y", "origin": [11.2, 14.1, 13.8]},
			"faces": {
				"north": {"uv": [7.5, 7.5, 8.5, 8.5], "texture": "#0"},
				"east": {"uv": [7.5, 7.5, 8.5, 8.5], "texture": "#0"},
				"south": {"uv": [7.5, 7.5, 8.5, 8.5], "texture": "#0"},
				"west": {"uv": [0, 0, 0.4, 1], "texture": "#missing"},
				"up": {"uv": [0, 0, 1, 0.4], "texture": "#missing"},
				"down": {"uv": [7.5, 7.5, 8.5, 8.5], "texture": "#0"}
			}
		},
		{
			"from": [3.4, 5.5, 5.5],
			"to": [4.4, 5.8, 6.5],
			"rotation": {"angle": 0, "axis": "y", "origin": [11.4, 13.5, 13.5]},
			"faces": {
				"north": {"uv": [0, 0, 1, 1], "texture": "#0"},
				"east": {"uv": [0, 0, 1, 1], "texture": "#0"},
				"south": {"uv": [0, 0, 1, 1], "texture": "#0"},
				"west": {"uv": [0, 0, 1, 0.3], "texture": "#missing"},
				"up": {"uv": [0, 0, 1, 1], "texture": "#0"},
				"down": {"uv": [0, 0, 1, 1], "texture": "#0"}
			}
		},
		{
			"from": [-3.6, 8.8, 5.55],
			"to": [-2.1, 9.1, 6.45],
			"rotation": {"angle": 45, "axis": "z", "origin": [4.4, 16.8, 13.5]},
			"faces": {
				"north": {"uv": [0, 0, 1, 1], "texture": "#0"},
				"east": {"uv": [0, 0, 0.9, 0.3], "texture": "#missing"},
				"south": {"uv": [0, 0, 1, 1], "texture": "#0"},
				"west": {"uv": [0, 0, 1, 1], "texture": "#0"},
				"up": {"uv": [0, 0, 1, 1], "texture": "#0"},
				"down": {"uv": [0, 0, 1, 1], "texture": "#0"}
			}
		},
		{
			"from": [7.9, 6.6, 5.15],
			"to": [9.1, 8.3, 6.85],
			"rotation": {"angle": 0, "axis": "y", "origin": [15.9, 15.5, 14]},
			"faces": {
				"north": {"uv": [0, 0, 1, 1], "texture": "#0"},
				"east": {"uv": [0, 0, 1, 1], "texture": "#0"},
				"south": {"uv": [0, 0, 1, 1], "texture": "#0"},
				"west": {"uv": [0, 0, 1.7, 1.7], "texture": "#missing"},
				"up": {"uv": [0, 0, 1, 1], "texture": "#0"},
				"down": {"uv": [0, 0, 1, 1], "texture": "#0"}
			}
		},
		{
			"from": [2, 7.4, 5],
			"to": [8.1, 8.5, 7],
			"rotation": {"angle": 0, "axis": "y", "origin": [10.2, 15.4, 13]},
			"faces": {
				"north": {"uv": [0, 1.5, 2, 8], "rotation": 270, "texture": "#2"},
				"east": {"uv": [0, 0, 0.5, 0.5], "rotation": 90, "texture": "#2"},
				"south": {"uv": [0, 1.5, 2, 8], "rotation": 90, "texture": "#2"},
				"west": {"uv": [0, 0, 0.5, 0.5], "rotation": 90, "texture": "#2"},
				"up": {"uv": [0, 1.5, 2, 8], "rotation": 90, "texture": "#2"},
				"down": {"uv": [0, 1.5, 2, 8], "rotation": 90, "texture": "#2"}
			}
		},
		{
			"from": [2.1, 6.4, 5.1],
			"to": [8, 8.4, 6.9],
			"rotation": {"angle": 0, "axis": "y", "origin": [10.1, 14.4, 13.1]},
			"faces": {
				"north": {"uv": [0, 0, 0.5, 0.5], "texture": "#1"},
				"east": {"uv": [0, 0, 0.5, 0.5], "texture": "#1"},
				"south": {"uv": [0, 0, 0.5, 0.5], "texture": "#1"},
				"west": {"uv": [0, 0, 0.5, 0.5], "texture": "#1"},
				"up": {"uv": [0, 0, 5.9, 1.8], "texture": "#missing"},
				"down": {"uv": [0, 0, 0.5, 0.5], "texture": "#1"}
			}
		},
		{
			"from": [3, 0, 5.3],
			"to": [5, 4, 6.7],
			"rotation": {"angle": -22.5, "axis": "z", "origin": [11, 8, 13.3]},
			"faces": {
				"north": {"uv": [15.5, 15.5, 16, 16], "rotation": 90, "texture": "#1"},
				"east": {"uv": [15.5, 15.5, 16, 16], "rotation": 90, "texture": "#1"},
				"south": {"uv": [15.5, 15.5, 16, 16], "rotation": 90, "texture": "#1"},
				"west": {"uv": [15.5, 15.5, 16, 16], "rotation": 90, "texture": "#1"},
				"up": {"uv": [0, 0, 2, 1.4], "texture": "#missing"},
				"down": {"uv": [15.5, 15.5, 16, 16], "rotation": 90, "texture": "#1"}
			}
		},
		{
			"from": [9, 7, 5.5],
			"to": [9.2, 8, 6.5],
			"rotation": {"angle": 0, "axis": "y", "origin": [17, 15, 13.5]},
			"faces": {
				"north": {"uv": [8, 10, 9, 11], "texture": "#0"},
				"east": {"uv": [8, 7.5, 9, 8.5], "texture": "#0"},
				"south": {"uv": [8, 10, 9, 11], "texture": "#0"},
				"up": {"uv": [8, 10, 9, 11], "texture": "#0"},
				"down": {"uv": [8, 10, 9, 11], "texture": "#0"}
			}
		},
		{
			"from": [6.5, 8, 6.2],
			"to": [7.5, 9, 6.4],
			"rotation": {"angle": 0, "axis": "y", "origin": [14.5, 16, 13.5]},
			"faces": {
				"north": {"uv": [7.5, 7.5, 8.5, 8.5], "texture": "#0"},
				"east": {"uv": [7.5, 7.5, 7.7, 8.5], "texture": "#0"},
				"south": {"uv": [7.5, 7.5, 8.5, 8.5], "texture": "#0"},
				"west": {"uv": [7.5, 7.5, 7.7, 8.5], "texture": "#0"},
				"up": {"uv": [7.5, 7.5, 8.5, 7.7], "texture": "#0"},
				"down": {"uv": [0, 0, 1, 0.2], "texture": "#missing"}
			}
		},
		{
			"from": [6.5, 8, 5.6],
			"to": [7.5, 9, 5.8],
			"rotation": {"angle": 0, "axis": "y", "origin": [14.5, 16, 12.8]},
			"faces": {
				"north": {"uv": [7.5, 7.5, 8.5, 8.5], "texture": "#0"},
				"east": {"uv": [7.5, 7.5, 8.5, 8.5], "texture": "#0"},
				"south": {"uv": [7.5, 7.5, 8.5, 8.5], "texture": "#0"},
				"west": {"uv": [7.5, 7.5, 8.5, 8.5], "texture": "#0"},
				"up": {"uv": [7.5, 7.5, 8.5, 8.5], "texture": "#0"},
				"down": {"uv": [0, 0, 1, 0.2], "texture": "#missing"}
			}
		},
		{
			"from": [6.5, 8, 5.8],
			"to": [7.5, 8.7, 6.2],
			"rotation": {"angle": 0, "axis": "y", "origin": [14.5, 16, 13.1]},
			"faces": {
				"north": {"uv": [0, 0, 1, 0.7], "texture": "#missing"},
				"east": {"uv": [7.5, 7.5, 7.9, 8.2], "texture": "#0"},
				"south": {"uv": [0, 0, 1, 0.7], "texture": "#missing"},
				"west": {"uv": [7.5, 7.5, 7.9, 8.2], "texture": "#0"},
				"up": {"uv": [7.5, 7.5, 8.5, 7.9], "texture": "#0"},
				"down": {"uv": [0, 0, 1, 0.4], "texture": "#missing"}
			}
		}
	],
	"display": {
		"thirdperson_righthand": {
			"rotation": [16, 90, 0],
			"translation": [2, 4, -3.5]
		},
		"thirdperson_lefthand": {
			"rotation": [16, -90, 0],
			"translation": [-2, 4, -3.5]
		},
		"firstperson_righthand": {
			"rotation": [0, 95, 0],
			"translation": [0, 5, -1.75]
		},
		"firstperson_lefthand": {
			"rotation": [0, -95, 0],
			"translation": [0.25, 5, -3.25]
		},
		"ground": {
			"translation": [0, 1.5, 0]
		},
		"gui": {
			"rotation": [14, -28, 0],
			"translation": [0.75, 3, 0],
			"scale": [1.4, 1.4, 1.4]
		},
		"head": {
			"translation": [-10, 3, 3.5],
			"scale": [1.4, 1.4, 1.4]
		},
		"fixed": {
			"translation": [3, 2, 1.75],
			"scale": [1.5, 1.5, 1.5]
		}
	},
	"groups": [
		{
			"name": "Scope",
			"origin": [14.7, 16, 13.5],
			"children": [0, 1, 2]
		},
		{
			"name": "Trigger",
			"origin": [8, 8, 8],
			"children": [3, 4, 5]
		},
		{
			"name": "Body",
			"origin": [10.1, 14.4, 13.1],
			"children": [6, 7, 8, 9]
		},
		{
			"name": "Hook",
			"origin": [8, 8, 8],
			"children": [10]
		},
		{
			"name": "Scope",
			"origin": [14.7, 16, 13.5],
			"children": [11, 12, 13]
		}
	]
}