{
	"credit": "Made with Blockbench",
	"textures": {
		"0": "models/gold_foil",
		"1": "models/rocket_tile",
		"2": "models/rocket_tile_noisy",
		"3": "models/rocket_tile_dark",
		"particle": "models/gold_foil"
	},
	"elements": [
		{
			"from": [-4, -0.1, 4],
			"to": [20, 8, 12],
			"rotation": {"angle": 0, "axis": "y", "origin": [7, 8, 12]},
			"faces": {
				"north": {"uv": [4.6, 3.0625, 16, 10.9625], "texture": "#0"},
				"east": {"uv": [3.4375, 4.125, 14.6875, 12.125], "texture": "#0"},
				"south": {"uv": [4.6, 3.0625, 16, 10.9625], "texture": "#0"},
				"west": {"uv": [0.5625, 3.875, 11.75, 11.875], "texture": "#0"},
				"up": {"uv": [0, 5.5625, 16, 13.5625], "texture": "#0"},
				"down": {"uv": [0, 0, 16, 6.0625], "texture": "#0"}
			}
		},
		{
			"from": [4, 0, -4],
			"to": [12, 8, 20],
			"rotation": {"angle": 0, "axis": "y", "origin": [7, 8, 11]},
			"faces": {
				"north": {"uv": [1.5625, 5.0625, 12.6875, 12.9375], "texture": "#0"},
				"east": {"uv": [4.6, 3.0625, 16, 10.9625], "texture": "#0"},
				"south": {"uv": [4.8125, 7.625, 16, 15.625], "texture": "#0"},
				"west": {"uv": [4.6, 3.0625, 16, 10.9625], "texture": "#0"},
				"up": {"uv": [8.0625, 0.0625, 16, 16], "texture": "#0"},
				"down": {"uv": [0.625, 0, 9.375, 16], "texture": "#0"}
			}
		},
		{
			"from": [-5.4, 0.1, -1.3],
			"to": [2.5, 7.9, 10.1],
			"rotation": {"angle": -45, "axis": "y", "origin": [2.6, 8, 8.7]},
			"faces": {
				"west": {"uv": [1.9375, 5.6875, 13.1875, 13.6875], "texture": "#0"},
				"up": {"uv": [0, 0, 7.9, 11.4], "texture": "#0"},
				"down": {"uv": [0, 0, 7.9, 11.4], "texture": "#0"}
			}
		},
		{
			"from": [-4.5, 0.1, 5],
			"to": [6.8, 7.9, 12.9],
			"rotation": {"angle": -45, "axis": "y", "origin": [-3.1, 8, 13]},
			"faces": {
				"south": {"uv": [4.7, 3.0625, 16, 10.8625], "texture": "#0"},
				"up": {"uv": [0, 0, 11.3, 7.9], "texture": "#0"},
				"down": {"uv": [0, 0, 7.9, 11.3], "rotation": 270, "texture": "#0"}
			}
		},
		{
			"from": [5, 0.1, 9.1],
			"to": [12.9, 7.9, 20.5],
			"rotation": {"angle": -45, "axis": "y", "origin": [13, 8, 19.1]},
			"faces": {
				"east": {"uv": [4.6, 3.0625, 16, 10.9625], "texture": "#0"},
				"up": {"uv": [0, 0, 7.9, 11.4], "texture": "#0"},
				"down": {"uv": [0, 0, 7.9, 11.4], "texture": "#0"}
			}
		},
		{
			"from": [5.9, 0.1, -5.4],
			"to": [17.2, 7.9, 2.5],
			"rotation": {"angle": -45, "axis": "y", "origin": [7.3, 8, 2.6]},
			"faces": {
				"north": {"uv": [4.75, 3.0625, 16, 11.0625], "texture": "#0"},
				"up": {"uv": [4.75, 3.0625, 16, 11.0625], "texture": "#0"},
				"down": {"uv": [0, 0, 7.9, 11.3], "rotation": 270, "texture": "#0"}
			}
		},
		{
			"from": [7.5, -4.6, -8],
			"to": [8.5, -3.6, 0],
			"rotation": {"angle": 45, "axis": "x", "origin": [15, 3.4, 7]},
			"faces": {
				"east": {"uv": [5.375, 1.4375, 13.375, 2.4375], "texture": "#0"},
				"west": {"uv": [5, 4.3125, 13, 5.3125], "texture": "#0"},
				"up": {"uv": [0, 0, 1, 8], "texture": "#0"},
				"down": {"uv": [0, 0, 1, 8], "texture": "#0"}
			}
		},
		{
			"from": [7.5, -2.7, -9],
			"to": [8.5, -1.7, -1],
			"rotation": {"angle": 22.5, "axis": "x", "origin": [15, 5.3, 6]},
			"faces": {
				"east": {"uv": [0, 0, 8, 1], "texture": "#0"},
				"west": {"uv": [0, 0, 8, 1], "texture": "#0"},
				"up": {"uv": [0, 0, 1, 8], "texture": "#0"},
				"down": {"uv": [0, 0, 1, 8], "texture": "#0"}
			}
		},
		{
			"from": [7.5, -15, -8.4],
			"to": [8.5, 0.9, -7.4],
			"rotation": {"angle": 22.5, "axis": "x", "origin": [15, 7.9, 12.6]},
			"faces": {
				"north": {"uv": [1.3125, 0.125, 2.3125, 16], "texture": "#0"},
				"east": {"uv": [0, 0, 1, 15.9], "texture": "#0"},
				"south": {"uv": [10.25, 0.125, 11.25, 16], "texture": "#0"},
				"west": {"uv": [0, 0, 1, 15.9], "texture": "#0"},
				"up": {"uv": [0, 0, 1, 1], "texture": "#0"},
				"down": {"uv": [0, 0, 1, 1], "texture": "#0"}
			}
		},
		{
			"from": [6.5, -8, -13.8],
			"to": [9.5, -7, -10.8],
			"rotation": {"angle": 22.5, "axis": "x", "origin": [16, 0, -4.8]},
			"faces": {
				"north": {"uv": [9.9375, 9.875, 12.9375, 10.875], "texture": "#0"},
				"east": {"uv": [9.9375, 9.875, 12.9375, 10.875], "texture": "#0"},
				"south": {"uv": [9.9375, 9.875, 12.9375, 10.875], "texture": "#0"},
				"west": {"uv": [9.9375, 9.875, 12.9375, 10.875], "texture": "#0"},
				"up": {"uv": [3, 3, 6, 6], "texture": "#0"},
				"down": {"uv": [3, 3, 6, 6], "texture": "#0"}
			}
		},
		{
			"from": [7.5, -4.6, 16],
			"to": [8.5, -3.6, 24],
			"rotation": {"angle": -45, "axis": "x", "origin": [1, 3.4, 9]},
			"faces": {
				"east": {"uv": [5, 4.3125, 13, 5.3125], "texture": "#0"},
				"west": {"uv": [5.375, 1.4375, 13.375, 2.4375], "texture": "#0"},
				"up": {"uv": [0, 0, 1, 8], "texture": "#0"},
				"down": {"uv": [1, 8, 2, 16], "texture": "#0"}
			}
		},
		{
			"from": [7.5, -2.7, 17],
			"to": [8.5, -1.7, 25],
			"rotation": {"angle": -22.5, "axis": "x", "origin": [1, 5.3, 10]},
			"faces": {
				"east": {"uv": [0, 0, 8, 1], "texture": "#0"},
				"west": {"uv": [0, 0, 8, 1], "texture": "#0"},
				"up": {"uv": [1, 8, 2, 16], "texture": "#0"},
				"down": {"uv": [1, 8, 2, 16], "texture": "#0"}
			}
		},
		{
			"from": [7.5, -15, 23.4],
			"to": [8.5, 0.9, 24.4],
			"rotation": {"angle": -22.5, "axis": "x", "origin": [1, 7.9, 3.4]},
			"faces": {
				"north": {"uv": [10.25, 0.125, 11.25, 16], "texture": "#0"},
				"east": {"uv": [0, 0, 1, 15.9], "texture": "#0"},
				"south": {"uv": [1.3125, 0.125, 2.3125, 16], "texture": "#0"},
				"west": {"uv": [0, 0, 1, 15.9], "texture": "#0"},
				"up": {"uv": [0, 0, 1, 1], "texture": "#0"},
				"down": {"uv": [0, 0, 1, 1], "texture": "#0"}
			}
		},
		{
			"from": [6.5, -8, 26.8],
			"to": [9.5, -7, 29.8],
			"rotation": {"angle": -22.5, "axis": "x", "origin": [0, 0, 20.8]},
			"faces": {
				"north": {"uv": [9.9375, 9.875, 12.9375, 10.875], "texture": "#0"},
				"east": {"uv": [9.9375, 9.875, 12.9375, 10.875], "texture": "#0"},
				"south": {"uv": [9.9375, 9.875, 12.9375, 10.875], "texture": "#0"},
				"west": {"uv": [9.9375, 9.875, 12.9375, 10.875], "texture": "#0"},
				"up": {"uv": [3, 3, 6, 6], "texture": "#0"},
				"down": {"uv": [3, 3, 6, 6], "texture": "#0"}
			}
		},
		{
			"from": [12, 6, 7.5],
			"to": [20, 7, 8.5],
			"rotation": {"angle": 45, "axis": "z", "origin": [20, 14, 15.5]},
			"faces": {
				"north": {"uv": [5, 4.3125, 13, 5.3125], "texture": "#0"},
				"south": {"uv": [5.375, 1.4375, 13.375, 2.4375], "texture": "#0"},
				"up": {"uv": [0, 0, 8, 1], "texture": "#0"},
				"down": {"uv": [0, 0, 8, 1], "texture": "#0"}
			}
		},
		{
			"from": [27.3, -3.2, 7.5],
			"to": [28.3, 12.7, 8.5],
			"rotation": {"angle": 22.5, "axis": "z", "origin": [35.3, 4.8, 15.5]},
			"faces": {
				"north": {"uv": [0, 0, 1, 15.9], "texture": "#0"},
				"east": {"uv": [1.3125, 0.125, 2.3125, 16], "texture": "#0"},
				"south": {"uv": [3.4375, 0.125, 4.4375, 16], "texture": "#0"},
				"west": {"uv": [10.25, 0.125, 11.25, 16], "texture": "#0"},
				"up": {"uv": [0, 0, 1, 1], "texture": "#0"},
				"down": {"uv": [0, 0, 1, 1], "texture": "#0"}
			}
		},
		{
			"from": [25.8, -2, 6.5],
			"to": [28.8, -1, 9.5],
			"rotation": {"angle": 22.5, "axis": "z", "origin": [34.8, 6, 14.5]},
			"faces": {
				"north": {"uv": [9.9375, 9.875, 12.9375, 10.875], "texture": "#0"},
				"east": {"uv": [9.9375, 9.875, 12.9375, 10.875], "texture": "#0"},
				"south": {"uv": [9.9375, 9.875, 12.9375, 10.875], "texture": "#0"},
				"west": {"uv": [9.9375, 9.875, 12.9375, 10.875], "texture": "#0"},
				"up": {"uv": [3, 3, 6, 6], "texture": "#0"},
				"down": {"uv": [3, 3, 6, 6], "texture": "#0"}
			}
		},
		{
			"from": [15.9, 5.4, 7.5],
			"to": [23.9, 6.4, 8.5],
			"rotation": {"angle": 22.5, "axis": "z", "origin": [29.9, 13.4, 15.5]},
			"faces": {
				"north": {"uv": [0, 0, 8, 1], "texture": "#0"},
				"south": {"uv": [0, 0, 8, 1], "texture": "#0"},
				"up": {"uv": [0, 0, 8, 1], "texture": "#0"},
				"down": {"uv": [0, 0, 8, 1], "texture": "#0"}
			}
		},
		{
			"from": [-4, 6, 7.5],
			"to": [4, 7, 8.5],
			"rotation": {"angle": -45, "axis": "z", "origin": [-4, 14, 15.5]},
			"faces": {
				"north": {"uv": [5.375, 1.4375, 13.375, 2.4375], "texture": "#0"},
				"south": {"uv": [5, 4.3125, 13, 5.3125], "texture": "#0"},
				"up": {"uv": [8, 0, 16, 1], "texture": "#0"},
				"down": {"uv": [8, 0, 16, 1], "texture": "#0"}
			}
		},
		{
			"from": [-12.3, -3.2, 7.5],
			"to": [-11.3, 12.7, 8.5],
			"rotation": {"angle": -22.5, "axis": "z", "origin": [-19.3, 4.8, 15.5]},
			"faces": {
				"north": {"uv": [0, 0, 1, 15.9], "texture": "#0"},
				"east": {"uv": [10.25, 0.125, 11.25, 16], "texture": "#0"},
				"south": {"uv": [0, 0, 1, 15.9], "texture": "#0"},
				"west": {"uv": [1.3125, 0.125, 2.3125, 16], "texture": "#0"},
				"up": {"uv": [0, 0, 1, 1], "texture": "#0"},
				"down": {"uv": [0, 0, 1, 1], "texture": "#0"}
			}
		},
		{
			"from": [-12.8, -2, 6.5],
			"to": [-9.8, -1, 9.5],
			"rotation": {"angle": -22.5, "axis": "z", "origin": [-18.8, 6, 14.5]},
			"faces": {
				"north": {"uv": [9.9375, 9.875, 12.9375, 10.875], "texture": "#0"},
				"east": {"uv": [9.9375, 9.875, 12.9375, 10.875], "texture": "#0"},
				"south": {"uv": [9.9375, 9.875, 12.9375, 10.875], "texture": "#0"},
				"west": {"uv": [9.9375, 9.875, 12.9375, 10.875], "texture": "#0"},
				"up": {"uv": [3, 3, 6, 6], "texture": "#0"},
				"down": {"uv": [3, 3, 6, 6], "texture": "#0"}
			}
		},
		{
			"from": [-7.9, 5.4, 7.5],
			"to": [0.1, 6.4, 8.5],
			"rotation": {"angle": -22.5, "axis": "z", "origin": [-13.9, 13.4, 15.5]},
			"faces": {
				"north": {"uv": [8, 0, 16, 1], "texture": "#0"},
				"south": {"uv": [8, 0, 16, 1], "texture": "#0"},
				"up": {"uv": [8, 0, 16, 1], "texture": "#0"},
				"down": {"uv": [8, 0, 16, 1], "texture": "#0"}
			}
		},
		{
			"from": [0, 8, 3],
			"to": [16, 20, 14],
			"rotation": {"angle": 0, "axis": "y", "origin": [10, 16, 10]},
			"faces": {
				"north": {"uv": [3.5, 2.5, 14.5, 14.5], "texture": "#2"},
				"east": {"uv": [0, 2, 11, 14], "texture": "#2"},
				"south": {"uv": [2.5, 2, 13.5, 14], "texture": "#2"},
				"west": {"uv": [0, 2, 11, 14], "texture": "#2"},
				"up": {"uv": [3.5, 2.5, 14.5, 14.5], "texture": "#2"}
			}
		},
		{
			"from": [2, 19.1, 3.1],
			"to": [14, 22.1, 11.9],
			"rotation": {"angle": 0, "axis": "y", "origin": [9, 27.1, 18.9]},
			"faces": {
				"north": {"uv": [0.5, 6, 14.5, 9.5], "texture": "#2"},
				"east": {"uv": [3.5, 0, 0, 16], "texture": "#1"},
				"west": {"uv": [3.5, 0, 0, 16], "texture": "#1"},
				"up": {"uv": [0, 0, 12, 8.8], "texture": "#2"}
			}
		},
		{
			"from": [2.1, 11.3, 13.2],
			"to": [14, 13.3, 16.2],
			"rotation": {"angle": 45, "axis": "x", "origin": [9, 19.3, 23.2]},
			"faces": {
				"east": {"uv": [8.5, 13, 11, 15.5], "texture": "#2"},
				"west": {"uv": [8.5, 13, 11, 15.5], "texture": "#2"},
				"up": {"uv": [1, 2, 10, 5], "texture": "#2"}
			}
		},
		{
			"from": [-5.3, 15.6, 13.9],
			"to": [-2.3, 18.6, 16.8],
			"rotation": {"angle": 45, "axis": "z", "origin": [2.7, 25.6, 23.9]},
			"faces": {
				"south": {"uv": [0, 1.5, 3, 4.5], "texture": "#2"},
				"up": {"uv": [1.5, 5, 4.5, 8], "texture": "#2"}
			}
		},
		{
			"from": [3.3, 17.6, 13.9],
			"to": [6.3, 20.6, 16.8],
			"rotation": {"angle": 45, "axis": "z", "origin": [13.3, 25.6, 23.9]},
			"faces": {
				"east": {"uv": [3.5, 5, 6.5, 8], "texture": "#2"},
				"south": {"uv": [9.5, 12.5, 12.5, 15.5], "texture": "#2"}
			}
		},
		{
			"from": [4.1, 15, 13.9],
			"to": [11.9, 17.1, 16.9],
			"rotation": {"angle": 0, "axis": "y", "origin": [12, 23, 23.9]},
			"faces": {
				"east": {"uv": [0, 0, 3, 2.1], "texture": "#2"},
				"south": {"uv": [8, 14, 16, 16], "texture": "#2"},
				"west": {"uv": [0, 0, 3, 2.1], "texture": "#2"},
				"up": {"uv": [8.5, 13, 16, 16], "texture": "#2"}
			}
		},
		{
			"from": [-7.3, 20.6, 3.2],
			"to": [-4.3, 23.6, 12],
			"rotation": {"angle": 45, "axis": "z", "origin": [0.7, 30.6, 11]},
			"faces": {
				"north": {"uv": [8.5, 13, 11.5, 16], "texture": "#2"},
				"south": {"uv": [8.5, 13, 11, 15.5], "texture": "#2"},
				"up": {"uv": [3.5, 0, 6.5, 8.8], "texture": "#2"}
			}
		},
		{
			"from": [20.3, 20.6, 3.2],
			"to": [23.3, 23.6, 12],
			"rotation": {"angle": -45, "axis": "z", "origin": [15.3, 30.6, 11]},
			"faces": {
				"north": {"uv": [8.5, 13, 11, 15.5], "texture": "#2"},
				"south": {"uv": [8.5, 13, 11, 15.5], "texture": "#2"},
				"up": {"uv": [0.5, 3, 3.5, 12], "texture": "#2"}
			}
		},
		{
			"from": [1, 20, 10],
			"to": [3, 21, 13],
			"rotation": {"angle": 0, "axis": "y", "origin": [8, 28, 21]},
			"faces": {
				"south": {"uv": [0, 0, 3, 1], "texture": "#2"},
				"west": {"uv": [0, 0, 3, 1], "texture": "#2"},
				"up": {"uv": [0, 0, 3, 1], "texture": "#2"}
			}
		},
		{
			"from": [12.9, 20, 10],
			"to": [14.9, 21, 13],
			"rotation": {"angle": 0, "axis": "y", "origin": [19.9, 28, 21]},
			"faces": {
				"east": {"uv": [0, 0, 3, 1], "texture": "#2"},
				"south": {"uv": [0, 0, 3, 1], "texture": "#2"},
				"up": {"uv": [0, 0, 3, 1], "texture": "#2"}
			}
		},
		{
			"from": [-2, 12.5, 7],
			"to": [0, 15.5, 10],
			"rotation": {"angle": 0, "axis": "y", "origin": [7, 20.5, 15]},
			"faces": {
				"west": {"uv": [10, 9, 7, 12], "texture": "#1"}
			}
		},
		{
			"from": [1, 6.8, 7],
			"to": [3, 9.8, 10],
			"rotation": {"angle": -45, "axis": "z", "origin": [10, 14.8, 15]},
			"faces": {
				"north": {"uv": [5.5, 7, 2.5, 10], "texture": "#1"},
				"south": {"uv": [5.5, 7, 2.5, 10], "texture": "#1"},
				"west": {"uv": [5.5, 7, 2.5, 10], "texture": "#1"}
			}
		},
		{
			"from": [-9.3, 13.1, 7],
			"to": [-7.3, 16.1, 10],
			"rotation": {"angle": 45, "axis": "z", "origin": [-1.3, 23.1, 15]},
			"faces": {
				"north": {"uv": [5.5, 7, 2.5, 10], "texture": "#1"},
				"south": {"uv": [5.5, 7, 2.5, 10], "texture": "#1"},
				"west": {"uv": [10, 13, 7, 16], "texture": "#1"}
			}
		},
		{
			"from": [-9.3, 12.5, 7.6],
			"to": [-7.3, 15.5, 10.6],
			"rotation": {"angle": -45, "axis": "y", "origin": [-1.3, 20.5, 17.6]},
			"faces": {
				"west": {"uv": [16, 6, 13, 9], "texture": "#1"},
				"up": {"uv": [5.5, 7, 2.5, 10], "texture": "#1"},
				"down": {"uv": [5.5, 7, 2.5, 10], "texture": "#1"}
			}
		},
		{
			"from": [-9.3, 12.5, 6.4],
			"to": [-7.3, 15.5, 9.4],
			"rotation": {"angle": 45, "axis": "y", "origin": [-1.3, 20.5, -0.6]},
			"faces": {
				"west": {"uv": [3, 2, 0, 5], "texture": "#1"},
				"up": {"uv": [5.5, 7, 2.5, 10], "texture": "#1"},
				"down": {"uv": [5.5, 7, 2.5, 10], "texture": "#1"}
			}
		},
		{
			"from": [16, 12.5, 7],
			"to": [18, 15.5, 10],
			"rotation": {"angle": 0, "axis": "y", "origin": [9, 20.5, 15]},
			"faces": {
				"east": {"uv": [10, 9, 7, 12], "texture": "#1"}
			}
		},
		{
			"from": [13, 6.8, 7],
			"to": [15, 9.8, 10],
			"rotation": {"angle": 45, "axis": "z", "origin": [6, 14.8, 15]},
			"faces": {
				"north": {"uv": [5.5, 7, 2.5, 10], "texture": "#1"},
				"east": {"uv": [5.5, 7, 2.5, 10], "texture": "#1"},
				"south": {"uv": [5.5, 7, 2.5, 10], "texture": "#1"},
				"down": {"uv": [5.5, 7, 2.5, 10], "texture": "#1"}
			}
		},
		{
			"from": [23.3, 13.1, 7],
			"to": [25.3, 16.1, 10],
			"rotation": {"angle": -45, "axis": "z", "origin": [17.3, 23.1, 15]},
			"faces": {
				"north": {"uv": [5.5, 7, 2.5, 10], "texture": "#1"},
				"east": {"uv": [10, 13, 7, 16], "texture": "#1"},
				"south": {"uv": [5.5, 7, 2.5, 10], "texture": "#1"},
				"up": {"uv": [5.5, 7, 2.5, 10], "texture": "#1"}
			}
		},
		{
			"from": [23.3, 12.5, 7.6],
			"to": [25.3, 15.5, 10.6],
			"rotation": {"angle": 45, "axis": "y", "origin": [17.3, 20.5, 17.6]},
			"faces": {
				"east": {"uv": [16, 6, 13, 9], "texture": "#1"},
				"south": {"uv": [5.5, 7, 7.5, 10], "texture": "#1"},
				"up": {"uv": [5.5, 7, 2.5, 10], "texture": "#1"},
				"down": {"uv": [5.5, 7, 2.5, 10], "texture": "#1"}
			}
		},
		{
			"from": [23.3, 12.5, 6.4],
			"to": [25.3, 15.5, 9.4],
			"rotation": {"angle": -45, "axis": "y", "origin": [17.3, 20.5, -0.6]},
			"faces": {
				"north": {"uv": [5.5, 7, 7.5, 10], "texture": "#1"},
				"east": {"uv": [3, 2, 0, 5], "texture": "#1"},
				"up": {"uv": [5.5, 7, 2.5, 10], "texture": "#1"},
				"down": {"uv": [5.5, 7, 2.5, 10], "texture": "#1"}
			}
		},
		{
			"from": [-4.3, 16.6, -0.8],
			"to": [-1.3, 19.6, 8],
			"rotation": {"angle": 45, "axis": "z", "origin": [3.7, 26.6, 7]},
			"faces": {
				"north": {"uv": [0, 0, 3, 3], "texture": "#2"},
				"up": {"uv": [0, 0, 3, 8.8], "texture": "#2"}
			}
		},
		{
			"from": [3, 8, -1],
			"to": [13, 16, 3],
			"rotation": {"angle": 0, "axis": "y", "origin": [11, 16, 10]},
			"faces": {
				"north": {"uv": [6, 8, 16, 16], "texture": "#2"},
				"east": {"uv": [0, 0, 4, 8], "texture": "#2"},
				"west": {"uv": [0, 0, 4, 8], "texture": "#2"},
				"up": {"uv": [0, 0, 10, 4], "texture": "#2"}
			}
		},
		{
			"from": [17.3, 16.6, -0.8],
			"to": [20.3, 19.6, 3],
			"rotation": {"angle": -45, "axis": "z", "origin": [12.3, 26.6, 7]},
			"faces": {
				"north": {"uv": [3, 0, 6, 3], "texture": "#2"},
				"up": {"uv": [8.5, 13, 11.5, 16], "texture": "#2"}
			}
		},
		{
			"from": [5, 16, -0.9],
			"to": [11, 18.1, 7.9],
			"rotation": {"angle": 0, "axis": "y", "origin": [9, 23.1, 14.9]},
			"faces": {
				"north": {"uv": [0, 0, 6, 2.1], "texture": "#2"},
				"east": {"uv": [0, 0, 8.8, 2.1], "texture": "#2"},
				"west": {"uv": [0, 0, 8.8, 2.1], "texture": "#2"},
				"up": {"uv": [0, 0, 6, 8.8], "texture": "#2"}
			}
		},
		{
			"from": [2, 8, 14],
			"to": [14, 15, 17],
			"rotation": {"angle": 0, "axis": "y", "origin": [10, 16, 22]},
			"faces": {
				"east": {"uv": [11, 8, 14, 15], "texture": "#2"},
				"south": {"uv": [3, 7, 15, 14], "texture": "#2"},
				"west": {"uv": [0, 6, 3, 13], "texture": "#2"},
				"up": {"uv": [0, 0, 12, 3], "texture": "#2"}
			}
		},
		{
			"from": [5, -1, 6],
			"to": [11, 0, 10],
			"rotation": {"angle": 0, "axis": "y", "origin": [13, 7, 14]},
			"faces": {
				"north": {"uv": [0, 0, 4, 1], "texture": "#1"},
				"east": {"uv": [0, 0, 4, 1], "texture": "#1"},
				"south": {"uv": [0, 0, 4, 1], "texture": "#1"},
				"west": {"uv": [0, 0, 4, 1], "texture": "#1"},
				"up": {"uv": [0, 0, 6, 4], "texture": "#missing"},
				"down": {"uv": [0, 0, 4, 2], "texture": "#3"}
			}
		},
		{
			"from": [6, -1, 10],
			"to": [10, 0, 11],
			"rotation": {"angle": 0, "axis": "y", "origin": [14, 7, 15]},
			"faces": {
				"north": {"uv": [0, 0, 4, 1], "texture": "#missing"},
				"east": {"uv": [0, 0, 4, 1], "texture": "#1"},
				"south": {"uv": [0, 0, 4, 1], "texture": "#1"},
				"west": {"uv": [0, 0, 4, 1], "texture": "#1"},
				"up": {"uv": [0, 0, 4, 1], "texture": "#missing"},
				"down": {"uv": [0, 0, 4, 2], "texture": "#3"}
			}
		},
		{
			"from": [6, -1, 5],
			"to": [10, 0, 6],
			"rotation": {"angle": 0, "axis": "y", "origin": [14, 7, 10]},
			"faces": {
				"north": {"uv": [0, 0, 4, 1], "texture": "#1"},
				"east": {"uv": [0, 0, 4, 1], "texture": "#1"},
				"south": {"uv": [0, 0, 4, 1], "texture": "#missing"},
				"west": {"uv": [0, 0, 4, 1], "texture": "#1"},
				"up": {"uv": [0, 0, 4, 1], "texture": "#missing"},
				"down": {"uv": [0, 0, 4, 2], "texture": "#3"}
			}
		},
		{
			"from": [6, -3, 4],
			"to": [10, -1, 5],
			"rotation": {"angle": 0, "axis": "y", "origin": [16, 6, 12]},
			"faces": {
				"north": {"uv": [4, 4.5, 8, 6.5], "texture": "#1"},
				"east": {"uv": [6.5, 4.5, 7.5, 6.5], "texture": "#1"},
				"south": {"uv": [0, 0, 4, 2], "texture": "#3"},
				"west": {"uv": [8.5, 5.5, 9.5, 7.5], "texture": "#1"},
				"up": {"uv": [0, 0, 4, 1], "texture": "#1"},
				"down": {"uv": [0, 0, 4, 1], "texture": "#1"}
			}
		},
		{
			"from": [6, -3, 11],
			"to": [10, -1, 12],
			"rotation": {"angle": 0, "axis": "y", "origin": [16, 6, 19]},
			"faces": {
				"north": {"uv": [0, 0, 4, 2], "texture": "#3"},
				"east": {"uv": [6.5, 4.5, 7.5, 6.5], "texture": "#1"},
				"south": {"uv": [12, 5.5, 16, 7.5], "texture": "#1"},
				"west": {"uv": [9, 5, 10, 7], "texture": "#1"},
				"up": {"uv": [0, 0, 4, 1], "texture": "#1"},
				"down": {"uv": [0, 0, 4, 1], "texture": "#1"}
			}
		},
		{
			"from": [11, -3, 6],
			"to": [12, -1, 10],
			"rotation": {"angle": 0, "axis": "y", "origin": [19, 6, 14]},
			"faces": {
				"north": {"uv": [6.5, 4.5, 7.5, 6.5], "texture": "#1"},
				"east": {"uv": [2, 5, 6, 7], "texture": "#1"},
				"south": {"uv": [6.5, 4.5, 7.5, 6.5], "texture": "#1"},
				"west": {"uv": [0, 0, 4, 2], "texture": "#3"},
				"up": {"uv": [0, 0, 4, 1], "texture": "#1"},
				"down": {"uv": [0, 0, 4, 1], "texture": "#1"}
			}
		},
		{
			"from": [4, -3, 6],
			"to": [5, -1, 10],
			"rotation": {"angle": 0, "axis": "y", "origin": [12, 6, 14]},
			"faces": {
				"north": {"uv": [9, 5.5, 9.5, 7.5], "texture": "#1"},
				"east": {"uv": [0, 0, 4, 2], "texture": "#3"},
				"south": {"uv": [0, 0, 1, 2], "texture": "#1"},
				"west": {"uv": [8, 5, 12, 7], "texture": "#1"},
				"up": {"uv": [0, 0, 4, 1], "texture": "#1"},
				"down": {"uv": [0, 0, 4, 1], "texture": "#1"}
			}
		},
		{
			"from": [5, -3, 10],
			"to": [6, -1, 11],
			"rotation": {"angle": 0, "axis": "y", "origin": [13, 5, 18]},
			"faces": {
				"north": {"uv": [0, 0, 4, 2], "texture": "#3"},
				"east": {"uv": [0, 0, 4, 2], "texture": "#3"},
				"south": {"uv": [6.5, 4.5, 7.5, 6.5], "texture": "#1"},
				"west": {"uv": [4.5, 4.5, 5.5, 6.5], "texture": "#1"},
				"up": {"uv": [0, 0, 4, 1], "texture": "#1"},
				"down": {"uv": [0, 0, 4, 1], "texture": "#1"}
			}
		},
		{
			"from": [10, -3, 10],
			"to": [11, -1, 11],
			"rotation": {"angle": 0, "axis": "y", "origin": [18, 5, 18]},
			"faces": {
				"north": {"uv": [0, 0, 4, 2], "texture": "#3"},
				"east": {"uv": [6.5, 4.5, 7.5, 6.5], "texture": "#1"},
				"south": {"uv": [6.5, 4.5, 7.5, 6.5], "texture": "#1"},
				"west": {"uv": [0, 0, 4, 2], "texture": "#3"},
				"up": {"uv": [0, 0, 4, 1], "texture": "#1"},
				"down": {"uv": [0, 0, 4, 1], "texture": "#1"}
			}
		},
		{
			"from": [5, -3, 5],
			"to": [6, -1, 6],
			"rotation": {"angle": 0, "axis": "y", "origin": [13, 5, 13]},
			"faces": {
				"north": {"uv": [9.5, 5.5, 10.5, 7.5], "texture": "#1"},
				"east": {"uv": [0, 0, 4, 2], "texture": "#3"},
				"south": {"uv": [0, 0, 4, 2], "texture": "#3"},
				"west": {"uv": [11, 5.5, 12, 7.5], "texture": "#1"},
				"up": {"uv": [0, 0, 4, 1], "texture": "#1"},
				"down": {"uv": [0, 0, 4, 1], "texture": "#1"}
			}
		},
		{
			"from": [10, -3, 5],
			"to": [11, -1, 6],
			"rotation": {"angle": 0, "axis": "y", "origin": [18, 5, 13]},
			"faces": {
				"north": {"uv": [6.5, 4.5, 7.5, 6.5], "texture": "#1"},
				"east": {"uv": [6.5, 4.5, 7.5, 6.5], "texture": "#1"},
				"south": {"uv": [0, 0, 4, 2], "texture": "#3"},
				"west": {"uv": [0, 0, 4, 2], "texture": "#3"},
				"up": {"uv": [0, 0, 4, 1], "texture": "#1"},
				"down": {"uv": [0, 0, 4, 1], "texture": "#1"}
			}
		}
	],
	"display": {
		"head": {
			"scale": [4, 4, 4]
		}
	},
	"groups": [
		{
			"name": "Base",
			"origin": [7.3, 8, 2.6],
			"children": [0, 1, 2, 3, 4, 5]
		},
		{
			"name": "Leg 1",
			"origin": [8, 8, 8],
			"children": [6, 7, 8, 9]
		},
		{
			"name": "Leg 2",
			"origin": [8, 8, 8],
			"children": [10, 11, 12, 13]
		},
		{
			"name": "Leg 3",
			"origin": [8, 8, 8],
			"children": [14, 15, 16, 17]
		},
		{
			"name": "Leg 4",
			"origin": [8, 8, 8],
			"children": [18, 19, 20, 21]
		},
		{
			"name": "Can",
			"origin": [8, 8, 8],
			"children": [22, 23, 24, 25, 26, 27, 28, 29, 30, 31,
				{
					"name": "group",
					"origin": [7, 20.5, 15],
					"children": [32, 33, 34, 35, 36,
						{
							"name": "group",
							"origin": [7, 20.5, 15],
							"children": [37, 38, 39, 40, 41]
						}, 42]
				}, 43, 44, 45, 46]
		},
		{
			"name": "Engine",
			"origin": [8, 8, 8],
			"children": [47, 48, 49, 50, 51, 52, 53, 54, 55, 56, 57]
		}
	]
}