{
	"credit": "Made with Blockbench",
	"textures": {
		"0": "models/rocket_tile",
		"1": "models/lunchbox_side",
		"particle": "models/rocket_tile"
	},
	"elements": [
		{
			"from": [0, 0, 0],
			"to": [10, 6, 4],
			"faces": {
				"north": {"uv": [0, 3, 16, 12], "texture": "#1"},
				"east": {"uv": [5, 4, 11, 12], "texture": "#1"},
				"south": {"uv": [0, 3, 16, 12], "texture": "#1"},
				"west": {"uv": [5, 4, 11, 12], "texture": "#1"},
				"up": {"uv": [0, 7, 16, 11], "texture": "#1"},
				"down": {"uv": [0, 7, 16, 11], "texture": "#1"}
			}
		},
		{
			"from": [1, 6, 1],
			"to": [2, 7, 3],
			"rotation": {"angle": 0, "axis": "y", "origin": [9, 14, 9]},
			"faces": {
				"north": {"uv": [0, 0, 1, 1], "texture": "#0"},
				"east": {"uv": [0, 0, 1, 1], "texture": "#0"},
				"south": {"uv": [0, 0, 1, 1], "texture": "#0"},
				"west": {"uv": [0, 0, 1, 1], "texture": "#0"},
				"up": {"uv": [0, 0, 1, 2], "texture": "#missing"},
				"down": {"uv": [0, 0, 1, 2], "texture": "#missing"}
			}
		},
		{
			"from": [8, 6, 1],
			"to": [9, 7, 3],
			"rotation": {"angle": 0, "axis": "y", "origin": [16, 14, 9]},
			"faces": {
				"north": {"uv": [7.5, 0, 8.5, 1], "texture": "#0"},
				"east": {"uv": [7.5, 0, 8.5, 1], "texture": "#0"},
				"south": {"uv": [7.5, 0, 8.5, 1], "texture": "#0"},
				"west": {"uv": [7.5, 0, 8.5, 1], "texture": "#0"},
				"up": {"uv": [0, 0, 1, 2], "texture": "#missing"},
				"down": {"uv": [0, 0, 1, 2], "texture": "#missing"}
			}
		},
		{
			"from": [1, 7, 1],
			"to": [9, 8, 3],
			"rotation": {"angle": 0, "axis": "y", "origin": [9, 15, 9]},
			"faces": {
				"north": {"uv": [0, 0, 8, 2], "rotation": 180, "texture": "#0"},
				"east": {"uv": [7.5, 0, 8.5, 1], "texture": "#0"},
				"south": {"uv": [0, 0, 8, 2], "texture": "#0"},
				"west": {"uv": [0, 0, 1, 1], "texture": "#0"},
				"up": {"uv": [0, 0, 8, 2], "texture": "#0"},
				"down": {"uv": [0, 0, 8, 2], "texture": "#0"}
			}
		}
	],
	"display": {
		"thirdperson_righthand": {
			"rotation": [90, 90, 0],
			"translation": [5.75, 1, 1.25]
		},
		"thirdperson_lefthand": {
			"rotation": [90, 90, 0],
			"translation": [5.75, -4.75, 1.25]
		},
		"firstperson_righthand": {
			"rotation": [9, 90, 0],
			"translation": [3.25, 5.25, 0],
			"scale": [0.6, 0.6, 0.6]
		},
		"firstperson_lefthand": {
			"rotation": [9, 90, 0],
			"translation": [2.5, 5.25, 4.25],
			"scale": [0.6, 0.6, 0.6]
		},
		"ground": {
			"translation": [0, 5, 0]
		},
		"gui": {
			"rotation": [10, -27, 0],
			"translation": [-0.25, 3.75, 0]
		},
		"head": {
			"translation": [3, 14.25, 6]
		},
		"fixed": {
			"translation": [2.75, 4.5, 5.5]
		}
	}
}