{
	"credit": "Made with Blockbench",
	"textures": {
		"1": "models/stone",
		"2": "models/vent",
		"3": "models/vent_output",
		"4": "item/pcb",
		"5": "models/led",
		"particle": "models/stone",
		"layer0": "item/oxygen_tank"
	},
	"elements": [
		{
			"from": [5, 2, 5],
			"to": [11, 3, 11],
			"rotation": {"angle": 0, "axis": "y", "origin": [13, 10, 13]},
			"faces": {
				"north": {"uv": [10, 5.5, 10.5, 11.5], "texture": "#layer0"},
				"east": {"uv": [10, 5.5, 10.5, 11.5], "texture": "#layer0"},
				"south": {"uv": [10, 5.5, 10.5, 11.5], "texture": "#layer0"},
				"west": {"uv": [10, 5.5, 10.5, 11.5], "texture": "#layer0"},
				"up": {"uv": [0, 0, 6, 6], "texture": "#missing"},
				"down": {"uv": [10, 5.5, 10.5, 11.5], "texture": "#layer0"}
			}
		},
		{
			"from": [4, 3, 5],
			"to": [12, 15, 11],
			"rotation": {"angle": 0, "axis": "y", "origin": [12, 11, 13]},
			"faces": {
				"north": {"uv": [11, 6, 11.5, 13], "texture": "#layer0"},
				"east": {"uv": [6.5, 4, 10.5, 13], "texture": "#layer0"},
				"south": {"uv": [8, 4, 8.5, 11], "texture": "#layer0"},
				"west": {"uv": [6.5, 4, 10.5, 13], "rotation": 180, "texture": "#layer0"},
				"up": {"uv": [6.5, 4, 10.5, 13], "rotation": 270, "texture": "#layer0"},
				"down": {"uv": [6.5, 4, 10.5, 13], "rotation": 90, "texture": "#layer0"}
			}
		},
		{
			"from": [5, 15, 5],
			"to": [11, 16, 11],
			"rotation": {"angle": 0, "axis": "y", "origin": [13, 23, 13]},
			"faces": {
				"north": {"uv": [11.5, 3, 12, 3.5], "texture": "#layer0"},
				"east": {"uv": [11.5, 3, 12, 4], "texture": "#layer0"},
				"south": {"uv": [11.5, 3, 12, 4], "texture": "#layer0"},
				"west": {"uv": [11.5, 3, 12, 4], "texture": "#layer0"},
				"up": {"uv": [11.5, 3, 12, 3.5], "texture": "#layer0"},
				"down": {"uv": [0, 0, 6, 6], "texture": "#missing"}
			}
		},
		{
			"from": [5, 16, 6],
			"to": [11, 17, 10],
			"rotation": {"angle": 0, "axis": "y", "origin": [13, 24, 14]},
			"faces": {
				"north": {"uv": [11.5, 3, 12, 4], "texture": "#layer0"},
				"east": {"uv": [8.5, 2.5, 9.5, 3.5], "texture": "#layer0"},
				"south": {"uv": [11.5, 3, 12, 4], "texture": "#layer0"},
				"west": {"uv": [7, 2, 9.5, 3.5], "texture": "#layer0"},
				"up": {"uv": [9.5, 2, 10, 3.5], "texture": "#layer0"},
				"down": {"uv": [0, 0, 6, 4], "texture": "#missing"}
			}
		},
		{
			"from": [6, 16, 10],
			"to": [10, 17, 11],
			"rotation": {"angle": 0, "axis": "y", "origin": [12, 24, 15]},
			"faces": {
				"north": {"uv": [0, 0, 4, 1], "texture": "#missing"},
				"east": {"uv": [11.5, 3, 12, 4], "texture": "#layer0"},
				"south": {"uv": [7.5, 2.5, 9, 3.5], "texture": "#layer0"},
				"west": {"uv": [11.5, 3, 12, 4], "texture": "#layer0"},
				"up": {"uv": [7.5, 2, 9, 3], "texture": "#layer0"},
				"down": {"uv": [0, 0, 4, 1], "texture": "#missing"}
			}
		},
		{
			"from": [4, 15, 6],
			"to": [5, 16, 10],
			"rotation": {"angle": 0, "axis": "y", "origin": [10, 23, 14]},
			"faces": {
				"north": {"uv": [11.5, 3, 12, 4], "texture": "#layer0"},
				"east": {"uv": [0, 0, 4, 1], "texture": "#missing"},
				"south": {"uv": [11.5, 3, 12, 4], "texture": "#layer0"},
				"west": {"uv": [11.5, 3, 12, 4], "texture": "#layer0"},
				"up": {"uv": [7, 2.5, 7.5, 3.5], "texture": "#layer0"},
				"down": {"uv": [0, 0, 1, 4], "texture": "#missing"}
			}
		},
		{
			"from": [11, 15, 6],
			"to": [12, 16, 10],
			"rotation": {"angle": 0, "axis": "y", "origin": [17, 23, 14]},
			"faces": {
				"north": {"uv": [11.5, 3, 12, 4], "texture": "#layer0"},
				"east": {"uv": [11.5, 3, 12, 4], "texture": "#layer0"},
				"south": {"uv": [11.5, 3, 12, 4], "texture": "#layer0"},
				"west": {"uv": [0, 0, 4, 1], "texture": "#missing"},
				"up": {"uv": [7.5, 2.5, 8.5, 3.5], "texture": "#layer0"},
				"down": {"uv": [0, 0, 1, 4], "texture": "#missing"}
			}
		},
		{
			"from": [6, 15, 11],
			"to": [10, 16, 12],
			"rotation": {"angle": 0, "axis": "y", "origin": [15, 23, 19]},
			"faces": {
				"north": {"uv": [0, 0, 4, 1], "texture": "#missing"},
				"east": {"uv": [11.5, 3, 12, 4], "texture": "#layer0"},
				"south": {"uv": [11.5, 3, 12, 4], "texture": "#layer0"},
				"west": {"uv": [11.5, 3, 12, 4], "texture": "#layer0"},
				"up": {"uv": [7.5, 2, 8.5, 3], "texture": "#layer0"},
				"down": {"uv": [0, 0, 4, 1], "texture": "#missing"}
			}
		},
		{
			"from": [6, 15, 4],
			"to": [10, 16, 5],
			"rotation": {"angle": 0, "axis": "y", "origin": [15, 23, 12]},
			"faces": {
				"north": {"uv": [11.5, 3, 12, 4], "texture": "#layer0"},
				"east": {"uv": [11.5, 3, 12, 4], "texture": "#layer0"},
				"south": {"uv": [0, 0, 4, 1], "texture": "#missing"},
				"west": {"uv": [11.5, 3, 12, 4], "texture": "#layer0"},
				"up": {"uv": [7, 2.5, 9, 3.5], "texture": "#layer0"},
				"down": {"uv": [0, 0, 4, 1], "texture": "#missing"}
			}
		},
		{
			"from": [6, 16, 5],
			"to": [10, 17, 6],
			"rotation": {"angle": 0, "axis": "y", "origin": [12, 24, 10]},
			"faces": {
				"north": {"uv": [7, 2, 9, 3], "texture": "#layer0"},
				"east": {"uv": [11.5, 3, 12, 4], "texture": "#layer0"},
				"south": {"uv": [0, 0, 4, 1], "texture": "#missing"},
				"west": {"uv": [11.5, 3, 12, 4], "texture": "#layer0"},
				"up": {"uv": [8.5, 2, 9, 3], "texture": "#layer0"},
				"down": {"uv": [0, 0, 4, 1], "texture": "#missing"}
			}
		},
		{
			"from": [5, 3, 4],
			"to": [11, 15, 5],
			"rotation": {"angle": 0, "axis": "y", "origin": [13, 11, 12]},
			"faces": {
				"north": {"uv": [6.5, 4, 10.5, 13], "rotation": 180, "texture": "#layer0"},
				"east": {"uv": [11, 4, 11.5, 11], "texture": "#layer0"},
				"south": {"uv": [0, 0, 6, 12], "texture": "#missing"},
				"west": {"uv": [7.5, 5.5, 8, 8.5], "texture": "#layer0"},
				"up": {"uv": [6.5, 4, 10.5, 13], "texture": "#layer0"},
				"down": {"uv": [6.5, 4, 10.5, 13], "texture": "#layer0"}
			}
		},
		{
			"from": [5, 3, 11],
			"to": [11, 15, 12],
			"rotation": {"angle": 0, "axis": "y", "origin": [13, 11, 19]},
			"faces": {
				"north": {"uv": [0, 0, 6, 12], "texture": "#missing"},
				"east": {"uv": [8, 4, 8.5, 12], "texture": "#layer0"},
				"south": {"uv": [6.5, 4, 10.5, 13], "texture": "#layer0"},
				"west": {"uv": [4.5, 4, 5, 11.5], "texture": "#layer0"},
				"up": {"uv": [6.5, 4, 10.5, 13], "texture": "#layer0"},
				"down": {"uv": [6.5, 4, 10.5, 13], "texture": "#layer0"}
			}
		},
		{
			"from": [6, 17, 6],
			"to": [10, 18, 10],
			"rotation": {"angle": 0, "axis": "y", "origin": [17, 25, 17]},
			"faces": {
				"north": {"uv": [6, 1, 10, 1.5], "texture": "#layer0"},
				"east": {"uv": [6, 1, 10, 1.5], "texture": "#layer0"},
				"south": {"uv": [6, 1, 10, 1.5], "texture": "#layer0"},
				"west": {"uv": [6, 1, 10, 1.5], "texture": "#layer0"},
				"up": {"uv": [6, 1, 10, 1.5], "texture": "#layer0"},
				"down": {"uv": [0, 0, 4, 4], "texture": "#missing"}
			}
		},
		{
			"from": [0, 0, 15],
			"to": [1, 16, 16],
			"rotation": {"angle": 0, "axis": "y", "origin": [8, 8, 23]},
			"faces": {
				"north": {"uv": [0, 0, 1, 0.5], "texture": "#1"},
				"east": {"uv": [0, 0, 1, 0.5], "texture": "#1"},
				"south": {"uv": [0, 0, 1, 0.5], "texture": "#1"},
				"west": {"uv": [0, 0, 1, 0.5], "texture": "#1"},
				"up": {"uv": [0, 0, 1, 0.5], "texture": "#1"},
				"down": {"uv": [0, 0, 1, 0.5], "texture": "#1"}
			}
		},
		{
			"from": [0, 0, 0],
			"to": [1, 16, 1],
			"faces": {
				"north": {"uv": [0, 0, 1, 0.5], "texture": "#1"},
				"east": {"uv": [0, 0, 1, 0.5], "texture": "#1"},
				"south": {"uv": [0, 0, 1, 0.5], "texture": "#1"},
				"west": {"uv": [0, 0, 1, 0.5], "texture": "#1"},
				"up": {"uv": [0, 0, 1, 0.5], "texture": "#1"},
				"down": {"uv": [0, 0, 1, 0.5], "texture": "#1"}
			}
		},
		{
			"from": [15, 0, 15],
			"to": [16, 16, 16],
			"rotation": {"angle": 0, "axis": "y", "origin": [23, 8, 23]},
			"faces": {
				"north": {"uv": [0, 0, 1, 0.5], "texture": "#1"},
				"east": {"uv": [0, 0, 1, 0.5], "texture": "#1"},
				"south": {"uv": [0, 0, 1, 0.5], "texture": "#1"},
				"west": {"uv": [0, 0, 1, 0.5], "texture": "#1"},
				"up": {"uv": [0, 0, 1, 0.5], "texture": "#1"},
				"down": {"uv": [0, 0, 1, 0.5], "texture": "#1"}
			}
		},
		{
			"from": [15, 0, 0],
			"to": [16, 16, 1],
			"rotation": {"angle": 0, "axis": "y", "origin": [23, 8, 8]},
			"faces": {
				"north": {"uv": [0, 0, 1, 0.5], "texture": "#1"},
				"east": {"uv": [0, 0, 1, 0.5], "texture": "#1"},
				"south": {"uv": [0, 0, 1, 0.5], "texture": "#1"},
				"west": {"uv": [0, 0, 1, 0.5], "texture": "#1"},
				"up": {"uv": [0, 0, 1, 0.5], "texture": "#1"},
				"down": {"uv": [0, 0, 1, 0.5], "texture": "#1"}
			}
		},
		{
			"from": [1, 0, 0],
			"to": [15, 1, 1],
			"rotation": {"angle": 0, "axis": "y", "origin": [9, 8, 8]},
			"faces": {
				"north": {"uv": [0, 0, 1, 0.5], "texture": "#1"},
				"east": {"uv": [0, 0, 1, 0.5], "texture": "#1"},
				"south": {"uv": [0, 0, 1, 0.5], "texture": "#1"},
				"west": {"uv": [0, 0, 1, 0.5], "texture": "#1"},
				"up": {"uv": [0, 0, 1, 0.5], "texture": "#1"},
				"down": {"uv": [0, 0, 1, 0.5], "texture": "#1"}
			}
		},
		{
			"from": [1, 15, 0],
			"to": [15, 16, 1],
			"rotation": {"angle": 0, "axis": "y", "origin": [9, 23, 8]},
			"faces": {
				"north": {"uv": [0, 0, 1, 0.5], "texture": "#1"},
				"east": {"uv": [0, 0, 1, 0.5], "texture": "#1"},
				"south": {"uv": [0, 0, 1, 0.5], "texture": "#1"},
				"west": {"uv": [0, 0, 1, 0.5], "texture": "#1"},
				"up": {"uv": [0, 0, 1, 0.5], "texture": "#1"},
				"down": {"uv": [0, 0, 1, 0.5], "texture": "#1"}
			}
		},
		{
			"from": [1, 15, 15],
			"to": [15, 16, 16],
			"rotation": {"angle": 0, "axis": "y", "origin": [9, 23, 23]},
			"faces": {
				"north": {"uv": [0, 0, 1, 0.5], "texture": "#1"},
				"east": {"uv": [0, 0, 1, 0.5], "texture": "#1"},
				"south": {"uv": [0, 0, 1, 0.5], "texture": "#1"},
				"west": {"uv": [0, 0, 1, 0.5], "texture": "#1"},
				"up": {"uv": [0, 0, 1, 0.5], "texture": "#1"},
				"down": {"uv": [0, 0, 1, 0.5], "texture": "#1"}
			}
		},
		{
			"from": [1, 0, 15],
			"to": [15, 1, 16],
			"rotation": {"angle": 0, "axis": "y", "origin": [9, 8, 23]},
			"faces": {
				"north": {"uv": [0, 0, 1, 0.5], "texture": "#1"},
				"east": {"uv": [0, 0, 1, 0.5], "texture": "#1"},
				"south": {"uv": [0, 0, 1, 0.5], "texture": "#1"},
				"west": {"uv": [0, 0, 1, 0.5], "texture": "#1"},
				"up": {"uv": [0, 0, 1, 0.5], "texture": "#1"},
				"down": {"uv": [0, 0, 1, 0.5], "texture": "#1"}
			}
		},
		{
			"from": [0, 0, 1],
			"to": [1, 1, 15],
			"rotation": {"angle": 0, "axis": "y", "origin": [8, 8, 9]},
			"faces": {
				"north": {"uv": [0, 0, 1, 0.5], "texture": "#1"},
				"east": {"uv": [0, 0, 1, 0.5], "texture": "#1"},
				"south": {"uv": [0, 0, 1, 0.5], "texture": "#1"},
				"west": {"uv": [0, 0, 1, 0.5], "texture": "#1"},
				"up": {"uv": [0, 0, 1, 0.5], "texture": "#1"},
				"down": {"uv": [0, 0, 1, 0.5], "texture": "#1"}
			}
		},
		{
			"from": [1, 0, 1],
			"to": [16, 1, 15],
			"rotation": {"angle": 0, "axis": "y", "origin": [23, 8, 9]},
			"faces": {
				"north": {"uv": [0, 0, 15, 1], "texture": "#1"},
				"east": {"uv": [0, 0, 1, 0.5], "texture": "#1"},
				"south": {"uv": [0, 0, 15, 1], "texture": "#1"},
				"west": {"uv": [0, 0, 14, 1], "texture": "#1"},
				"up": {"uv": [0, 0, 1, 0.5], "texture": "#1"},
				"down": {"uv": [0, 0, 1, 0.5], "texture": "#1"}
			}
		},
		{
			"from": [1, 1, 1],
			"to": [15, 15, 1.5],
			"rotation": {"angle": 0, "axis": "y", "origin": [9, 8, 9]},
			"faces": {
				"north": {"uv": [0, 0, 16, 16], "texture": "#2"},
				"east": {"uv": [0, 0, 1, 0.5], "texture": "#1"},
				"south": {"uv": [0, 0, 16, 16], "texture": "#3"},
				"west": {"uv": [0, 0, 1, 0.5], "texture": "#1"},
				"up": {"uv": [0, 0, 1, 0.5], "texture": "#1"},
				"down": {"uv": [0, 0, 1, 0.5], "texture": "#1"}
			}
		},
		{
			"from": [1, 1, 14.5],
			"to": [15, 15, 15],
			"rotation": {"angle": 0, "axis": "y", "origin": [9, 8, 22.5]},
			"faces": {
				"north": {"uv": [0, 0, 16, 16], "texture": "#3"},
				"east": {"uv": [0, 0, 1, 0.5], "texture": "#1"},
				"south": {"uv": [0, 0, 16, 16], "texture": "#2"},
				"west": {"uv": [0, 0, 1, 0.5], "texture": "#1"},
				"up": {"uv": [0, 0, 1, 0.5], "texture": "#1"},
				"down": {"uv": [0, 0, 1, 0.5], "texture": "#1"}
			}
		},
		{
			"from": [4, 1, 1.5],
			"to": [5, 2, 6.5],
			"rotation": {"angle": 0, "axis": "y", "origin": [12, 9, 9.5]},
			"faces": {
				"north": {"uv": [0, 0, 1, 1], "texture": "#missing"},
				"east": {"uv": [6, 2, 6.5, 2.5], "texture": "#4"},
				"south": {"uv": [6, 2, 6.5, 2.5], "texture": "#4"},
				"west": {"uv": [6, 2, 6.5, 2.5], "texture": "#4"},
				"up": {"uv": [6, 2, 6.5, 2.5], "texture": "#4"},
				"down": {"uv": [0, 0, 1, 5], "texture": "#missing"}
			}
		},
		{
			"from": [4, 1, 9.5],
			"to": [5, 2, 14.5],
			"rotation": {"angle": 0, "axis": "y", "origin": [12, 9, 17.5]},
			"faces": {
				"north": {"uv": [0, 0, 1, 1], "texture": "#5"},
				"east": {"uv": [0, 0, 1, 1], "texture": "#5"},
				"south": {"uv": [0, 0, 1, 1], "texture": "#missing"},
				"west": {"uv": [0, 0, 1, 1], "texture": "#5"},
				"up": {"uv": [0, 0, 1, 1], "texture": "#5"},
				"down": {"uv": [0, 0, 1, 5], "texture": "#missing"}
			}
		},
		{
			"from": [4, 2, 5.5],
			"to": [5, 3, 6.5],
			"rotation": {"angle": 0, "axis": "y", "origin": [12, 10, 13.5]},
			"faces": {
				"north": {"uv": [6, 2, 6.5, 2.5], "texture": "#4"},
				"east": {"uv": [0, 0, 1, 1], "texture": "#missing"},
				"south": {"uv": [6, 2, 6.5, 2.5], "texture": "#4"},
				"west": {"uv": [6, 2, 6.5, 2.5], "texture": "#4"},
				"up": {"uv": [0, 0, 1, 1], "texture": "#missing"},
				"down": {"uv": [0, 0, 1, 1], "texture": "#missing"}
			}
		},
		{
			"from": [4, 2, 9.5],
			"to": [5, 3, 10.5],
			"rotation": {"angle": 0, "axis": "y", "origin": [12, 10, 17.5]},
			"faces": {
				"north": {"uv": [0, 0, 1, 1], "texture": "#5"},
				"east": {"uv": [0, 0, 1, 1], "texture": "#missing"},
				"south": {"uv": [0, 0, 1, 1], "texture": "#5"},
				"west": {"uv": [0, 0, 1, 1], "texture": "#5"},
				"up": {"uv": [0, 0, 1, 1], "texture": "#missing"},
				"down": {"uv": [0, 0, 1, 1], "texture": "#missing"}
			}
		},
		{
			"from": [2, 15, 1],
			"to": [3, 16, 15],
			"rotation": {"angle": 0, "axis": "y", "origin": [10, 23, 9]},
			"faces": {
				"north": {"uv": [0, 0, 1, 1], "texture": "#missing"},
				"east": {"uv": [0, 0, 1, 0.5], "texture": "#1"},
				"south": {"uv": [0, 0, 1, 1], "texture": "#missing"},
				"west": {"uv": [0, 0, 1, 0.5], "texture": "#1"},
				"up": {"uv": [0, 0, 1, 0.5], "texture": "#1"},
				"down": {"uv": [0, 0, 1, 0.5], "texture": "#1"}
			}
		},
		{
			"from": [13, 15, 1],
			"to": [14, 16, 15],
			"rotation": {"angle": 0, "axis": "y", "origin": [21, 23, 9]},
			"faces": {
				"north": {"uv": [0, 0, 1, 1], "texture": "#missing"},
				"east": {"uv": [0, 0, 1, 0.5], "texture": "#1"},
				"south": {"uv": [0, 0, 1, 1], "texture": "#missing"},
				"west": {"uv": [0, 0, 1, 0.5], "texture": "#1"},
				"up": {"uv": [0, 0, 1, 0.5], "texture": "#1"},
				"down": {"uv": [0, 0, 1, 0.5], "texture": "#1"}
			}
		},
		{
			"from": [2, 16, 4],
			"to": [14, 17, 5],
			"rotation": {"angle": 0, "axis": "y", "origin": [18, 24, 12]},
			"faces": {
				"north": {"uv": [0, 0, 1, 0.5], "texture": "#1"},
				"east": {"uv": [0, 0, 1, 0.5], "texture": "#1"},
				"south": {"uv": [0, 0, 1, 0.5], "texture": "#1"},
				"west": {"uv": [0, 0, 1, 0.5], "texture": "#1"},
				"up": {"uv": [0, 0, 1, 0.5], "texture": "#1"},
				"down": {"uv": [0, 0, 1, 0.5], "texture": "#1"}
			}
		},
		{
			"from": [2, 16, 11],
			"to": [14, 17, 12],
			"rotation": {"angle": 0, "axis": "y", "origin": [18, 24, 19]},
			"faces": {
				"north": {"uv": [0, 0, 1, 0.5], "texture": "#1"},
				"east": {"uv": [0, 0, 1, 0.5], "texture": "#1"},
				"south": {"uv": [0, 0, 1, 0.5], "texture": "#1"},
				"west": {"uv": [0, 0, 1, 0.5], "texture": "#1"},
				"up": {"uv": [0, 0, 1, 0.5], "texture": "#1"},
				"down": {"uv": [0, 0, 1, 0.5], "texture": "#1"}
			}
		}
	],
	"display": {
		"thirdperson_righthand": {
			"translation": [0, 2, 0.25],
			"scale": [0.25, 0.25, 0.25]
		},
		"thirdperson_lefthand": {
			"translation": [0, 2, 0.25],
			"scale": [0.25, 0.25, 0.25]
		},
		"firstperson_righthand": {
			"rotation": [0, 18, 0],
			"translation": [0.5, 2.5, 0],
			"scale": [0.5, 0.5, 0.5]
		},
		"firstperson_lefthand": {
			"rotation": [0, 18, 0],
			"translation": [0.5, 2.5, 0],
			"scale": [0.5, 0.5, 0.5]
		},
		"ground": {
			"translation": [0, 0.5, 0],
			"scale": [0.5, 0.5, 0.5]
		},
		"gui": {
			"rotation": [14, 118, 0],
			"translation": [0.25, 0, 0],
			"scale": [0.5, 0.5, 0.5]
		},
		"head": {
			"translation": [0, 2.9, 0],
			"scale": [1.6, 1.6, 1.6]
		},
		"fixed": {
			"translation": [0, 0, -4.5]
		}
	},
	"groups": [
		{
			"name": "tank",
			"origin": [8, 8, 8],
			"children": [0, 1, 2, 3, 4, 5, 6, 7, 8, 9, 10, 11, 12]
		},
		{
			"name": "outline",
			"origin": [8, 8, 8],
			"children": [13, 14, 15, 16, 17, 18, 19, 20, 21, 22, 23, 24]
		}, 25, 26, 27, 28, 29, 30, 31, 32]
}