{
	"credit": "Made with Blockbench",
	"texture_size": [32, 32],
	"textures": {
		"0": "models/stone",
		"4": "models/pcb",
		"5": "item/battery",
		"6": "models/iron_block",
		"7": "block/solar2",
		"8": "models/oxygen_mask",
		"1_1": "models/lightsaber_blade",
		"1_0": "models/rocket_tile",
		"particle": "models/capacitor"
	},
	"elements": [
		{
			"from": [12, 0, 1],
			"to": [15, 12, 4],
			"rotation": {"angle": 0, "axis": "y", "origin": [21, 8, 9]},
			"faces": {
				"north": {"uv": [1, 0.25, 1.75, 7.75], "texture": "#0"},
				"east": {"uv": [0.25, 0.25, 1, 7.75], "texture": "#0"},
				"south": {"uv": [2.25, 0.25, 3, 7.75], "texture": "#0"},
				"west": {"uv": [1.625, 0.25, 2.375, 7.75], "texture": "#0"},
				"down": {"uv": [1, 1.75, 1.75, 3.25], "texture": "#0"}
			}
		},
		{
			"from": [1, 0, 1],
			"to": [4, 12, 4],
			"rotation": {"angle": 0, "axis": "y", "origin": [9, 8, 9]},
			"faces": {
				"north": {"uv": [1, 0.25, 1.75, 7.75], "texture": "#0"},
				"east": {"uv": [0.25, 0.25, 1, 7.75], "texture": "#0"},
				"south": {"uv": [2.25, 0.25, 3, 7.75], "texture": "#0"},
				"west": {"uv": [1.625, 0.25, 2.375, 7.75], "texture": "#0"},
				"down": {"uv": [1, 1.75, 1.75, 3.25], "texture": "#0"}
			}
		},
		{
			"from": [12, 0, 12],
			"to": [15, 12, 15],
			"rotation": {"angle": 0, "axis": "y", "origin": [21, 8, 21]},
			"faces": {
				"north": {"uv": [1, 0.25, 1.75, 7.75], "texture": "#0"},
				"east": {"uv": [0.25, 0.25, 1, 7.75], "texture": "#0"},
				"south": {"uv": [2.25, 0.25, 3, 7.75], "texture": "#0"},
				"west": {"uv": [1.625, 0.25, 2.375, 7.75], "texture": "#0"},
				"down": {"uv": [1, 1.75, 1.75, 3.25], "texture": "#0"}
			}
		},
		{
			"from": [1, 0, 12],
			"to": [4, 12, 15],
			"rotation": {"angle": 0, "axis": "y", "origin": [9, 8, 21]},
			"faces": {
				"north": {"uv": [1, 0.25, 1.75, 7.75], "texture": "#0"},
				"east": {"uv": [0.25, 0.25, 1, 7.75], "texture": "#0"},
				"south": {"uv": [2.25, 0.25, 3, 7.75], "texture": "#0"},
				"west": {"uv": [1.625, 0.25, 2.375, 7.75], "texture": "#0"},
				"down": {"uv": [1, 1.75, 1.75, 3.25], "texture": "#0"}
			}
		},
		{
			"from": [0, 12, 0],
			"to": [16, 15, 2],
			"rotation": {"angle": 0, "axis": "y", "origin": [8, 20, 8]},
			"faces": {
				"north": {"uv": [0, 0, 16, 2], "texture": "#6"},
				"east": {"uv": [14, 0, 16, 2], "texture": "#6"},
				"south": {"uv": [0, 0, 0.9375, 0.9375], "texture": "#6"},
				"west": {"uv": [0, 0, 2.0625, 2], "texture": "#6"},
				"up": {"uv": [0, 0, 16, 0.9375], "texture": "#6"},
				"down": {"uv": [0.0625, 15.0625, 16, 16], "texture": "#6"}
			}
		},
		{
			"from": [0, 12, 14],
			"to": [16, 15, 16],
			"rotation": {"angle": 0, "axis": "y", "origin": [8, 20, 22]},
			"faces": {
				"north": {"uv": [0, 0, 0.9375, 0.9375], "texture": "#6"},
				"east": {"uv": [0, 0, 2.0625, 2], "texture": "#6"},
				"south": {"uv": [0, 0, 16, 2], "texture": "#6"},
				"west": {"uv": [14, 0, 16, 2], "texture": "#6"},
				"up": {"uv": [0, 0, 16, 0.9375], "texture": "#6"},
				"down": {"uv": [0, 0, 16, 1], "texture": "#6"}
			}
		},
		{
			"from": [0, 12, 2],
			"to": [2, 15, 14],
			"rotation": {"angle": 0, "axis": "y", "origin": [8, 20, 10]},
			"faces": {
				"east": {"uv": [0, 0, 0.9375, 0.9375], "texture": "#6"},
				"west": {"uv": [1, 0, 14.9375, 2], "texture": "#6"},
				"up": {"uv": [0, 0, 0.9375, 0.9375], "texture": "#6"},
				"down": {"uv": [0, 1.125, 0.9375, 14.9375], "texture": "#6"}
			}
		},
		{
			"from": [2, 12, 2],
			"to": [14, 13.2, 14],
			"rotation": {"angle": 0, "axis": "y", "origin": [10, 20, 10]},
			"faces": {
				"north": {"uv": [0, 0, 3, 0.6], "texture": "#missing"},
				"east": {"uv": [0, 0, 3, 0.6], "texture": "#missing"},
				"south": {"uv": [0, 0, 3, 0.6], "texture": "#missing"},
				"west": {"uv": [0, 0, 3, 0.6], "texture": "#missing"},
				"up": {"uv": [1.0625, 1, 14.875, 14.9375], "texture": "#6"},
				"down": {"uv": [1.0625, 1, 14.875, 14.9375], "texture": "#6"}
			}
		},
		{
			"from": [14, 12, 2],
			"to": [16, 15, 14],
			"rotation": {"angle": 0, "axis": "y", "origin": [22, 20, 10]},
			"faces": {
				"east": {"uv": [1, 0, 14.9375, 2], "texture": "#6"},
				"west": {"uv": [0, 0, 0.9375, 0.9375], "texture": "#6"},
				"up": {"uv": [0, 0, 0.9375, 0.9375], "texture": "#6"},
				"down": {"uv": [0, 1.125, 0.9375, 14.9375], "texture": "#6"}
			}
		},
		{
			"from": [10, 13.5, 3],
			"to": [13, 13.6, 13],
			"rotation": {"angle": 0, "axis": "y", "origin": [20, 21.5, 11]},
			"faces": {
				"north": {"uv": [0, 6.5, 0.5, 9.25], "rotation": 90, "texture": "#7"},
				"east": {"uv": [0, 6.5, 0.5, 9.25], "rotation": 90, "texture": "#7"},
				"south": {"uv": [0, 6.5, 0.5, 9.25], "rotation": 90, "texture": "#7"},
				"west": {"uv": [0, 6.5, 0.5, 9.25], "rotation": 90, "texture": "#7"},
				"up": {"uv": [0, 13.25, 5.75, 16], "rotation": 90, "texture": "#7"}
			}
		},
		{
			"from": [2.4, 12.3, 9.3],
			"to": [5.4, 13.3, 13.3],
			"rotation": {"angle": 0, "axis": "y", "origin": [10.4, 20.3, 17.3]},
			"faces": {
				"up": {"uv": [2.5, 1, 13.5, 15], "rotation": 180, "texture": "#4"}
			}
		},
		{
			"from": [5.4, 13, 10.3],
			"to": [6.4, 13.3, 10.6],
			"rotation": {"angle": 0, "axis": "y", "origin": [13.4, 21, 17.6]},
			"faces": {
				"north": {"uv": [13, 11.5, 13.5, 12.5], "texture": "#4"},
				"east": {"uv": [13, 11.5, 13.5, 12.5], "texture": "#4"},
				"south": {"uv": [13, 11.5, 13.5, 12.5], "texture": "#4"},
				"west": {"uv": [3.25, 7, 3.325, 7.15], "texture": "#4"},
				"up": {"uv": [13, 11.5, 13.5, 12.5], "texture": "#4"}
			}
		},
		{
			"from": [5, 13, 6.1],
			"to": [10.6, 13.3, 6.4],
			"rotation": {"angle": 0, "axis": "y", "origin": [14.1, 21, 13.4]},
			"faces": {
				"north": {"uv": [13, 11.5, 13.5, 12.5], "texture": "#4"},
				"east": {"uv": [13, 11.5, 13.5, 12.5], "texture": "#4"},
				"south": {"uv": [13, 11.5, 13.5, 12.5], "texture": "#4"},
				"west": {"uv": [13, 11.5, 13.5, 12.5], "texture": "#4"},
				"up": {"uv": [13, 11.5, 13.5, 12.5], "texture": "#4"}
			}
		},
		{
			"from": [5.4, 13, 12.1],
			"to": [10.3, 13.3, 12.4],
			"rotation": {"angle": 0, "axis": "y", "origin": [13.4, 21, 19.4]},
			"faces": {
				"north": {"uv": [13, 11.5, 13.5, 12.5], "texture": "#4"},
				"east": {"uv": [13, 11.5, 13.5, 12.5], "texture": "#4"},
				"south": {"uv": [13, 11.5, 13.5, 12.5], "texture": "#4"},
				"west": {"uv": [13, 11.5, 13.5, 12.5], "texture": "#4"},
				"up": {"uv": [13, 11.5, 13.5, 12.5], "texture": "#4"}
			}
		},
		{
			"from": [6.1, 13, 6.4],
			"to": [6.4, 13.3, 10.3],
			"rotation": {"angle": 0, "axis": "y", "origin": [13.4, 21, 17.3]},
			"faces": {
				"east": {"uv": [13, 11.5, 13.5, 12.5], "texture": "#4"},
				"west": {"uv": [13, 11.5, 13.5, 12.5], "texture": "#4"},
				"up": {"uv": [13, 11.5, 13.5, 12.5], "texture": "#4"},
				"down": {"uv": [13, 11.5, 13.5, 12.5], "texture": "#4"}
			}
		},
		{
			"from": [3.5, 12.6, 7],
			"to": [5.1, 12.8, 7.2],
			"rotation": {"angle": 0, "axis": "y", "origin": [5.1, 14.2, 5.6]},
			"faces": {
				"north": {"uv": [0, 1, 1, 13], "rotation": 180, "texture": "#5"},
				"east": {"uv": [0, 1, 1, 13], "rotation": 90, "texture": "#5"},
				"south": {"uv": [0, 1, 1, 13], "texture": "#5"},
				"west": {"uv": [0, 1, 1, 13], "rotation": 270, "texture": "#5"},
				"up": {"uv": [0, 1, 1, 13], "texture": "#5"},
				"down": {"uv": [0, 1, 1, 13], "rotation": 180, "texture": "#5"}
			}
		},
		{
			"from": [3.5, 12.6, 5.4],
			"to": [5.1, 12.8, 5.6],
			"rotation": {"angle": 0, "axis": "y", "origin": [5.1, 14.2, 4]},
			"faces": {
				"north": {"uv": [0, 1, 1, 13], "rotation": 180, "texture": "#5"},
				"south": {"uv": [0, 1, 1, 13], "texture": "#5"},
				"up": {"uv": [4, 1, 12, 2], "texture": "#5"},
				"down": {"uv": [0, 1, 1, 13], "rotation": 180, "texture": "#5"}
			}
		},
		{
			"from": [3.5, 12.6, 4.4],
			"to": [5.1, 12.8, 4.6],
			"rotation": {"angle": 0, "axis": "y", "origin": [5.1, 14.2, 3]},
			"faces": {
				"north": {"uv": [0, 1, 1, 13], "rotation": 180, "texture": "#5"},
				"east": {"uv": [0, 1, 1, 13], "rotation": 90, "texture": "#5"},
				"south": {"uv": [0, 1, 1, 13], "texture": "#5"},
				"west": {"uv": [0, 1, 1, 13], "rotation": 270, "texture": "#5"},
				"up": {"uv": [0, 1, 1, 13], "texture": "#5"},
				"down": {"uv": [0, 1, 1, 13], "rotation": 180, "texture": "#5"}
			}
		},
		{
			"from": [3.3, 12.6, 4.6],
			"to": [3.5, 12.8, 7],
			"rotation": {"angle": 0, "axis": "y", "origin": [4.9, 14.2, 5.4]},
			"faces": {
				"north": {"uv": [0, 1, 1, 13], "rotation": 180, "texture": "#5"},
				"east": {"uv": [0, 1, 1, 13], "rotation": 90, "texture": "#5"},
				"south": {"uv": [0, 1, 1, 13], "texture": "#5"},
				"west": {"uv": [0, 1, 1, 13], "rotation": 270, "texture": "#5"},
				"up": {"uv": [0, 1, 1, 13], "texture": "#5"},
				"down": {"uv": [0, 1, 1, 13], "rotation": 180, "texture": "#5"}
			}
		},
		{
			"from": [5.1, 12.6, 4.6],
			"to": [5.3, 12.8, 7],
			"rotation": {"angle": 0, "axis": "y", "origin": [6.7, 14.2, 5.4]},
			"faces": {
				"north": {"uv": [0, 1, 1, 13], "rotation": 180, "texture": "#5"},
				"east": {"uv": [0, 1, 1, 13], "rotation": 90, "texture": "#5"},
				"south": {"uv": [0, 1, 1, 13], "texture": "#5"},
				"west": {"uv": [0, 1, 1, 13], "rotation": 270, "texture": "#5"},
				"up": {"uv": [0, 1, 1, 13], "texture": "#5"},
				"down": {"uv": [0, 1, 1, 13], "rotation": 180, "texture": "#5"}
			}
		},
		{
			"from": [3.3, 14.4, 4.6],
			"to": [3.5, 14.6, 7],
			"rotation": {"angle": 0, "axis": "y", "origin": [4.9, 16, 5.4]},
			"faces": {
				"north": {"uv": [0, 1, 1, 13], "rotation": 180, "texture": "#5"},
				"east": {"uv": [0, 1, 1, 13], "rotation": 90, "texture": "#5"},
				"south": {"uv": [0, 1, 1, 13], "texture": "#5"},
				"west": {"uv": [0, 2, 1, 14], "rotation": 270, "texture": "#5"},
				"up": {"uv": [0, 0, 1, 12], "texture": "#5"},
				"down": {"uv": [0, 1, 1, 13], "rotation": 180, "texture": "#5"}
			}
		},
		{
			"from": [5.1, 14.4, 4.6],
			"to": [5.3, 14.6, 7],
			"rotation": {"angle": 0, "axis": "y", "origin": [6.7, 16, 5.4]},
			"faces": {
				"north": {"uv": [0, 1, 1, 13], "rotation": 180, "texture": "#5"},
				"east": {"uv": [0, 1, 1, 13], "rotation": 90, "texture": "#5"},
				"south": {"uv": [0, 1, 1, 13], "texture": "#5"},
				"west": {"uv": [0, 1, 1, 13], "rotation": 270, "texture": "#5"},
				"up": {"uv": [0, 1, 1, 13], "texture": "#5"},
				"down": {"uv": [0, 1, 1, 13], "rotation": 180, "texture": "#5"}
			}
		},
		{
			"from": [3.3, 12.8, 7],
			"to": [3.5, 14.4, 7.2],
			"rotation": {"angle": 0, "axis": "y", "origin": [4.9, 14.4, 5.6]},
			"faces": {
				"north": {"uv": [0, 1, 1, 13], "rotation": 180, "texture": "#5"},
				"east": {"uv": [0, 1, 1, 13], "rotation": 90, "texture": "#5"},
				"south": {"uv": [0, 1, 1, 13], "texture": "#5"},
				"west": {"uv": [0, 1, 1, 13], "rotation": 270, "texture": "#5"},
				"up": {"uv": [0, 1, 1, 13], "texture": "#5"},
				"down": {"uv": [0, 1, 1, 13], "rotation": 180, "texture": "#5"}
			}
		},
		{
			"from": [5.1, 12.8, 7],
			"to": [5.3, 14.4, 7.2],
			"rotation": {"angle": 0, "axis": "y", "origin": [6.7, 14.4, 5.6]},
			"faces": {
				"north": {"uv": [0, 1, 1, 13], "rotation": 180, "texture": "#5"},
				"east": {"uv": [0, 1, 1, 13], "rotation": 90, "texture": "#5"},
				"south": {"uv": [0, 1, 1, 13], "texture": "#5"},
				"west": {"uv": [0, 1, 1, 13], "rotation": 270, "texture": "#5"},
				"up": {"uv": [0, 1, 1, 13], "texture": "#5"},
				"down": {"uv": [0, 1, 1, 13], "rotation": 180, "texture": "#5"}
			}
		},
		{
			"from": [3.5, 14.4, 7],
			"to": [5.1, 14.6, 7.2],
			"rotation": {"angle": 0, "axis": "y", "origin": [5.1, 16, 5.6]},
			"faces": {
				"north": {"uv": [0, 1, 1, 13], "rotation": 180, "texture": "#5"},
				"east": {"uv": [0, 1, 1, 13], "rotation": 90, "texture": "#5"},
				"south": {"uv": [0, 1, 1, 13], "texture": "#5"},
				"west": {"uv": [0, 1, 1, 13], "rotation": 270, "texture": "#5"},
				"up": {"uv": [0, 1, 1, 13], "texture": "#5"},
				"down": {"uv": [0, 1, 1, 13], "rotation": 180, "texture": "#5"}
			}
		},
		{
			"from": [3.5, 14.4, 5.4],
			"to": [5.1, 14.6, 5.6],
			"rotation": {"angle": 0, "axis": "y", "origin": [5.1, 16, 4]},
			"faces": {
				"north": {"uv": [0, 1, 1, 13], "rotation": 180, "texture": "#5"},
				"east": {"uv": [0, 0, 1, 1], "rotation": 90, "texture": "#5"},
				"south": {"uv": [0, 1, 1, 13], "texture": "#5"},
				"west": {"uv": [0, 0, 1, 1], "rotation": 270, "texture": "#5"},
				"up": {"uv": [0, 1, 1, 13], "texture": "#5"},
				"down": {"uv": [4, 1, 12, 2], "rotation": 180, "texture": "#5"}
			}
		},
		{
			"from": [3.5, 14.4, 4.4],
			"to": [5.1, 14.6, 4.6],
			"rotation": {"angle": 0, "axis": "y", "origin": [5.1, 16, 3]},
			"faces": {
				"north": {"uv": [0, 1, 1, 13], "rotation": 180, "texture": "#5"},
				"east": {"uv": [0, 1, 1, 13], "rotation": 90, "texture": "#5"},
				"south": {"uv": [0, 1, 1, 13], "texture": "#5"},
				"west": {"uv": [0, 1, 1, 13], "rotation": 270, "texture": "#5"},
				"up": {"uv": [0, 1, 1, 13], "texture": "#5"},
				"down": {"uv": [0, 1, 1, 13], "rotation": 180, "texture": "#5"}
			}
		},
		{
			"from": [5.1, 12.8, 5.4],
			"to": [5.3, 14.4, 5.6],
			"rotation": {"angle": 0, "axis": "y", "origin": [6.7, 14.4, 4]},
			"faces": {
				"north": {"uv": [0, 1, 1, 13], "rotation": 180, "texture": "#5"},
				"east": {"uv": [0, 1, 1, 13], "rotation": 90, "texture": "#5"},
				"south": {"uv": [0, 1, 1, 13], "texture": "#5"},
				"west": {"uv": [4, 1, 12, 2], "rotation": 270, "texture": "#5"}
			}
		},
		{
			"from": [5.1, 12.8, 4.4],
			"to": [5.3, 14.4, 4.6],
			"rotation": {"angle": 0, "axis": "y", "origin": [6.7, 14.4, 3]},
			"faces": {
				"north": {"uv": [0, 1, 1, 13], "rotation": 180, "texture": "#5"},
				"east": {"uv": [0, 1, 1, 13], "rotation": 90, "texture": "#5"},
				"south": {"uv": [0, 1, 1, 13], "texture": "#5"},
				"west": {"uv": [0, 1, 1, 13], "rotation": 270, "texture": "#5"},
				"up": {"uv": [0, 1, 1, 13], "texture": "#5"},
				"down": {"uv": [0, 1, 1, 13], "rotation": 180, "texture": "#5"}
			}
		},
		{
			"from": [3.3, 12.8, 5.4],
			"to": [3.5, 14.4, 5.6],
			"rotation": {"angle": 0, "axis": "y", "origin": [4.9, 14.4, 4]},
			"faces": {
				"north": {"uv": [0, 1, 1, 13], "rotation": 180, "texture": "#5"},
				"east": {"uv": [4, 1, 12, 2], "rotation": 90, "texture": "#5"},
				"south": {"uv": [0, 1, 1, 13], "texture": "#5"},
				"west": {"uv": [0, 1, 1, 13], "rotation": 270, "texture": "#5"}
			}
		},
		{
			"from": [3.3, 12.8, 4.4],
			"to": [3.5, 14.4, 4.6],
			"rotation": {"angle": 0, "axis": "y", "origin": [4.9, 14.4, 3]},
			"faces": {
				"north": {"uv": [0, 1, 1, 13], "rotation": 180, "texture": "#5"},
				"east": {"uv": [0, 1, 1, 13], "rotation": 90, "texture": "#5"},
				"south": {"uv": [0, 1, 1, 13], "texture": "#5"},
				"west": {"uv": [0, 1, 1, 13], "rotation": 270, "texture": "#5"},
				"up": {"uv": [0, 1, 1, 13], "texture": "#5"},
				"down": {"uv": [0, 1, 1, 13], "rotation": 180, "texture": "#5"}
			}
		},
		{
			"from": [4.1, 14.4, 4.8],
			"to": [4.5, 14.6, 5],
			"rotation": {"angle": 0, "axis": "y", "origin": [5.7, 15.8, 3.4]},
			"faces": {
				"north": {"uv": [0, 1, 2, 2], "rotation": 180, "texture": "#5"},
				"east": {"uv": [0, 1.5, 1, 2.5], "rotation": 90, "texture": "#5"},
				"south": {"uv": [0, 0.5, 2, 1.5], "texture": "#5"},
				"west": {"uv": [0, 2, 1, 3], "rotation": 270, "texture": "#5"},
				"up": {"uv": [0, 1.5, 2, 2.5], "texture": "#5"},
				"down": {"uv": [4, 1, 6, 2], "rotation": 180, "texture": "#5"}
			}
		},
		{
			"from": [4.1, 12.6, 4.8],
			"to": [4.5, 12.8, 5],
			"rotation": {"angle": 0, "axis": "y", "origin": [5.7, 14, 3.4]},
			"faces": {
				"north": {"uv": [0, 1, 2, 2], "rotation": 180, "texture": "#5"},
				"east": {"uv": [0, 2, 1, 3], "rotation": 90, "texture": "#5"},
				"south": {"uv": [0, 1.5, 2, 2.5], "texture": "#5"},
				"west": {"uv": [0, 2, 1, 3], "rotation": 270, "texture": "#5"},
				"up": {"uv": [4, 1, 6, 2], "texture": "#5"},
				"down": {"uv": [0, 1, 2, 2], "rotation": 180, "texture": "#5"}
			}
		},
		{
			"from": [5.1, 13.4, 4.8],
			"to": [5.3, 13.8, 5],
			"rotation": {"angle": 0, "axis": "y", "origin": [6.7, 15, 3.4]},
			"faces": {
				"north": {"uv": [0, 1.5, 1, 3.5], "rotation": 180, "texture": "#5"},
				"east": {"uv": [0, 0.5, 2, 1.5], "rotation": 90, "texture": "#5"},
				"south": {"uv": [0, 2.5, 1, 4.5], "texture": "#5"},
				"west": {"uv": [4, 1, 6, 2], "rotation": 270, "texture": "#5"},
				"up": {"uv": [0, 3, 1, 4], "texture": "#5"},
				"down": {"uv": [0, 1.5, 1, 2.5], "rotation": 180, "texture": "#5"}
			}
		},
		{
			"from": [3.3, 13.4, 4.8],
			"to": [3.5, 13.8, 5],
			"rotation": {"angle": 0, "axis": "y", "origin": [4.9, 15, 3.4]},
			"faces": {
				"north": {"uv": [0, 1, 1, 3], "rotation": 180, "texture": "#5"},
				"east": {"uv": [4, 1, 6, 2], "rotation": 90, "texture": "#5"},
				"south": {"uv": [0, 2.5, 1, 4.5], "texture": "#5"},
				"west": {"uv": [0, 0.5, 2, 1.5], "rotation": 270, "texture": "#5"},
				"up": {"uv": [0, 2, 1, 3], "texture": "#5"},
				"down": {"uv": [0, 2, 1, 3], "rotation": 180, "texture": "#5"}
			}
		},
		{
			"from": [3.5, 12.8, 5.6],
			"to": [5.1, 14.4, 7],
			"rotation": {"angle": 0, "axis": "y", "origin": [5.1, 14.4, 5.4]},
			"faces": {
				"east": {"uv": [9, 6, 11.5, 13], "rotation": 90, "texture": "#5"},
				"south": {"uv": [0, 1, 1, 13], "texture": "#5"},
				"west": {"uv": [9, 6, 11.5, 13], "rotation": 270, "texture": "#5"},
				"up": {"uv": [9, 6, 11.5, 13], "texture": "#5"},
				"down": {"uv": [9, 6, 11.5, 13], "rotation": 180, "texture": "#5"}
			}
		},
		{
			"from": [3.5, 12.8, 4.6],
			"to": [5.1, 14.4, 5.4],
			"rotation": {"angle": 0, "axis": "y", "origin": [5.1, 14.4, 3.8]},
			"faces": {
				"north": {"uv": [12.5, 3, 16, 4.5], "rotation": 180, "texture": "#5"},
				"east": {"uv": [12.5, 3, 16, 4.5], "rotation": 90, "texture": "#5"},
				"west": {"uv": [12.5, 3, 16, 4.5], "rotation": 270, "texture": "#5"},
				"up": {"uv": [12.5, 3, 16, 4.5], "texture": "#5"},
				"down": {"uv": [12.5, 3, 16, 4.5], "rotation": 180, "texture": "#5"}
			}
		},
		{
			"from": [6.83, 17.44636, 12.705],
			"to": [7.46, 17.89636, 13.065],
			"rotation": {"angle": -45, "axis": "z", "origin": [3.68, 14.29636, 9.465]},
			"faces": {
				"north": {"uv": [0.5, 0, 0, 0.5], "rotation": 180, "texture": "#1_0"},
				"south": {"uv": [0.5, 0, 0, 0.5], "texture": "#1_0"},
				"up": {"uv": [0, 0.5, 0.5, 0], "rotation": 180, "texture": "#1_0"}
			}
		},
		{
			"from": [7.55, 12.81136, 10.41],
			"to": [8.45, 13.26136, 10.86],
			"rotation": {"angle": 0, "axis": "y", "origin": [4.85, 16.41136, 7.26]},
			"faces": {
				"north": {"uv": [0.5, 0, 0, 0.5], "rotation": 180, "texture": "#1_0"},
				"east": {"uv": [0, 0.5, 0.5, 0], "rotation": 270, "texture": "#1_0"},
				"south": {"uv": [0.5, 0, 0, 0.5], "texture": "#1_0"},
				"west": {"uv": [0, 0.5, 0.5, 0], "rotation": 90, "texture": "#1_0"},
				"down": {"uv": [0, 0.5, 0.5, 0], "texture": "#1_0"}
			}
		},
		{
			"from": [8.54, 17.44636, 12.705],
			"to": [9.17, 17.89636, 13.065],
			"rotation": {"angle": 45, "axis": "z", "origin": [12.32, 14.29636, 9.465]},
			"faces": {
				"north": {"uv": [0.5, 0, 0, 0.5], "rotation": 180, "texture": "#1_0"},
				"south": {"uv": [0.5, 0, 0, 0.5], "texture": "#1_0"},
				"up": {"uv": [0, 0.5, 0.5, 0], "rotation": 180, "texture": "#1_0"}
			}
		},
		{
			"from": [6.83, 9.52636, 12.705],
			"to": [7.46, 9.97636, 13.065],
			"rotation": {"angle": 45, "axis": "z", "origin": [3.68, 13.12636, 9.465]},
			"faces": {
				"north": {"uv": [0.5, 0, 0, 0.5], "rotation": 180, "texture": "#1_0"},
				"south": {"uv": [0.5, 0, 0, 0.5], "texture": "#1_0"},
				"down": {"uv": [0, 0.5, 0.5, 0], "texture": "#1_0"}
			}
		},
		{
			"from": [7.1, 13.26136, 12.66],
			"to": [8.9, 14.16136, 13.11],
			"rotation": {"angle": 0, "axis": "y", "origin": [4.85, 16.86136, 9.51]},
			"faces": {
				"north": {"uv": [0.5, 0, 0, 0.5], "rotation": 180, "texture": "#1_0"},
				"east": {"uv": [0, 0.5, 0.5, 0], "rotation": 270, "texture": "#1_0"},
				"south": {"uv": [0.5, 0, 0, 0.5], "texture": "#1_0"},
				"west": {"uv": [0, 0.5, 0.5, 0], "rotation": 90, "texture": "#1_0"},
				"up": {"uv": [0, 0.5, 0.5, 0], "rotation": 180, "texture": "#1_0"},
				"down": {"uv": [0, 0.5, 0.5, 0], "texture": "#1_0"}
			}
		},
		{
			"from": [7.55, 12.81136, 12.66],
			"to": [8.45, 13.26136, 13.11],
			"rotation": {"angle": 0, "axis": "y", "origin": [4.85, 16.41136, 9.51]},
			"faces": {
				"north": {"uv": [0.5, 0, 0, 0.5], "rotation": 180, "texture": "#1_0"},
				"east": {"uv": [0, 0.5, 0.5, 0], "rotation": 270, "texture": "#1_0"},
				"south": {"uv": [0.5, 0, 0, 0.5], "texture": "#1_0"},
				"west": {"uv": [0, 0.5, 0.5, 0], "rotation": 90, "texture": "#1_0"},
				"down": {"uv": [0, 0.5, 0.5, 0], "texture": "#1_0"}
			}
		},
		{
			"from": [7.55, 14.16136, 12.66],
			"to": [8.45, 14.61136, 13.11],
			"rotation": {"angle": 0, "axis": "y", "origin": [4.85, 17.76136, 9.51]},
			"faces": {
				"north": {"uv": [0.5, 0, 0, 0.5], "rotation": 180, "texture": "#1_0"},
				"east": {"uv": [0, 0.5, 0.5, 0], "rotation": 270, "texture": "#1_0"},
				"south": {"uv": [0.5, 0, 0, 0.5], "texture": "#1_0"},
				"west": {"uv": [0, 0.5, 0.5, 0], "rotation": 90, "texture": "#1_0"},
				"up": {"uv": [0, 0.5, 0.5, 0], "rotation": 180, "texture": "#1_0"}
			}
		},
		{
			"from": [8.54, 9.52636, 12.705],
			"to": [9.17, 9.97636, 13.065],
			"rotation": {"angle": -45, "axis": "z", "origin": [12.32, 13.12636, 9.465]},
			"faces": {
				"north": {"uv": [0.5, 0, 0, 0.5], "rotation": 180, "texture": "#1_0"},
				"south": {"uv": [0.5, 0, 0, 0.5], "texture": "#1_0"},
				"down": {"uv": [0, 0.5, 0.5, 0], "texture": "#1_0"}
			}
		},
		{
			"from": [7.28, 13.26136, 10.86],
			"to": [7.55, 14.16136, 12.66],
			"rotation": {"angle": 0, "axis": "y", "origin": [4.13, 16.86136, 9.06]},
			"faces": {
				"west": {"uv": [1.625, 6.5, 2.875, 2.5], "rotation": 90, "texture": "#1_0"}
			}
		},
		{
			"from": [7.55, 12.99136, 10.86],
			"to": [8.45, 14.43136, 12.66],
			"rotation": {"angle": 0, "axis": "y", "origin": [4.85, 16.86136, 9.06]},
			"faces": {
				"up": {"uv": [1.625, 6.5, 2.875, 2.5], "rotation": 180, "texture": "#1_0"},
				"down": {"uv": [1.625, 6.5, 2.875, 2.5], "texture": "#1_0"}
			}
		},
		{
			"from": [8.45, 13.26136, 10.86],
			"to": [8.72, 14.16136, 12.66],
			"rotation": {"angle": 0, "axis": "y", "origin": [5.3, 16.86136, 9.06]},
			"faces": {
				"east": {"uv": [1.625, 6.5, 2.875, 2.5], "rotation": 270, "texture": "#1_0"}
			}
		},
		{
			"from": [5.975, 9.72886, 10.815],
			"to": [6.425, 10.11136, 12.75],
			"rotation": {"angle": 45, "axis": "z", "origin": [2.825, 13.26136, 9.06]},
			"faces": {
				"west": {"uv": [1.125, 5.65, 1.3375, 3.5], "rotation": 90, "texture": "#1_0"}
			}
		},
		{
			"from": [9.575, 17.31136, 10.815],
			"to": [10.025, 17.69386, 12.75],
			"rotation": {"angle": 45, "axis": "z", "origin": [13.175, 14.16136, 9.06]},
			"faces": {
				"east": {"uv": [1.125, 5.5, 1.375, 3.5], "rotation": 270, "texture": "#1_0"}
			}
		},
		{
			"from": [5.975, 17.31136, 10.815],
			"to": [6.425, 17.69386, 12.75],
			"rotation": {"angle": -45, "axis": "z", "origin": [2.825, 14.16136, 9.06]},
			"faces": {
				"west": {"uv": [1.125, 5.65, 1.3375, 3.5], "rotation": 90, "texture": "#1_0"}
			}
		},
		{
			"from": [9.575, 9.72886, 10.815],
			"to": [10.025, 10.11136, 12.75],
			"rotation": {"angle": -45, "axis": "z", "origin": [13.175, 13.26136, 9.06]},
			"faces": {
				"east": {"uv": [1.125, 5.65, 1.3375, 3.5], "rotation": 270, "texture": "#1_0"}
			}
		},
		{
			"from": [8.54, 17.44636, 10.455],
			"to": [9.17, 17.89636, 10.815],
			"rotation": {"angle": 45, "axis": "z", "origin": [12.32, 14.29636, 7.215]},
			"faces": {
				"north": {"uv": [0.5, 0, 0, 0.5], "rotation": 180, "texture": "#1_0"},
				"south": {"uv": [0.5, 0, 0, 0.5], "texture": "#1_0"},
				"up": {"uv": [0, 0.5, 0.5, 0], "rotation": 180, "texture": "#1_0"}
			}
		},
		{
			"from": [6.83, 17.44636, 10.455],
			"to": [7.46, 17.89636, 10.815],
			"rotation": {"angle": -45, "axis": "z", "origin": [3.68, 14.29636, 7.215]},
			"faces": {
				"north": {"uv": [0.5, 0, 0, 0.5], "rotation": 180, "texture": "#1_0"},
				"south": {"uv": [0.5, 0, 0, 0.5], "texture": "#1_0"},
				"up": {"uv": [0, 0.5, 0.5, 0], "rotation": 180, "texture": "#1_0"}
			}
		},
		{
			"from": [6.83, 9.52636, 10.455],
			"to": [7.46, 9.97636, 10.815],
			"rotation": {"angle": 45, "axis": "z", "origin": [3.68, 13.12636, 7.215]},
			"faces": {
				"north": {"uv": [0.5, 0, 0, 0.5], "rotation": 180, "texture": "#1_0"},
				"east": {"uv": [0, 0.5, 0.5, 0], "rotation": 270, "texture": "#1_0"},
				"south": {"uv": [0.5, 0, 0, 0.5], "texture": "#1_0"},
				"down": {"uv": [0, 0.5, 0.5, 0], "texture": "#1_0"}
			}
		},
		{
			"from": [7.1, 13.26136, 10.41],
			"to": [8.9, 14.16136, 10.86],
			"rotation": {"angle": 0, "axis": "y", "origin": [4.85, 16.86136, 7.26]},
			"faces": {
				"north": {"uv": [0.5, 0, 0, 0.5], "rotation": 180, "texture": "#1_0"},
				"east": {"uv": [0, 0.5, 0.5, 0], "rotation": 270, "texture": "#1_0"},
				"south": {"uv": [0.5, 0, 0, 0.5], "texture": "#1_0"},
				"west": {"uv": [0, 0.5, 0.5, 0], "rotation": 90, "texture": "#1_0"},
				"up": {"uv": [0, 0.5, 0.5, 0], "rotation": 180, "texture": "#1_0"},
				"down": {"uv": [0, 0.5, 0.5, 0], "texture": "#1_0"}
			}
		},
		{
			"from": [7.55, 14.16136, 10.41],
			"to": [8.45, 14.61136, 10.86],
			"rotation": {"angle": 0, "axis": "y", "origin": [4.85, 17.76136, 7.26]},
			"faces": {
				"north": {"uv": [0.5, 0, 0, 0.5], "rotation": 180, "texture": "#1_0"},
				"east": {"uv": [0, 0.5, 0.5, 0], "rotation": 270, "texture": "#1_0"},
				"south": {"uv": [0.5, 0, 0, 0.5], "texture": "#1_0"},
				"west": {"uv": [0, 0.5, 0.5, 0], "rotation": 90, "texture": "#1_0"},
				"up": {"uv": [0, 0.5, 0.5, 0], "rotation": 180, "texture": "#1_0"}
			}
		},
		{
			"from": [8.54, 9.52636, 10.455],
			"to": [9.17, 9.97636, 10.815],
			"rotation": {"angle": -45, "axis": "z", "origin": [12.32, 13.12636, 7.215]},
			"faces": {
				"north": {"uv": [0.5, 0, 0, 0.5], "rotation": 180, "texture": "#1_0"},
				"south": {"uv": [0.5, 0, 0, 0.5], "texture": "#1_0"},
				"down": {"uv": [0, 0.5, 0.5, 0], "texture": "#1_0"}
			}
		},
		{
			"from": [7.505, 13.26136, 2.31],
			"to": [8.405, 14.16136, 10.41],
			"rotation": {"angle": 0, "axis": "y", "origin": [4.355, 17.31136, 6.81]},
			"faces": {
				"north": {"uv": [1, 0, 0.5, 1], "rotation": 180, "texture": "#1_1"},
				"east": {"uv": [0, 8, 0.5, 0], "rotation": 270, "texture": "#1_1"},
				"west": {"uv": [0, 8, 0.5, 0], "rotation": 90, "texture": "#1_1"},
				"up": {"uv": [0, 8, 0.5, 0], "rotation": 180, "texture": "#1_1"},
				"down": {"uv": [0, 8, 0.5, 0], "texture": "#1_1"}
			}
		},
		{
			"from": [-1.3, 17.3, 2],
			"to": [4.7, 17.5, 14],
			"rotation": {"angle": 22.5, "axis": "z", "origin": [6.7, 24.5, 10]},
			"faces": {
				"north": {"uv": [0, 0, 0.1, 0.1], "texture": "#6"},
				"east": {"uv": [0, 15, 16, 16], "texture": "#8"},
				"south": {"uv": [0, 0, 0.1, 0.1], "texture": "#6"},
				"west": {"uv": [0, 15, 16, 16], "texture": "#8"},
				"up": {"uv": [0, 0, 9, 16], "texture": "#8"},
				"down": {"uv": [0, 0, 9, 16], "texture": "#8"}
			}
		},
		{
			"from": [8, 14.8, 2],
			"to": [14, 15, 14],
			"rotation": {"angle": 0, "axis": "z", "origin": [16, 22.8, 10]},
			"faces": {
				"north": {"uv": [0, 0, 0.1, 0.1], "texture": "#6"},
				"east": {"uv": [0, 15, 16, 16], "texture": "#8"},
				"south": {"uv": [0, 0, 0.1, 0.1], "texture": "#6"},
				"west": {"uv": [0, 0, 0.1, 0.1], "texture": "#6"},
				"up": {"uv": [7, 0, 16, 16], "texture": "#8"},
				"down": {"uv": [7, 0, 16, 16], "texture": "#8"}
			}
		},
		{
			"from": [2.8, 19.2, 7],
			"to": [3.8, 19.5, 9],
			"rotation": {"angle": 22.5, "axis": "z", "origin": [10.8, 27.2, 15]},
			"faces": {
				"north": {"uv": [0, 0, 0.5, 0.15], "texture": "#6"},
				"east": {"uv": [0, 0, 1, 0.15], "texture": "#6"},
				"south": {"uv": [0, 0, 0.5, 0.15], "texture": "#6"},
				"west": {"uv": [0, 0, 1, 0.15], "texture": "#6"},
				"up": {"uv": [0, 0, 0.5, 1], "texture": "#6"},
				"down": {"uv": [0, 0, 0.5, 1], "texture": "#6"}
			}
		},
		{
			"from": [8.4, 14.9, 7],
			"to": [9.4, 15.2, 9],
			"rotation": {"angle": 0, "axis": "z", "origin": [16.4, 22.9, 15]},
			"faces": {
				"north": {"uv": [0, 0, 0.5, 0.15], "texture": "#6"},
				"east": {"uv": [0, 0, 1, 0.15], "texture": "#6"},
				"south": {"uv": [0, 0, 0.5, 0.15], "texture": "#6"},
				"west": {"uv": [0, 0, 1, 0.15], "texture": "#6"},
				"up": {"uv": [0, 0, 0.5, 1], "texture": "#6"},
				"down": {"uv": [0, 0, 0.5, 1], "texture": "#6"}
			}
		},
		{
			"from": [7.8, 14.8, 2],
			"to": [8, 15, 14],
			"rotation": {"angle": 0, "axis": "y", "origin": [15, 22.7, 10]},
			"faces": {
				"north": {"uv": [0, 0, 0.1, 0.1], "texture": "#6"},
				"east": {"uv": [0, 0, 6, 0.1], "texture": "#6"},
				"south": {"uv": [0, 0, 0.1, 0.1], "texture": "#6"},
				"west": {"uv": [0, 0, 6, 0.1], "texture": "#6"},
				"up": {"uv": [0, 0, 0.1, 6], "texture": "#6"},
				"down": {"uv": [0, 0, 0.1, 6], "texture": "#6"}
			}
		},
		{
			"from": [4.1, 19.2, 2],
			"to": [4.3, 19.4, 14],
			"rotation": {"angle": 22.5, "axis": "z", "origin": [11.17, 26.97, 10]},
			"faces": {
				"north": {"uv": [0, 0, 0.1, 0.1], "texture": "#6"},
				"east": {"uv": [0, 0, 6, 0.1], "texture": "#6"},
				"south": {"uv": [0, 0, 0.1, 0.1], "texture": "#6"},
				"west": {"uv": [0, 0, 6, 0.1], "texture": "#6"},
				"up": {"uv": [0, 0, 0.1, 6], "texture": "#6"},
				"down": {"uv": [0, 0, 0.1, 6], "texture": "#6"}
			}
		}
	],
	"display": {
		"thirdperson_righthand": {
			"translation": [0, 2, 0],
			"scale": [0.25, 0.25, 0.25]
		},
		"thirdperson_lefthand": {
			"translation": [0, 2, 0],
			"scale": [0.25, 0.25, 0.25]
		},
		"firstperson_righthand": {
			"translation": [0, 2.25, 0],
			"scale": [0.3, 0.3, 0.3]
		},
		"firstperson_lefthand": {
			"translation": [0, 2.25, 0],
			"scale": [0.3, 0.3, 0.3]
		},
		"ground": {
			"scale": [0.5, 0.5, 0.5]
		},
		"gui": {
			"rotation": [27, 20, 0],
			"translation": [-0.25, 0.5, 0],
			"scale": [0.6, 0.6, 0.6]
		},
		"head": {
			"translation": [0, 2.9, 0],
			"scale": [1.6, 1.6, 1.6]
		},
		"fixed": {
			"translation": [0, 0, -3.25]
		}
	},
	"groups": [
		{
			"name": "legs",
			"origin": [8, 8, 8],
			"children": [0, 1, 2, 3]
		},
		{
			"name": "body",
			"origin": [8, 8, 8],
			"children": [4, 5, 6, 7, 8]
		},
		{
			"name": "internals",
			"origin": [8, 8, 8],
			"children": [9, 10, 11, 12, 13, 14,
				{
					"name": "battery",
					"origin": [8, 8, 8],
					"children": [
						{
							"name": "outline",
							"origin": [8, 7, 1],
							"children": [15, 16, 17, 18, 19, 20, 21, 22, 23, 24, 25, 26, 27, 28, 29, 30, 31, 32, 33, 34]
						},
						{
							"name": "interior",
							"origin": [8, 8, 8],
							"children": [35, 36]
						}
					]
				},
				{
					"name": "lightsaber_open",
					"origin": [8, 8, 8],
					"children": [
						{
							"name": "Base",
							"origin": [8, 8, 8],
							"children": [37, 38, 39, 40, 41, 42, 43, 44, 45, 46, 47, 48, 49, 50, 51, 52, 53, 54, 55, 56, 57]
						}, 58]
				}
			]
		},
		{
			"name": "lid",
			"origin": [8, 8, 8],
			"children": [59, 60, 61, 62, 63, 64]
		}
	]
}