{
	"credit": "Made with Blockbench",
	"textures": {
		"0": "models/vent",
		"1": "models/vent_output",
		"2": "models/stone",
		"particle": "models/vent"
	},
	"elements": [
		{
			"from": [9, 0, 6],
			"to": [10, 5, 9],
			"rotation": {"angle": 0, "axis": "y", "origin": [16, 8, 16]},
			"faces": {
				"north": {"uv": [0, 0, 3, 16], "texture": "#2"},
				"east": {"uv": [6.5, 0, 14.5, 16], "texture": "#2"},
				"south": {"uv": [13, 0, 16, 16], "texture": "#2"},
				"west": {"uv": [0, 0, 16, 16], "texture": "#2"},
				"up": {"uv": [0, 0, 0.5, 0.5], "texture": "#2"},
				"down": {"uv": [0, 0, 0.5, 0.5], "texture": "#2"}
			}
		},
		{
			"from": [5, 0, 6],
			"to": [6, 5, 9],
			"rotation": {"angle": 0, "axis": "y", "origin": [12, 8, 16]},
			"faces": {
				"north": {"uv": [13, 0, 16, 16], "texture": "#2"},
				"east": {"uv": [0, 0, 16, 16], "texture": "#2"},
				"south": {"uv": [0, 0, 3, 16], "texture": "#2"},
				"west": {"uv": [6, 0, 14, 16], "texture": "#2"},
				"up": {"uv": [0, 0, 0.5, 0.5], "texture": "#2"},
				"down": {"uv": [0, 0, 0.5, 0.5], "texture": "#2"}
			}
		},
		{
			"from": [6, 0, 5],
			"to": [9, 5, 6],
			"rotation": {"angle": 0, "axis": "y", "origin": [16, 8, 13]},
			"faces": {
				"north": {"uv": [1.5, 0, 9.5, 16], "texture": "#2"},
				"east": {"uv": [13, 0, 16, 16], "texture": "#2"},
				"south": {"uv": [0, 0, 16, 16], "texture": "#2"},
				"west": {"uv": [0, 0, 3, 16], "texture": "#2"},
				"up": {"uv": [0, 0, 0.5, 0.5], "texture": "#2"},
				"down": {"uv": [0, 0, 0.5, 0.5], "texture": "#2"}
			}
		},
		{
			"from": [6, 0, 9],
			"to": [9, 5, 10],
			"rotation": {"angle": 0, "axis": "y", "origin": [16, 8, 17]},
			"faces": {
				"north": {"uv": [0, 0, 16, 16], "texture": "#2"},
				"east": {"uv": [0, 0, 3, 16], "texture": "#2"},
				"south": {"uv": [1.5, 0, 9.5, 16], "texture": "#2"},
				"west": {"uv": [13, 0, 16, 16], "texture": "#2"},
				"up": {"uv": [0, 0, 0.5, 0.5], "texture": "#2"},
				"down": {"uv": [0, 0, 0.5, 0.5], "texture": "#2"}
			}
		},
		{
			"from": [3, 2, 7],
			"to": [5, 3, 8],
			"rotation": {"angle": 0, "axis": "y", "origin": [12, 10, 15]},
			"faces": {
				"north": {"uv": [15, 0.5, 15.5, 1.5], "texture": "#2"},
				"east": {"uv": [0, 0, 1, 1], "texture": "#missing"},
				"south": {"uv": [15, 0.5, 15.5, 1.5], "texture": "#2"},
				"west": {"uv": [6.5, 1, 7, 1.5], "texture": "#0"},
				"up": {"uv": [15, 0.5, 15.5, 1.5], "texture": "#2"},
				"down": {"uv": [15, 0.5, 15.5, 1.5], "texture": "#2"}
			}
		},
		{
			"from": [10, 2, 7],
			"to": [12, 3, 8],
			"rotation": {"angle": 0, "axis": "y", "origin": [19, 10, 15]},
			"faces": {
				"north": {"uv": [15, 0.5, 15.5, 1.5], "texture": "#2"},
				"east": {"uv": [9, 1, 9.5, 1.5], "texture": "#1"},
				"south": {"uv": [15, 0.5, 15.5, 1.5], "texture": "#2"},
				"west": {"uv": [0, 0, 1, 1], "texture": "#missing"},
				"up": {"uv": [15, 0.5, 15.5, 1.5], "texture": "#2"},
				"down": {"uv": [15, 0.5, 15.5, 1.5], "texture": "#2"}
			}
		},
		{
			"from": [6, 1, 6],
			"to": [9, 4, 9],
			"rotation": {"angle": 0, "axis": "y", "origin": [14, 11, 14]},
			"faces": {
				"north": {"uv": [0, 0, 3, 3], "texture": "#missing"},
				"east": {"uv": [0, 0, 3, 3], "texture": "#missing"},
				"south": {"uv": [0, 0, 3, 3], "texture": "#missing"},
				"west": {"uv": [0, 0, 3, 3], "texture": "#missing"},
				"up": {"uv": [0.5, 0.5, 15.5, 15.5], "texture": "#0"},
				"down": {"uv": [0.5, 0.5, 15.5, 15.5], "texture": "#1"}
			}
		},
		{
			"from": [5.5, 0, 5.5],
			"to": [6, 5, 6],
			"rotation": {"angle": 0, "axis": "y", "origin": [13, 8, 13]},
			"faces": {
				"north": {"uv": [0, 0, 0.5, 0.5], "texture": "#2"},
				"east": {"uv": [0, 0, 0.5, 5], "texture": "#missing"},
				"south": {"uv": [0, 0, 0.5, 5], "texture": "#missing"},
				"west": {"uv": [0, 0, 0.5, 0.5], "texture": "#2"},
				"up": {"uv": [0, 0, 0.5, 0.5], "texture": "#2"},
				"down": {"uv": [0, 0, 0.5, 0.5], "texture": "#2"}
			}
		},
		{
			"from": [5.5, 0, 9],
			"to": [6, 5, 9.5],
			"rotation": {"angle": 0, "axis": "y", "origin": [13, 8, 16.5]},
			"faces": {
				"north": {"uv": [0, 0, 0.5, 5], "texture": "#missing"},
				"east": {"uv": [0, 0, 0.5, 5], "texture": "#missing"},
				"south": {"uv": [0, 0, 0.5, 0.5], "texture": "#2"},
				"west": {"uv": [0, 0, 0.5, 0.5], "texture": "#2"},
				"up": {"uv": [0, 0, 0.5, 0.5], "texture": "#2"},
				"down": {"uv": [0, 0, 0.5, 0.5], "texture": "#2"}
			}
		},
		{
			"from": [9, 0, 5.5],
			"to": [9.5, 5, 6],
			"rotation": {"angle": 0, "axis": "y", "origin": [16.5, 8, 13]},
			"faces": {
				"north": {"uv": [0, 0, 0.5, 0.5], "texture": "#2"},
				"east": {"uv": [0, 0, 0.5, 0.5], "texture": "#2"},
				"south": {"uv": [0, 0, 0.5, 5], "texture": "#missing"},
				"west": {"uv": [0, 0, 0.5, 5], "texture": "#missing"},
				"up": {"uv": [0, 0, 0.5, 0.5], "texture": "#2"},
				"down": {"uv": [0, 0, 0.5, 0.5], "texture": "#2"}
			}
		},
		{
			"from": [9, 0, 9],
			"to": [9.5, 5, 9.5],
			"rotation": {"angle": 0, "axis": "y", "origin": [16.5, 8, 16.5]},
			"faces": {
				"north": {"uv": [0, 0, 0.5, 5], "texture": "#missing"},
				"east": {"uv": [0, 0, 0.5, 0.5], "texture": "#2"},
				"south": {"uv": [0, 0, 0.5, 0.5], "texture": "#2"},
				"west": {"uv": [0, 0, 0.5, 5], "texture": "#missing"},
				"up": {"uv": [0, 0, 0.5, 0.5], "texture": "#2"},
				"down": {"uv": [0, 0, 0.5, 0.5], "texture": "#2"}
			}
		}
	],
	"display": {
		"thirdperson_righthand": {
			"rotation": [90, 0, 0],
			"translation": [0.5, 2, 6.5]
		},
		"thirdperson_lefthand": {
			"rotation": [90, 0, 0],
			"translation": [0.5, 2, 6.5]
		},
		"firstperson_righthand": {
			"rotation": [11, -180, 0],
			"translation": [0, 7.5, 0]
		},
		"firstperson_lefthand": {
			"rotation": [11, 0, 0],
			"translation": [0, 7.5, 0]
		},
		"ground": {
			"translation": [0, 4.75, 0]
		},
		"gui": {
			"rotation": [24, -147, 0],
			"translation": [-1, 7, 0],
			"scale": [1.5, 1.5, 1.5]
		},
		"head": {
			"rotation": [90, 0, -90],
			"translation": [11, 10.25, -1],
			"scale": [2, 2, 2]
		},
		"fixed": {
			"translation": [0, 10.5, -4],
			"scale": [2, 2, 2]
		}
	}
}