{
	"credit": "Made with Blockbench",
	"textures": {
		"0": "models/rocket_tile",
		"1": "models/glass_pane",
		"2": "models/rocket_tile_dark",
		"particle": "models/rocket_tile"
	},
	"elements": [
		{
			"from": [3, -16, 2],
			"to": [16, -15, 3],
			"rotation": {"angle": 0, "axis": "y", "origin": [11, -8, 10]},
			"faces": {
				"north": {"uv": [15.5, 15.5, 16, 16], "texture": "#2"},
				"east": {"uv": [15.5, 15.5, 16, 16], "texture": "#2"},
				"south": {"uv": [15.5, 15.5, 16, 16], "texture": "#2"},
				"west": {"uv": [15.5, 15.5, 16, 16], "texture": "#2"},
				"up": {"uv": [15.5, 15.5, 16, 16], "texture": "#2"},
				"down": {"uv": [0.5, 0, 1.5, 1], "texture": "#0"}
			}
		},
		{
			"from": [3, -16, 16],
			"to": [16, -15, 17],
			"rotation": {"angle": 0, "axis": "y", "origin": [11, -8, 24]},
			"faces": {
				"north": {"uv": [15.5, 15.5, 16, 16], "texture": "#2"},
				"east": {"uv": [15.5, 15.5, 16, 16], "texture": "#2"},
				"south": {"uv": [15.5, 15.5, 16, 16], "texture": "#2"},
				"west": {"uv": [15.5, 15.5, 16, 16], "texture": "#2"},
				"up": {"uv": [15.5, 15.5, 16, 16], "texture": "#2"},
				"down": {"uv": [0.5, 0, 1.5, 1], "texture": "#0"}
			}
		},
		{
			"from": [16, -16, 3],
			"to": [17, -15, 16],
			"rotation": {"angle": 0, "axis": "y", "origin": [24, -8, 11]},
			"faces": {
				"north": {"uv": [15.5, 15.5, 16, 16], "texture": "#2"},
				"east": {"uv": [15.5, 15.5, 16, 16], "texture": "#2"},
				"south": {"uv": [15.5, 15.5, 16, 16], "texture": "#2"},
				"west": {"uv": [15.5, 15.5, 16, 16], "texture": "#2"},
				"up": {"uv": [15.5, 15.5, 16, 16], "texture": "#2"},
				"down": {"uv": [0.5, 0, 1.5, 1], "texture": "#0"}
			}
		},
		{
			"from": [2, -16, 3],
			"to": [3, -15, 16],
			"rotation": {"angle": 0, "axis": "y", "origin": [10, -8, 11]},
			"faces": {
				"north": {"uv": [15.5, 15.5, 16, 16], "texture": "#2"},
				"east": {"uv": [15.5, 15.5, 16, 16], "texture": "#2"},
				"south": {"uv": [15.5, 15.5, 16, 16], "texture": "#2"},
				"west": {"uv": [15.5, 15.5, 16, 16], "texture": "#2"},
				"up": {"uv": [15.5, 15.5, 16, 16], "texture": "#2"},
				"down": {"uv": [0.5, 0, 1.5, 1], "texture": "#0"}
			}
		},
		{
			"from": [3, -15, 3],
			"to": [16, -14, 16],
			"rotation": {"angle": 0, "axis": "y", "origin": [11, -7, 11]},
			"faces": {
				"north": {"uv": [15.5, 15.5, 16, 16], "texture": "#2"},
				"east": {"uv": [15.5, 15.5, 16, 16], "texture": "#2"},
				"south": {"uv": [15.5, 15.5, 16, 16], "texture": "#2"},
				"west": {"uv": [15.5, 15.5, 16, 16], "texture": "#2"},
				"up": {"uv": [15.5, 15.5, 16, 16], "texture": "#2"},
				"down": {"uv": [15.5, 15.5, 16, 16], "texture": "#2"}
			}
		},
		{
			"from": [4, -14, 4],
			"to": [15, -13, 15],
			"rotation": {"angle": 0, "axis": "y", "origin": [12, -6, 12]},
			"faces": {
				"north": {"uv": [15.5, 15.5, 16, 16], "texture": "#2"},
				"east": {"uv": [15.5, 15.5, 16, 16], "texture": "#2"},
				"south": {"uv": [15.5, 15.5, 16, 16], "texture": "#2"},
				"west": {"uv": [15.5, 15.5, 16, 16], "texture": "#2"},
				"up": {"uv": [0, 0, 11, 11], "texture": "#missing"},
				"down": {"uv": [0, 0, 11, 11], "texture": "#missing"}
			}
		},
		{
			"from": [2, -13, 2],
			"to": [17, -12, 17],
			"rotation": {"angle": 0, "axis": "y", "origin": [13, -5, 12]},
			"faces": {
				"north": {"uv": [0.5, 0, 1.5, 1], "texture": "#0"},
				"east": {"uv": [0.5, 0, 1.5, 1], "texture": "#0"},
				"south": {"uv": [0.5, 0, 1.5, 1], "texture": "#0"},
				"west": {"uv": [0.5, 0, 1.5, 1], "texture": "#0"},
				"up": {"uv": [0, 0, 1, 1], "texture": "#0"},
				"down": {"uv": [0.5, 0, 1.5, 1], "texture": "#0"}
			}
		},
		{
			"from": [2, -12, 1],
			"to": [17, 16, 2],
			"rotation": {"angle": 0, "axis": "y", "origin": [8, -5, 9]},
			"faces": {
				"north": {"uv": [5.5, 0, 11, 16], "texture": "#0"},
				"east": {"uv": [0, 0, 1, 1], "texture": "#0"},
				"south": {"uv": [5.5, 0, 11, 16], "texture": "#0"},
				"west": {"uv": [0, 0, 1, 1], "texture": "#0"},
				"up": {"uv": [0, 0, 1, 1], "texture": "#0"},
				"down": {"uv": [0.5, 0, 1.5, 1], "texture": "#0"}
			}
		},
		{
			"from": [2, -12, 17],
			"to": [17, 3, 18],
			"rotation": {"angle": 0, "axis": "y", "origin": [9, -5, 25]},
			"faces": {
				"north": {"uv": [5.5, 9.5, 11, 16], "texture": "#0"},
				"east": {"uv": [0, 0, 1, 1], "texture": "#0"},
				"south": {"uv": [5.5, 9.5, 11, 16], "texture": "#0"},
				"west": {"uv": [0, 0, 1, 1], "texture": "#0"},
				"up": {"uv": [0, 0, 15, 1], "texture": "#missing"},
				"down": {"uv": [0.5, 0, 1.5, 1], "texture": "#0"}
			}
		},
		{
			"from": [1, -12, 2],
			"to": [2, 16, 17],
			"rotation": {"angle": 0, "axis": "y", "origin": [9, -5, 10]},
			"faces": {
				"north": {"uv": [0, 0, 1, 1], "texture": "#0"},
				"east": {"uv": [5.5, 0, 11, 16], "texture": "#0"},
				"south": {"uv": [0.5, 0, 1.5, 1], "texture": "#0"},
				"west": {"uv": [5.5, 0, 11, 16], "texture": "#0"},
				"up": {"uv": [0, 0, 1, 1], "texture": "#0"},
				"down": {"uv": [0.5, 0, 1.5, 1], "texture": "#0"}
			}
		},
		{
			"from": [17, -12, 2],
			"to": [18, 16, 17],
			"rotation": {"angle": 0, "axis": "y", "origin": [25, -5, 11]},
			"faces": {
				"north": {"uv": [0, 0, 1, 1], "texture": "#0"},
				"east": {"uv": [5.5, 0, 11, 16], "texture": "#0"},
				"south": {"uv": [0, 0, 1, 1], "texture": "#0"},
				"west": {"uv": [5.5, 0, 11, 16], "texture": "#0"},
				"up": {"uv": [0, 0, 1, 1], "texture": "#0"},
				"down": {"uv": [0.5, 0, 1.5, 1], "texture": "#0"}
			}
		},
		{
			"from": [2, 12, 17],
			"to": [17, 16, 18],
			"rotation": {"angle": 0, "axis": "y", "origin": [10, 20, 25]},
			"faces": {
				"north": {"uv": [5.5, 0, 11, 3], "texture": "#0"},
				"east": {"uv": [0, 0, 1, 1], "texture": "#0"},
				"south": {"uv": [5.5, 0, 11, 3], "texture": "#0"},
				"west": {"uv": [0, 0, 1, 1], "texture": "#0"},
				"up": {"uv": [0, 0, 1, 1], "texture": "#0"},
				"down": {"uv": [0, 0, 15, 1], "texture": "#missing"}
			}
		},
		{
			"from": [6, 3, 17],
			"to": [13, 4, 18],
			"rotation": {"angle": 0, "axis": "y", "origin": [14, 11, 25]},
			"faces": {
				"north": {"uv": [0, 0, 1, 1], "texture": "#0"},
				"east": {"uv": [0, 0, 1, 1], "texture": "#missing"},
				"south": {"uv": [0, 0, 1, 1], "texture": "#0"},
				"west": {"uv": [5.5, 0, 6.5, 16], "texture": "#missing"},
				"up": {"uv": [0, 0, 1, 1], "texture": "#0"},
				"down": {"uv": [0, 0, 7, 1], "texture": "#missing"}
			}
		},
		{
			"from": [6, 11, 17],
			"to": [13, 12, 18],
			"rotation": {"angle": 0, "axis": "y", "origin": [14, 19, 25]},
			"faces": {
				"north": {"uv": [0, 0, 1, 1], "texture": "#0"},
				"east": {"uv": [0, 0, 1, 1], "texture": "#missing"},
				"south": {"uv": [0, 0, 1, 1], "texture": "#0"},
				"west": {"uv": [5.5, 0, 6.5, 16], "texture": "#missing"},
				"up": {"uv": [0, 0, 7, 1], "texture": "#missing"},
				"down": {"uv": [0, 0, 1, 1], "texture": "#0"}
			}
		},
		{
			"from": [5, 3, 17],
			"to": [6, 12, 18],
			"rotation": {"angle": 0, "axis": "y", "origin": [13, 11, 25]},
			"faces": {
				"north": {"uv": [0, 0, 1, 1], "texture": "#0"},
				"east": {"uv": [0, 0, 1, 1], "texture": "#0"},
				"south": {"uv": [0, 0, 1, 1], "texture": "#0"},
				"west": {"uv": [5.5, 0, 6.5, 16], "texture": "#missing"},
				"up": {"uv": [0, 0, 1, 1], "texture": "#missing"},
				"down": {"uv": [0, 0, 1, 1], "texture": "#missing"}
			}
		},
		{
			"from": [13, 3, 17],
			"to": [14, 12, 18],
			"rotation": {"angle": 0, "axis": "y", "origin": [21, 11, 25]},
			"faces": {
				"north": {"uv": [0, 0, 1, 1], "texture": "#0"},
				"east": {"uv": [0, 0, 1, 9], "texture": "#missing"},
				"south": {"uv": [0, 0, 1, 1], "texture": "#0"},
				"west": {"uv": [0, 0, 1, 1], "texture": "#0"},
				"up": {"uv": [0, 0, 1, 1], "texture": "#missing"},
				"down": {"uv": [0, 0, 1, 1], "texture": "#missing"}
			}
		},
		{
			"from": [14, 3, 17],
			"to": [17, 12, 18],
			"rotation": {"angle": 0, "axis": "y", "origin": [24, 11, 25]},
			"faces": {
				"north": {"uv": [5.5, 3, 8, 9.5], "texture": "#0"},
				"east": {"uv": [0, 0, 1, 1], "texture": "#0"},
				"south": {"uv": [9.5, 3, 12, 9.5], "texture": "#0"},
				"west": {"uv": [5.5, 0, 6.5, 16], "texture": "#missing"},
				"up": {"uv": [0, 0, 3, 1], "texture": "#missing"},
				"down": {"uv": [0, 0, 3, 1], "texture": "#missing"}
			}
		},
		{
			"from": [2, 3, 17],
			"to": [5, 12, 18],
			"rotation": {"angle": 0, "axis": "y", "origin": [12, 11, 25]},
			"faces": {
				"north": {"uv": [9.5, 3, 12, 9.5], "texture": "#0"},
				"east": {"uv": [0, 0, 1, 9], "texture": "#missing"},
				"south": {"uv": [5.5, 3, 8, 9.5], "texture": "#0"},
				"west": {"uv": [0, 0, 1, 1], "texture": "#0"},
				"up": {"uv": [0, 0, 3, 1], "texture": "#missing"},
				"down": {"uv": [0, 0, 3, 1], "texture": "#missing"}
			}
		},
		{
			"from": [6, 4, 17.4],
			"to": [13, 11, 17.5],
			"rotation": {"angle": 0, "axis": "y", "origin": [20, 12, 25]},
			"faces": {
				"south": {"uv": [0, 0, 15.99, 15.99], "texture": "#1"}
			}
		},
		{
			"from": [2, 16, 2],
			"to": [3, 18, 3],
			"rotation": {"angle": 0, "axis": "y", "origin": [10, 24, 10]},
			"faces": {
				"north": {"uv": [0, 0, 1, 1], "texture": "#0"},
				"east": {"uv": [0, 0, 1, 2], "texture": "#missing"},
				"south": {"uv": [0, 0, 1, 2], "texture": "#missing"},
				"west": {"uv": [0, 0, 1, 1], "texture": "#0"},
				"up": {"uv": [0, 0, 1, 1], "texture": "#0"},
				"down": {"uv": [0.5, 0, 1.5, 1], "texture": "#0"}
			}
		},
		{
			"from": [3, 18, 3],
			"to": [4, 20, 4],
			"rotation": {"angle": 0, "axis": "y", "origin": [11, 26, 11]},
			"faces": {
				"north": {"uv": [0, 0, 1, 1], "texture": "#0"},
				"east": {"uv": [0, 0, 1, 2], "texture": "#missing"},
				"south": {"uv": [0, 0, 1, 2], "texture": "#missing"},
				"west": {"uv": [0, 0, 1, 1], "texture": "#0"},
				"up": {"uv": [0, 0, 1, 1], "texture": "#0"},
				"down": {"uv": [0.5, 0, 1.5, 1], "texture": "#0"}
			}
		},
		{
			"from": [4, 20, 4],
			"to": [5, 22, 5],
			"rotation": {"angle": 0, "axis": "y", "origin": [12, 28, 12]},
			"faces": {
				"north": {"uv": [0, 0, 1, 1], "texture": "#0"},
				"east": {"uv": [0, 0, 1, 2], "texture": "#missing"},
				"south": {"uv": [0, 0, 1, 2], "texture": "#missing"},
				"west": {"uv": [0, 0, 1, 1], "texture": "#0"},
				"up": {"uv": [0, 0, 1, 1], "texture": "#0"},
				"down": {"uv": [0.5, 0, 1.5, 1], "texture": "#0"}
			}
		},
		{
			"from": [6, 24, 6],
			"to": [7, 26, 7],
			"rotation": {"angle": 0, "axis": "y", "origin": [14, 32, 14]},
			"faces": {
				"north": {"uv": [0, 0, 1, 1], "texture": "#0"},
				"east": {"uv": [0, 0, 1, 2], "texture": "#missing"},
				"south": {"uv": [0, 0, 1, 2], "texture": "#missing"},
				"west": {"uv": [0, 0, 1, 1], "texture": "#0"},
				"up": {"uv": [0, 0, 1, 1], "texture": "#0"},
				"down": {"uv": [0.5, 0, 1.5, 1], "texture": "#0"}
			}
		},
		{
			"from": [7, 26, 7],
			"to": [8, 28, 8],
			"rotation": {"angle": 0, "axis": "y", "origin": [15, 34, 15]},
			"faces": {
				"north": {"uv": [0, 0, 1, 1], "texture": "#0"},
				"east": {"uv": [0, 0, 1, 2], "texture": "#missing"},
				"south": {"uv": [0, 0, 1, 2], "texture": "#missing"},
				"west": {"uv": [0, 0, 1, 1], "texture": "#0"},
				"up": {"uv": [0, 0, 1, 1], "texture": "#0"},
				"down": {"uv": [0.5, 0, 1.5, 1], "texture": "#0"}
			}
		},
		{
			"from": [8, 28, 8],
			"to": [9, 30, 9],
			"rotation": {"angle": 0, "axis": "y", "origin": [16, 36, 16]},
			"faces": {
				"north": {"uv": [0, 0, 1, 1], "texture": "#0"},
				"east": {"uv": [0, 0, 1, 2], "texture": "#missing"},
				"south": {"uv": [0, 0, 1, 2], "texture": "#missing"},
				"west": {"uv": [0, 0, 1, 1], "texture": "#0"},
				"up": {"uv": [0, 0, 1, 1], "texture": "#0"},
				"down": {"uv": [0.5, 0, 1.5, 1], "texture": "#0"}
			}
		},
		{
			"from": [5, 22, 5],
			"to": [6, 24, 6],
			"rotation": {"angle": 0, "axis": "y", "origin": [13, 30, 13]},
			"faces": {
				"north": {"uv": [0, 0, 1, 1], "texture": "#0"},
				"east": {"uv": [0, 0, 1, 2], "texture": "#missing"},
				"south": {"uv": [0, 0, 1, 2], "texture": "#missing"},
				"west": {"uv": [0, 0, 1, 1], "texture": "#0"},
				"up": {"uv": [0, 0, 1, 1], "texture": "#0"},
				"down": {"uv": [0.5, 0, 1.5, 1], "texture": "#0"}
			}
		},
		{
			"from": [2, 16, 16],
			"to": [3, 18, 17],
			"rotation": {"angle": 0, "axis": "y", "origin": [10, 24, 9]},
			"faces": {
				"north": {"uv": [0, 0, 1, 2], "texture": "#missing"},
				"east": {"uv": [0, 0, 1, 2], "texture": "#missing"},
				"south": {"uv": [0, 0, 1, 1], "texture": "#0"},
				"west": {"uv": [0, 0, 1, 1], "texture": "#0"},
				"up": {"uv": [0, 0, 1, 1], "texture": "#0"},
				"down": {"uv": [0.5, 0, 1.5, 1], "texture": "#0"}
			}
		},
		{
			"from": [3, 18, 15],
			"to": [4, 20, 16],
			"rotation": {"angle": 0, "axis": "y", "origin": [10, 24, 9]},
			"faces": {
				"north": {"uv": [0, 0, 1, 2], "texture": "#missing"},
				"east": {"uv": [0, 0, 1, 2], "texture": "#missing"},
				"south": {"uv": [0, 0, 1, 1], "texture": "#0"},
				"west": {"uv": [0, 0, 1, 1], "texture": "#0"},
				"up": {"uv": [0, 0, 1, 1], "texture": "#0"},
				"down": {"uv": [0.5, 0, 1.5, 1], "texture": "#0"}
			}
		},
		{
			"from": [11, 26, 11],
			"to": [12, 28, 12],
			"rotation": {"angle": 0, "axis": "y", "origin": [9, 24, 9]},
			"faces": {
				"north": {"uv": [0, 0, 1, 2], "texture": "#missing"},
				"east": {"uv": [0, 0, 1, 1], "texture": "#0"},
				"south": {"uv": [0, 0, 1, 1], "texture": "#0"},
				"west": {"uv": [5.5, 0, 6.5, 16], "texture": "#missing"},
				"up": {"uv": [0, 0, 1, 1], "texture": "#0"},
				"down": {"uv": [0.5, 0, 1.5, 1], "texture": "#0"}
			}
		},
		{
			"from": [13, 22, 13],
			"to": [14, 24, 14],
			"rotation": {"angle": 0, "axis": "y", "origin": [9, 24, 9]},
			"faces": {
				"north": {"uv": [0, 0, 1, 2], "texture": "#missing"},
				"east": {"uv": [0, 0, 1, 1], "texture": "#0"},
				"south": {"uv": [0, 0, 1, 1], "texture": "#0"},
				"west": {"uv": [5.5, 0, 6.5, 16], "texture": "#missing"},
				"up": {"uv": [0, 0, 1, 1], "texture": "#0"},
				"down": {"uv": [0.5, 0, 1.5, 1], "texture": "#0"}
			}
		},
		{
			"from": [10, 28, 10],
			"to": [11, 30, 11],
			"rotation": {"angle": 0, "axis": "y", "origin": [9, 24, 9]},
			"faces": {
				"north": {"uv": [0, 0, 1, 2], "texture": "#missing"},
				"east": {"uv": [0, 0, 1, 1], "texture": "#0"},
				"south": {"uv": [0, 0, 1, 1], "texture": "#0"},
				"west": {"uv": [5.5, 0, 6.5, 16], "texture": "#missing"},
				"up": {"uv": [0, 0, 1, 1], "texture": "#0"},
				"down": {"uv": [0.5, 0, 1.5, 1], "texture": "#0"}
			}
		},
		{
			"from": [9, 30, 9],
			"to": [10, 32, 10],
			"rotation": {"angle": 0, "axis": "y", "origin": [8, 26, 8]},
			"faces": {
				"north": {"uv": [0, 0, 1, 1], "texture": "#0"},
				"east": {"uv": [0, 0, 1, 1], "texture": "#0"},
				"south": {"uv": [0, 0, 1, 1], "texture": "#0"},
				"west": {"uv": [0, 0, 1, 1], "texture": "#0"},
				"up": {"uv": [0, 0, 1, 1], "texture": "#0"},
				"down": {"uv": [0.5, 0, 1.5, 1], "texture": "#0"}
			}
		},
		{
			"from": [11, 26, 7],
			"to": [12, 28, 8],
			"rotation": {"angle": 0, "axis": "y", "origin": [9, 24, 10]},
			"faces": {
				"north": {"uv": [0, 0, 1, 1], "texture": "#0"},
				"east": {"uv": [0, 0, 1, 1], "texture": "#0"},
				"south": {"uv": [0, 0, 1, 2], "texture": "#missing"},
				"west": {"uv": [5.5, 0, 6.5, 16], "texture": "#missing"},
				"up": {"uv": [0, 0, 1, 1], "texture": "#0"},
				"down": {"uv": [0.5, 0, 1.5, 1], "texture": "#0"}
			}
		},
		{
			"from": [13, 22, 5],
			"to": [14, 24, 6],
			"rotation": {"angle": 0, "axis": "y", "origin": [9, 24, 10]},
			"faces": {
				"north": {"uv": [0, 0, 1, 1], "texture": "#0"},
				"east": {"uv": [0, 0, 1, 1], "texture": "#0"},
				"south": {"uv": [0, 0, 1, 2], "texture": "#missing"},
				"west": {"uv": [5.5, 0, 6.5, 16], "texture": "#missing"},
				"up": {"uv": [0, 0, 1, 1], "texture": "#0"},
				"down": {"uv": [0.5, 0, 1.5, 1], "texture": "#0"}
			}
		},
		{
			"from": [10, 28, 8],
			"to": [11, 30, 9],
			"rotation": {"angle": 0, "axis": "y", "origin": [9, 24, 10]},
			"faces": {
				"north": {"uv": [0, 0, 1, 1], "texture": "#0"},
				"east": {"uv": [0, 0, 1, 1], "texture": "#0"},
				"south": {"uv": [0, 0, 1, 2], "texture": "#missing"},
				"west": {"uv": [5.5, 0, 6.5, 16], "texture": "#missing"},
				"up": {"uv": [0, 0, 1, 1], "texture": "#0"},
				"down": {"uv": [0.5, 0, 1.5, 1], "texture": "#0"}
			}
		},
		{
			"from": [14, 20, 4],
			"to": [15, 22, 5],
			"rotation": {"angle": 0, "axis": "y", "origin": [9, 24, 10]},
			"faces": {
				"north": {"uv": [0, 0, 1, 1], "texture": "#0"},
				"east": {"uv": [0, 0, 1, 1], "texture": "#0"},
				"south": {"uv": [0, 0, 1, 2], "texture": "#missing"},
				"west": {"uv": [5.5, 0, 6.5, 16], "texture": "#missing"},
				"up": {"uv": [0, 0, 1, 1], "texture": "#0"},
				"down": {"uv": [0.5, 0, 1.5, 1], "texture": "#0"}
			}
		},
		{
			"from": [12, 24, 6],
			"to": [13, 26, 7],
			"rotation": {"angle": 0, "axis": "y", "origin": [9, 24, 10]},
			"faces": {
				"north": {"uv": [0, 0, 1, 1], "texture": "#0"},
				"east": {"uv": [0, 0, 1, 1], "texture": "#0"},
				"south": {"uv": [0, 0, 1, 2], "texture": "#missing"},
				"west": {"uv": [5.5, 0, 6.5, 16], "texture": "#missing"},
				"up": {"uv": [0, 0, 1, 1], "texture": "#0"},
				"down": {"uv": [0.5, 0, 1.5, 1], "texture": "#0"}
			}
		},
		{
			"from": [15, 18, 3],
			"to": [16, 20, 4],
			"rotation": {"angle": 0, "axis": "y", "origin": [9, 24, 10]},
			"faces": {
				"north": {"uv": [0, 0, 1, 1], "texture": "#0"},
				"east": {"uv": [0, 0, 1, 1], "texture": "#0"},
				"south": {"uv": [0, 0, 1, 2], "texture": "#missing"},
				"west": {"uv": [5.5, 0, 6.5, 16], "texture": "#missing"},
				"up": {"uv": [0, 0, 1, 1], "texture": "#0"},
				"down": {"uv": [0.5, 0, 1.5, 1], "texture": "#0"}
			}
		},
		{
			"from": [16, 16, 2],
			"to": [17, 18, 3],
			"rotation": {"angle": 0, "axis": "y", "origin": [9, 24, 10]},
			"faces": {
				"north": {"uv": [0, 0, 1, 1], "texture": "#0"},
				"east": {"uv": [0, 0, 1, 1], "texture": "#0"},
				"south": {"uv": [0, 0, 1, 2], "texture": "#missing"},
				"west": {"uv": [5.5, 0, 6.5, 16], "texture": "#missing"},
				"up": {"uv": [0, 0, 1, 1], "texture": "#0"},
				"down": {"uv": [0.5, 0, 1.5, 1], "texture": "#0"}
			}
		},
		{
			"from": [14, 20, 14],
			"to": [15, 22, 15],
			"rotation": {"angle": 0, "axis": "y", "origin": [9, 24, 9]},
			"faces": {
				"north": {"uv": [0, 0, 1, 2], "texture": "#missing"},
				"east": {"uv": [0, 0, 1, 1], "texture": "#0"},
				"south": {"uv": [0, 0, 1, 1], "texture": "#0"},
				"west": {"uv": [5.5, 0, 6.5, 16], "texture": "#missing"},
				"up": {"uv": [0, 0, 1, 1], "texture": "#0"},
				"down": {"uv": [0.5, 0, 1.5, 1], "texture": "#0"}
			}
		},
		{
			"from": [12, 24, 12],
			"to": [13, 26, 13],
			"rotation": {"angle": 0, "axis": "y", "origin": [9, 24, 9]},
			"faces": {
				"north": {"uv": [0, 0, 1, 2], "texture": "#missing"},
				"east": {"uv": [0, 0, 1, 1], "texture": "#0"},
				"south": {"uv": [0, 0, 1, 1], "texture": "#0"},
				"west": {"uv": [5.5, 0, 6.5, 16], "texture": "#missing"},
				"up": {"uv": [0, 0, 1, 1], "texture": "#0"},
				"down": {"uv": [0.5, 0, 1.5, 1], "texture": "#0"}
			}
		},
		{
			"from": [15, 18, 15],
			"to": [16, 20, 16],
			"rotation": {"angle": 0, "axis": "y", "origin": [9, 24, 9]},
			"faces": {
				"north": {"uv": [0, 0, 1, 2], "texture": "#missing"},
				"east": {"uv": [0, 0, 1, 1], "texture": "#0"},
				"south": {"uv": [0, 0, 1, 1], "texture": "#0"},
				"west": {"uv": [5.5, 0, 6.5, 16], "texture": "#missing"},
				"up": {"uv": [0, 0, 1, 1], "texture": "#0"},
				"down": {"uv": [0.5, 0, 1.5, 1], "texture": "#0"}
			}
		},
		{
			"from": [16, 16, 16],
			"to": [17, 18, 17],
			"rotation": {"angle": 0, "axis": "y", "origin": [9, 24, 9]},
			"faces": {
				"north": {"uv": [0, 0, 1, 2], "texture": "#missing"},
				"east": {"uv": [0, 0, 1, 1], "texture": "#0"},
				"south": {"uv": [0, 0, 1, 1], "texture": "#0"},
				"west": {"uv": [5.5, 0, 6.5, 16], "texture": "#missing"},
				"up": {"uv": [0, 0, 1, 1], "texture": "#0"},
				"down": {"uv": [0.5, 0, 1.5, 1], "texture": "#0"}
			}
		},
		{
			"from": [6, 24, 12],
			"to": [7, 26, 13],
			"rotation": {"angle": 0, "axis": "y", "origin": [10, 24, 9]},
			"faces": {
				"north": {"uv": [0, 0, 1, 2], "texture": "#missing"},
				"east": {"uv": [0, 0, 1, 2], "texture": "#missing"},
				"south": {"uv": [0, 0, 1, 1], "texture": "#0"},
				"west": {"uv": [0, 0, 1, 1], "texture": "#0"},
				"up": {"uv": [0, 0, 1, 1], "texture": "#0"},
				"down": {"uv": [0.5, 0, 1.5, 1], "texture": "#0"}
			}
		},
		{
			"from": [4, 20, 14],
			"to": [5, 22, 15],
			"rotation": {"angle": 0, "axis": "y", "origin": [10, 24, 9]},
			"faces": {
				"north": {"uv": [0, 0, 1, 2], "texture": "#missing"},
				"east": {"uv": [0, 0, 1, 2], "texture": "#missing"},
				"south": {"uv": [0, 0, 1, 1], "texture": "#0"},
				"west": {"uv": [0, 0, 1, 1], "texture": "#0"},
				"up": {"uv": [0, 0, 1, 1], "texture": "#0"},
				"down": {"uv": [0.5, 0, 1.5, 1], "texture": "#0"}
			}
		},
		{
			"from": [8, 28, 10],
			"to": [9, 30, 11],
			"rotation": {"angle": 0, "axis": "y", "origin": [10, 24, 9]},
			"faces": {
				"north": {"uv": [0, 0, 1, 2], "texture": "#missing"},
				"east": {"uv": [0, 0, 1, 2], "texture": "#missing"},
				"south": {"uv": [0, 0, 1, 1], "texture": "#0"},
				"west": {"uv": [0, 0, 1, 1], "texture": "#0"},
				"up": {"uv": [0, 0, 1, 1], "texture": "#0"},
				"down": {"uv": [0.5, 0, 1.5, 1], "texture": "#0"}
			}
		},
		{
			"from": [5, 22, 13],
			"to": [6, 24, 14],
			"rotation": {"angle": 0, "axis": "y", "origin": [10, 24, 9]},
			"faces": {
				"north": {"uv": [0, 0, 1, 2], "texture": "#missing"},
				"east": {"uv": [0, 0, 1, 2], "texture": "#missing"},
				"south": {"uv": [0, 0, 1, 1], "texture": "#0"},
				"west": {"uv": [0, 0, 1, 1], "texture": "#0"},
				"up": {"uv": [0, 0, 1, 1], "texture": "#0"},
				"down": {"uv": [0.5, 0, 1.5, 1], "texture": "#0"}
			}
		},
		{
			"from": [7, 26, 11],
			"to": [8, 28, 12],
			"rotation": {"angle": 0, "axis": "y", "origin": [10, 24, 9]},
			"faces": {
				"north": {"uv": [0, 0, 1, 2], "texture": "#missing"},
				"east": {"uv": [0, 0, 1, 2], "texture": "#missing"},
				"south": {"uv": [0, 0, 1, 1], "texture": "#0"},
				"west": {"uv": [0, 0, 1, 1], "texture": "#0"},
				"up": {"uv": [0, 0, 1, 1], "texture": "#0"},
				"down": {"uv": [0.5, 0, 1.5, 1], "texture": "#0"}
			}
		},
		{
			"from": [3, 16, 16],
			"to": [16, 18, 17],
			"rotation": {"angle": 0, "axis": "y", "origin": [11, 24, 24]},
			"faces": {
				"north": {"uv": [0, 7, 1, 8], "texture": "#0"},
				"east": {"uv": [0, 0, 1, 2], "texture": "#missing"},
				"south": {"uv": [0, 2, 1, 3], "texture": "#0"},
				"west": {"uv": [0, 0, 1, 2], "texture": "#missing"},
				"up": {"uv": [0, 2, 1, 3], "texture": "#0"},
				"down": {"uv": [0, 7, 1, 8], "texture": "#0"}
			}
		},
		{
			"from": [4, 18, 15],
			"to": [15, 20, 16],
			"rotation": {"angle": 0, "axis": "y", "origin": [12, 26, 23]},
			"faces": {
				"north": {"uv": [0, 7, 1, 8], "texture": "#0"},
				"east": {"uv": [0, 0, 1, 2], "texture": "#missing"},
				"south": {"uv": [0, 3, 1, 4], "texture": "#0"},
				"west": {"uv": [0, 0, 1, 2], "texture": "#missing"},
				"up": {"uv": [0, 3, 1, 4], "texture": "#0"},
				"down": {"uv": [0, 7, 1, 8], "texture": "#0"}
			}
		},
		{
			"from": [4, 18, 3],
			"to": [15, 20, 4],
			"rotation": {"angle": 0, "axis": "y", "origin": [12, 26, 11]},
			"faces": {
				"north": {"uv": [0, 3, 1, 4], "texture": "#0"},
				"east": {"uv": [0, 0, 1, 2], "texture": "#missing"},
				"south": {"uv": [0, 7, 1, 8], "texture": "#0"},
				"west": {"uv": [0, 0, 1, 2], "texture": "#missing"},
				"up": {"uv": [0, 3, 1, 4], "texture": "#0"},
				"down": {"uv": [0, 7, 1, 8], "texture": "#0"}
			}
		},
		{
			"from": [2, 16, 3],
			"to": [3, 18, 16],
			"rotation": {"angle": 0, "axis": "y", "origin": [10, 24, 23]},
			"faces": {
				"north": {"uv": [0, 0, 1, 2], "texture": "#missing"},
				"east": {"uv": [0, 7, 1, 8], "texture": "#0"},
				"south": {"uv": [0, 0, 1, 2], "texture": "#missing"},
				"west": {"uv": [0, 2, 1, 3], "texture": "#0"},
				"up": {"uv": [0, 2, 1, 3], "texture": "#0"},
				"down": {"uv": [0, 7, 1, 8], "texture": "#0"}
			}
		},
		{
			"from": [16, 16, 3],
			"to": [17, 18, 16],
			"rotation": {"angle": 0, "axis": "y", "origin": [24, 24, 23]},
			"faces": {
				"north": {"uv": [0, 0, 1, 2], "texture": "#missing"},
				"east": {"uv": [0, 2, 1, 3], "texture": "#0"},
				"south": {"uv": [0, 0, 1, 2], "texture": "#missing"},
				"west": {"uv": [0, 7, 1, 8], "texture": "#0"},
				"up": {"uv": [0, 2, 1, 3], "texture": "#0"},
				"down": {"uv": [0, 7, 1, 8], "texture": "#0"}
			}
		},
		{
			"from": [15, 18, 4],
			"to": [16, 20, 15],
			"rotation": {"angle": 0, "axis": "y", "origin": [23, 26, 22]},
			"faces": {
				"north": {"uv": [0, 0, 1, 2], "texture": "#missing"},
				"east": {"uv": [0, 3, 1, 4], "texture": "#0"},
				"south": {"uv": [0, 0, 1, 2], "texture": "#missing"},
				"west": {"uv": [0, 7, 1, 8], "texture": "#0"},
				"up": {"uv": [0, 3, 1, 4], "texture": "#0"},
				"down": {"uv": [0, 7, 1, 8], "texture": "#0"}
			}
		},
		{
			"from": [3, 18, 4],
			"to": [4, 20, 15],
			"rotation": {"angle": 0, "axis": "y", "origin": [11, 26, 22]},
			"faces": {
				"north": {"uv": [0, 0, 1, 2], "texture": "#missing"},
				"east": {"uv": [0, 7, 1, 8], "texture": "#0"},
				"south": {"uv": [0, 0, 1, 2], "texture": "#missing"},
				"west": {"uv": [0, 3, 1, 4], "texture": "#0"},
				"up": {"uv": [0, 3, 1, 4], "texture": "#0"},
				"down": {"uv": [0, 7, 1, 8], "texture": "#0"}
			}
		},
		{
			"from": [3, 16, 2],
			"to": [16, 18, 3],
			"rotation": {"angle": 0, "axis": "y", "origin": [11, 24, 10]},
			"faces": {
				"north": {"uv": [0, 2, 1, 3], "texture": "#0"},
				"east": {"uv": [0, 0, 1, 2], "texture": "#missing"},
				"south": {"uv": [0, 7, 1, 8], "texture": "#0"},
				"west": {"uv": [0, 0, 1, 2], "texture": "#missing"},
				"up": {"uv": [0, 2, 1, 3], "texture": "#0"},
				"down": {"uv": [0, 7, 1, 8], "texture": "#0"}
			}
		},
		{
			"from": [4, 20, 5],
			"to": [5, 22, 14],
			"rotation": {"angle": 0, "axis": "y", "origin": [12, 28, 13]},
			"faces": {
				"north": {"uv": [0, 0, 1, 2], "texture": "#missing"},
				"east": {"uv": [0, 7, 1, 8], "texture": "#0"},
				"south": {"uv": [0, 0, 1, 2], "texture": "#missing"},
				"west": {"uv": [0, 4, 1, 5], "texture": "#0"},
				"up": {"uv": [0, 4, 1, 5], "texture": "#0"},
				"down": {"uv": [0, 7, 1, 8], "texture": "#0"}
			}
		},
		{
			"from": [14, 20, 5],
			"to": [15, 22, 14],
			"rotation": {"angle": 0, "axis": "y", "origin": [22, 28, 13]},
			"faces": {
				"north": {"uv": [0, 0, 1, 2], "texture": "#missing"},
				"east": {"uv": [0, 4, 1, 5], "texture": "#0"},
				"south": {"uv": [0, 0, 1, 2], "texture": "#missing"},
				"west": {"uv": [0, 7, 1, 8], "texture": "#0"},
				"up": {"uv": [0, 4, 1, 5], "texture": "#0"},
				"down": {"uv": [0, 7, 1, 8], "texture": "#0"}
			}
		},
		{
			"from": [5, 20, 4],
			"to": [14, 22, 5],
			"rotation": {"angle": 0, "axis": "y", "origin": [21, 28, 12]},
			"faces": {
				"north": {"uv": [0, 4, 1, 5], "texture": "#0"},
				"east": {"uv": [0, 0, 1, 2], "texture": "#missing"},
				"south": {"uv": [0, 7, 1, 8], "texture": "#0"},
				"west": {"uv": [0, 0, 1, 2], "texture": "#missing"},
				"up": {"uv": [0, 4, 1, 5], "texture": "#0"},
				"down": {"uv": [0, 7, 1, 8], "texture": "#0"}
			}
		},
		{
			"from": [5, 20, 14],
			"to": [14, 22, 15],
			"rotation": {"angle": 0, "axis": "y", "origin": [21, 28, 22]},
			"faces": {
				"north": {"uv": [0, 7, 1, 8], "texture": "#0"},
				"east": {"uv": [0, 0, 1, 2], "texture": "#missing"},
				"south": {"uv": [0, 4, 1, 5], "texture": "#0"},
				"west": {"uv": [0, 0, 1, 2], "texture": "#missing"},
				"up": {"uv": [0, 4, 1, 5], "texture": "#0"},
				"down": {"uv": [0, 7, 1, 8], "texture": "#0"}
			}
		},
		{
			"from": [6, 22, 13],
			"to": [13, 24, 14],
			"rotation": {"angle": 0, "axis": "y", "origin": [22, 30, 21]},
			"faces": {
				"north": {"uv": [0, 7, 1, 8], "texture": "#0"},
				"east": {"uv": [0, 0, 1, 2], "texture": "#missing"},
				"south": {"uv": [0, 5, 1, 6], "texture": "#0"},
				"west": {"uv": [0, 0, 1, 2], "texture": "#missing"},
				"up": {"uv": [0, 5, 1, 6], "texture": "#0"},
				"down": {"uv": [0, 7, 1, 8], "texture": "#0"}
			}
		},
		{
			"from": [7, 24, 12],
			"to": [12, 26, 13],
			"rotation": {"angle": 0, "axis": "y", "origin": [23, 32, 20]},
			"faces": {
				"north": {"uv": [0, 7, 1, 8], "texture": "#0"},
				"east": {"uv": [0, 0, 1, 2], "texture": "#missing"},
				"south": {"uv": [0, 6, 1, 7], "texture": "#0"},
				"west": {"uv": [0, 0, 1, 2], "texture": "#missing"},
				"up": {"uv": [0, 6, 1, 7], "texture": "#0"},
				"down": {"uv": [0, 7, 1, 8], "texture": "#0"}
			}
		},
		{
			"from": [7, 24, 6],
			"to": [12, 26, 7],
			"rotation": {"angle": 0, "axis": "y", "origin": [23, 32, 14]},
			"faces": {
				"north": {"uv": [0, 6, 1, 7], "texture": "#0"},
				"east": {"uv": [0, 0, 1, 2], "texture": "#missing"},
				"south": {"uv": [0, 7, 1, 8], "texture": "#0"},
				"west": {"uv": [0, 0, 1, 2], "texture": "#missing"},
				"up": {"uv": [0, 6, 1, 7], "texture": "#0"},
				"down": {"uv": [0, 7, 1, 8], "texture": "#0"}
			}
		},
		{
			"from": [8, 26, 11],
			"to": [11, 28, 12],
			"rotation": {"angle": 0, "axis": "y", "origin": [24, 34, 19]},
			"faces": {
				"north": {"uv": [0, 7, 1, 8], "texture": "#0"},
				"east": {"uv": [0, 0, 1, 2], "texture": "#missing"},
				"south": {"uv": [0, 7, 1, 8], "texture": "#0"},
				"west": {"uv": [0, 0, 1, 2], "texture": "#missing"},
				"up": {"uv": [0, 6, 1, 7], "texture": "#0"},
				"down": {"uv": [0, 7, 1, 8], "texture": "#0"}
			}
		},
		{
			"from": [8, 26, 7],
			"to": [11, 28, 8],
			"rotation": {"angle": 0, "axis": "y", "origin": [24, 34, 15]},
			"faces": {
				"north": {"uv": [0, 7, 1, 8], "texture": "#0"},
				"east": {"uv": [0, 0, 1, 2], "texture": "#missing"},
				"south": {"uv": [0, 7, 1, 8], "texture": "#0"},
				"west": {"uv": [0, 0, 1, 2], "texture": "#missing"},
				"up": {"uv": [0, 7, 1, 8], "texture": "#0"},
				"down": {"uv": [0, 7, 1, 8], "texture": "#0"}
			}
		},
		{
			"from": [9, 28, 10],
			"to": [10, 30, 11],
			"rotation": {"angle": 0, "axis": "y", "origin": [25, 36, 18]},
			"faces": {
				"north": {"uv": [0, 7, 1, 8], "texture": "#0"},
				"east": {"uv": [0, 0, 1, 2], "texture": "#missing"},
				"south": {"uv": [0, 7, 1, 8], "texture": "#0"},
				"west": {"uv": [0, 0, 1, 2], "texture": "#missing"},
				"up": {"uv": [0, 7, 1, 8], "texture": "#0"},
				"down": {"uv": [0, 7, 1, 8], "texture": "#0"}
			}
		},
		{
			"from": [9, 28, 8],
			"to": [10, 30, 9],
			"rotation": {"angle": 0, "axis": "y", "origin": [25, 36, 16]},
			"faces": {
				"north": {"uv": [0, 7, 1, 8], "texture": "#0"},
				"east": {"uv": [0, 0, 1, 2], "texture": "#missing"},
				"south": {"uv": [0, 7, 1, 8], "texture": "#0"},
				"west": {"uv": [0, 0, 1, 2], "texture": "#missing"},
				"up": {"uv": [0, 7, 1, 8], "texture": "#0"},
				"down": {"uv": [0, 7, 1, 8], "texture": "#0"}
			}
		},
		{
			"from": [6, 22, 5],
			"to": [13, 24, 6],
			"rotation": {"angle": 0, "axis": "y", "origin": [22, 30, 13]},
			"faces": {
				"north": {"uv": [0, 5, 1, 6], "texture": "#0"},
				"east": {"uv": [0, 0, 1, 2], "texture": "#missing"},
				"south": {"uv": [0, 7, 1, 8], "texture": "#0"},
				"west": {"uv": [0, 0, 1, 2], "texture": "#missing"},
				"up": {"uv": [0, 5, 1, 6], "texture": "#0"},
				"down": {"uv": [0, 7, 1, 8], "texture": "#0"}
			}
		},
		{
			"from": [5, 22, 6],
			"to": [6, 24, 13],
			"rotation": {"angle": 0, "axis": "y", "origin": [21, 30, 14]},
			"faces": {
				"north": {"uv": [0, 0, 1, 2], "texture": "#missing"},
				"east": {"uv": [0, 7, 1, 8], "texture": "#0"},
				"south": {"uv": [0, 0, 1, 2], "texture": "#missing"},
				"west": {"uv": [0, 5, 1, 6], "texture": "#0"},
				"up": {"uv": [0, 5, 1, 6], "texture": "#0"},
				"down": {"uv": [0, 7, 1, 8], "texture": "#0"}
			}
		},
		{
			"from": [13, 22, 6],
			"to": [14, 24, 13],
			"rotation": {"angle": 0, "axis": "y", "origin": [29, 30, 14]},
			"faces": {
				"north": {"uv": [0, 0, 1, 2], "texture": "#missing"},
				"east": {"uv": [0, 5, 1, 6], "texture": "#0"},
				"south": {"uv": [0, 0, 1, 2], "texture": "#missing"},
				"west": {"uv": [0, 7, 1, 8], "texture": "#0"},
				"up": {"uv": [0, 5, 1, 6], "texture": "#0"},
				"down": {"uv": [0, 7, 1, 8], "texture": "#0"}
			}
		},
		{
			"from": [12, 24, 7],
			"to": [13, 26, 12],
			"rotation": {"angle": 0, "axis": "y", "origin": [28, 32, 15]},
			"faces": {
				"north": {"uv": [0, 0, 1, 2], "texture": "#missing"},
				"east": {"uv": [0, 6, 1, 7], "texture": "#0"},
				"south": {"uv": [0, 0, 1, 2], "texture": "#missing"},
				"west": {"uv": [0, 7, 1, 8], "texture": "#0"},
				"up": {"uv": [0, 6, 1, 7], "texture": "#0"},
				"down": {"uv": [0, 7, 1, 8], "texture": "#0"}
			}
		},
		{
			"from": [11, 26, 8],
			"to": [12, 28, 11],
			"rotation": {"angle": 0, "axis": "y", "origin": [27, 34, 16]},
			"faces": {
				"north": {"uv": [0, 0, 1, 2], "texture": "#missing"},
				"east": {"uv": [0, 7, 1, 8], "texture": "#0"},
				"south": {"uv": [0, 0, 1, 2], "texture": "#missing"},
				"west": {"uv": [0, 7, 1, 8], "texture": "#0"},
				"up": {"uv": [0, 7, 1, 8], "texture": "#0"},
				"down": {"uv": [0, 7, 1, 8], "texture": "#0"}
			}
		},
		{
			"from": [7, 26, 8],
			"to": [8, 28, 11],
			"rotation": {"angle": 0, "axis": "y", "origin": [23, 34, 16]},
			"faces": {
				"north": {"uv": [0, 0, 1, 2], "texture": "#missing"},
				"east": {"uv": [0, 7, 1, 8], "texture": "#0"},
				"south": {"uv": [0, 0, 1, 2], "texture": "#missing"},
				"west": {"uv": [0, 7, 1, 8], "texture": "#0"},
				"up": {"uv": [0, 7, 1, 8], "texture": "#0"},
				"down": {"uv": [0, 7, 1, 8], "texture": "#0"}
			}
		},
		{
			"from": [8, 28, 9],
			"to": [9, 30, 10],
			"rotation": {"angle": 0, "axis": "y", "origin": [24, 36, 17]},
			"faces": {
				"north": {"uv": [0, 0, 1, 2], "texture": "#missing"},
				"east": {"uv": [0, 0, 1, 2], "texture": "#missing"},
				"south": {"uv": [0, 0, 1, 2], "texture": "#missing"},
				"west": {"uv": [0, 7, 1, 8], "texture": "#0"},
				"up": {"uv": [0, 7, 1, 8], "texture": "#0"},
				"down": {"uv": [0, 7, 1, 8], "texture": "#0"}
			}
		},
		{
			"from": [10, 28, 9],
			"to": [11, 30, 10],
			"rotation": {"angle": 0, "axis": "y", "origin": [26, 36, 17]},
			"faces": {
				"north": {"uv": [0, 0, 1, 2], "texture": "#missing"},
				"east": {"uv": [0, 7, 1, 8], "texture": "#0"},
				"south": {"uv": [0, 0, 1, 2], "texture": "#missing"},
				"west": {"uv": [0, 7, 1, 8], "texture": "#0"},
				"up": {"uv": [0, 7, 1, 8], "texture": "#0"},
				"down": {"uv": [0, 7, 1, 8], "texture": "#0"}
			}
		},
		{
			"from": [6, 24, 7],
			"to": [7, 26, 12],
			"rotation": {"angle": 0, "axis": "y", "origin": [22, 32, 15]},
			"faces": {
				"north": {"uv": [0, 0, 1, 2], "texture": "#missing"},
				"east": {"uv": [0, 7, 1, 8], "texture": "#0"},
				"south": {"uv": [0, 0, 1, 2], "texture": "#missing"},
				"west": {"uv": [0, 6, 1, 7], "texture": "#0"},
				"up": {"uv": [0, 6, 1, 7], "texture": "#0"},
				"down": {"uv": [0, 7, 1, 8], "texture": "#0"}
			}
		},
		{
			"from": [3, -6, 9.75],
			"to": [5, -1, 10.75],
			"rotation": {"angle": 45, "axis": "y", "origin": [12, 2, 17.75]},
			"faces": {
				"north": {"uv": [15.5, 15.5, 16, 16], "texture": "#2"},
				"east": {"uv": [15.5, 15.5, 16, 16], "texture": "#2"},
				"south": {"uv": [15.5, 15.5, 16, 16], "texture": "#2"},
				"west": {"uv": [15.5, 15.5, 16, 16], "texture": "#2"},
				"up": {"uv": [15.5, 15.5, 16, 16], "texture": "#2"},
				"down": {"uv": [15.5, 15.5, 16, 16], "texture": "#2"}
			}
		},
		{
			"from": [3, -7, 9.75],
			"to": [4, -6, 10.75],
			"rotation": {"angle": 45, "axis": "y", "origin": [12, 2, 17.75]},
			"faces": {
				"north": {"uv": [15.5, 15.5, 16, 16], "texture": "#2"},
				"east": {"uv": [15.5, 15.5, 16, 16], "texture": "#2"},
				"south": {"uv": [15.5, 15.5, 16, 16], "texture": "#2"},
				"west": {"uv": [0, 0, 1, 1], "texture": "#missing"},
				"up": {"uv": [0, 0, 1, 1], "texture": "#missing"},
				"down": {"uv": [15.5, 15.5, 16, 16], "texture": "#2"}
			}
		},
		{
			"from": [1, -8, 9.75],
			"to": [2, -3, 10.75],
			"rotation": {"angle": 45, "axis": "y", "origin": [12, 2, 17.75]},
			"faces": {
				"north": {"uv": [15.5, 15.5, 16, 16], "texture": "#2"},
				"east": {"uv": [0, 0, 1, 5], "texture": "#missing"},
				"south": {"uv": [15.5, 15.5, 16, 16], "texture": "#2"},
				"west": {"uv": [15.5, 15.5, 16, 16], "texture": "#2"},
				"up": {"uv": [15.5, 15.5, 16, 16], "texture": "#2"},
				"down": {"uv": [0, 0, 1, 1], "texture": "#missing"}
			}
		},
		{
			"from": [2, -8, 9.75],
			"to": [3, -7, 10.75],
			"rotation": {"angle": 45, "axis": "y", "origin": [12, 2, 17.75]},
			"faces": {
				"north": {"uv": [15.5, 15.5, 16, 16], "texture": "#2"},
				"east": {"uv": [15.5, 15.5, 16, 16], "texture": "#2"},
				"south": {"uv": [15.5, 15.5, 16, 16], "texture": "#2"},
				"west": {"uv": [0, 0, 1, 1], "texture": "#missing"},
				"up": {"uv": [0, 0, 1, 1], "texture": "#missing"},
				"down": {"uv": [15.5, 15.5, 16, 16], "texture": "#2"}
			}
		},
		{
			"from": [-1, -12, 9.75],
			"to": [0, -11, 10.75],
			"rotation": {"angle": 45, "axis": "y", "origin": [12, 2, 17.75]},
			"faces": {
				"north": {"uv": [15.5, 15.5, 16, 16], "texture": "#2"},
				"east": {"uv": [15.5, 15.5, 16, 16], "texture": "#2"},
				"south": {"uv": [15.5, 15.5, 16, 16], "texture": "#2"},
				"west": {"uv": [0, 0, 1, 1], "texture": "#missing"},
				"up": {"uv": [0, 0, 1, 1], "texture": "#missing"},
				"down": {"uv": [15.5, 15.5, 16, 16], "texture": "#2"}
			}
		},
		{
			"from": [0, -6, 9.75],
			"to": [1, -5, 10.75],
			"rotation": {"angle": 45, "axis": "y", "origin": [12, 2, 17.75]},
			"faces": {
				"north": {"uv": [15.5, 15.5, 16, 16], "texture": "#2"},
				"east": {"uv": [0, 0, 1, 1], "texture": "#missing"},
				"south": {"uv": [15.5, 15.5, 16, 16], "texture": "#2"},
				"west": {"uv": [15.5, 15.5, 16, 16], "texture": "#2"},
				"up": {"uv": [15.5, 15.5, 16, 16], "texture": "#2"},
				"down": {"uv": [0, 0, 1, 1], "texture": "#missing"}
			}
		},
		{
			"from": [-1, -11, 9.75],
			"to": [1, -6, 10.75],
			"rotation": {"angle": 45, "axis": "y", "origin": [12, 2, 17.75]},
			"faces": {
				"north": {"uv": [15.5, 15.5, 16, 16], "texture": "#2"},
				"east": {"uv": [15.5, 15.5, 16, 16], "texture": "#2"},
				"south": {"uv": [15.5, 15.5, 16, 16], "texture": "#2"},
				"west": {"uv": [15.5, 15.5, 16, 16], "texture": "#2"},
				"up": {"uv": [15.5, 15.5, 16, 16], "texture": "#2"},
				"down": {"uv": [15.5, 15.5, 16, 16], "texture": "#2"}
			}
		},
		{
			"from": [1, -10, 9.75],
			"to": [2, -8, 10.75],
			"rotation": {"angle": 45, "axis": "y", "origin": [12, 2, 17.75]},
			"faces": {
				"north": {"uv": [15.5, 15.5, 16, 16], "texture": "#2"},
				"east": {"uv": [15.5, 15.5, 16, 16], "texture": "#2"},
				"south": {"uv": [15.5, 15.5, 16, 16], "texture": "#2"},
				"west": {"uv": [0, 0, 1, 2], "texture": "#missing"},
				"up": {"uv": [0, 0, 1, 1], "texture": "#missing"},
				"down": {"uv": [15.5, 15.5, 16, 16], "texture": "#2"}
			}
		},
		{
			"from": [2, -7, 9.75],
			"to": [3, -2, 10.75],
			"rotation": {"angle": 45, "axis": "y", "origin": [12, 2, 17.75]},
			"faces": {
				"north": {"uv": [15.5, 15.5, 16, 16], "texture": "#2"},
				"east": {"uv": [0, 0, 1, 5], "texture": "#missing"},
				"south": {"uv": [15.5, 15.5, 16, 16], "texture": "#2"},
				"west": {"uv": [15.5, 15.5, 16, 16], "texture": "#2"},
				"up": {"uv": [15.5, 15.5, 16, 16], "texture": "#2"},
				"down": {"uv": [0, 0, 1, 1], "texture": "#missing"}
			}
		},
		{
			"from": [-1.75, -16, 9.75],
			"to": [-1, -3, 10.75],
			"rotation": {"angle": 45, "axis": "y", "origin": [12, 2, 17.75]},
			"faces": {
				"north": {"uv": [15.5, 15.5, 16, 16], "texture": "#2"},
				"east": {"uv": [15.5, 15.5, 16, 16], "texture": "#2"},
				"south": {"uv": [15.5, 15.5, 16, 16], "texture": "#2"},
				"west": {"uv": [15.5, 15.5, 16, 16], "texture": "#2"},
				"up": {"uv": [15.5, 15.5, 16, 16], "texture": "#2"},
				"down": {"uv": [15.5, 15.5, 16, 16], "texture": "#2"}
			}
		},
		{
			"from": [9.75, -6, 14],
			"to": [10.75, -1, 16],
			"rotation": {"angle": 45, "axis": "y", "origin": [17.75, 2, 7]},
			"faces": {
				"north": {"uv": [15.5, 15.5, 16, 16], "texture": "#2"},
				"east": {"uv": [15.5, 15.5, 16, 16], "texture": "#2"},
				"south": {"uv": [15.5, 15.5, 16, 16], "texture": "#2"},
				"west": {"uv": [15.5, 15.5, 16, 16], "texture": "#2"},
				"up": {"uv": [15.5, 15.5, 16, 16], "texture": "#2"},
				"down": {"uv": [15.5, 15.5, 16, 16], "texture": "#2"}
			}
		},
		{
			"from": [9.75, -7, 15],
			"to": [10.75, -6, 16],
			"rotation": {"angle": 45, "axis": "y", "origin": [17.75, 2, 7]},
			"faces": {
				"north": {"uv": [15.5, 15.5, 16, 16], "texture": "#2"},
				"east": {"uv": [15.5, 15.5, 16, 16], "texture": "#2"},
				"south": {"uv": [0, 0, 1, 1], "texture": "#missing"},
				"west": {"uv": [15.5, 15.5, 16, 16], "texture": "#2"},
				"up": {"uv": [0, 0, 1, 1], "rotation": 270, "texture": "#missing"},
				"down": {"uv": [15.5, 15.5, 16, 16], "texture": "#2"}
			}
		},
		{
			"from": [9.75, -8, 17],
			"to": [10.75, -3, 18],
			"rotation": {"angle": 45, "axis": "y", "origin": [17.75, 2, 7]},
			"faces": {
				"north": {"uv": [0, 0, 1, 5], "texture": "#missing"},
				"east": {"uv": [15.5, 15.5, 16, 16], "texture": "#2"},
				"south": {"uv": [15.5, 15.5, 16, 16], "texture": "#2"},
				"west": {"uv": [15.5, 15.5, 16, 16], "texture": "#2"},
				"up": {"uv": [15.5, 15.5, 16, 16], "texture": "#2"},
				"down": {"uv": [0, 0, 1, 1], "rotation": 90, "texture": "#missing"}
			}
		},
		{
			"from": [9.75, -8, 16],
			"to": [10.75, -7, 17],
			"rotation": {"angle": 45, "axis": "y", "origin": [17.75, 2, 7]},
			"faces": {
				"north": {"uv": [15.5, 15.5, 16, 16], "texture": "#2"},
				"east": {"uv": [15.5, 15.5, 16, 16], "texture": "#2"},
				"south": {"uv": [0, 0, 1, 1], "texture": "#missing"},
				"west": {"uv": [15.5, 15.5, 16, 16], "texture": "#2"},
				"up": {"uv": [0, 0, 1, 1], "rotation": 270, "texture": "#missing"},
				"down": {"uv": [15.5, 15.5, 16, 16], "texture": "#2"}
			}
		},
		{
			"from": [9.75, -12, 19],
			"to": [10.75, -11, 20],
			"rotation": {"angle": 45, "axis": "y", "origin": [17.75, 2, 7]},
			"faces": {
				"north": {"uv": [15.5, 15.5, 16, 16], "texture": "#2"},
				"east": {"uv": [15.5, 15.5, 16, 16], "texture": "#2"},
				"south": {"uv": [0, 0, 1, 1], "texture": "#missing"},
				"west": {"uv": [15.5, 15.5, 16, 16], "texture": "#2"},
				"up": {"uv": [0, 0, 1, 1], "rotation": 270, "texture": "#missing"},
				"down": {"uv": [15.5, 15.5, 16, 16], "texture": "#2"}
			}
		},
		{
			"from": [9.75, -6, 18],
			"to": [10.75, -5, 19],
			"rotation": {"angle": 45, "axis": "y", "origin": [17.75, 2, 7]},
			"faces": {
				"north": {"uv": [0, 0, 1, 1], "texture": "#missing"},
				"east": {"uv": [15.5, 15.5, 16, 16], "texture": "#2"},
				"south": {"uv": [15.5, 15.5, 16, 16], "texture": "#2"},
				"west": {"uv": [15.5, 15.5, 16, 16], "texture": "#2"},
				"up": {"uv": [15.5, 15.5, 16, 16], "texture": "#2"},
				"down": {"uv": [0, 0, 1, 1], "rotation": 90, "texture": "#missing"}
			}
		},
		{
			"from": [9.75, -11, 18],
			"to": [10.75, -6, 20],
			"rotation": {"angle": 45, "axis": "y", "origin": [17.75, 2, 7]},
			"faces": {
				"north": {"uv": [15.5, 15.5, 16, 16], "texture": "#2"},
				"east": {"uv": [15.5, 15.5, 16, 16], "texture": "#2"},
				"south": {"uv": [0, 0, 1, 5], "texture": "#missing"},
				"west": {"uv": [15.5, 15.5, 16, 16], "texture": "#2"},
				"up": {"uv": [15.5, 15.5, 16, 16], "texture": "#2"},
				"down": {"uv": [15.5, 15.5, 16, 16], "texture": "#2"}
			}
		},
		{
			"from": [9.75, -10, 17],
			"to": [10.75, -8, 18],
			"rotation": {"angle": 45, "axis": "y", "origin": [17.75, 2, 7]},
			"faces": {
				"north": {"uv": [15.5, 15.5, 16, 16], "texture": "#2"},
				"east": {"uv": [15.5, 15.5, 16, 16], "texture": "#2"},
				"south": {"uv": [0, 0, 1, 2], "texture": "#missing"},
				"west": {"uv": [15.5, 15.5, 16, 16], "texture": "#2"},
				"up": {"uv": [0, 0, 1, 1], "rotation": 270, "texture": "#missing"},
				"down": {"uv": [15.5, 15.5, 16, 16], "texture": "#2"}
			}
		},
		{
			"from": [9.75, -7, 16],
			"to": [10.75, -2, 17],
			"rotation": {"angle": 45, "axis": "y", "origin": [17.75, 2, 7]},
			"faces": {
				"north": {"uv": [0, 0, 1, 5], "texture": "#missing"},
				"east": {"uv": [15.5, 15.5, 16, 16], "texture": "#2"},
				"south": {"uv": [15.5, 15.5, 16, 16], "texture": "#2"},
				"west": {"uv": [15.5, 15.5, 16, 16], "texture": "#2"},
				"up": {"uv": [15.5, 15.5, 16, 16], "texture": "#2"},
				"down": {"uv": [0, 0, 1, 1], "rotation": 90, "texture": "#missing"}
			}
		},
		{
			"from": [9.75, -16, 20],
			"to": [10.75, -3, 20.75],
			"rotation": {"angle": 45, "axis": "y", "origin": [17.75, 2, 7]},
			"faces": {
				"north": {"uv": [15.5, 15.5, 16, 16], "texture": "#2"},
				"east": {"uv": [15.5, 15.5, 16, 16], "texture": "#2"},
				"south": {"uv": [15.5, 15.5, 16, 16], "texture": "#2"},
				"west": {"uv": [15.5, 15.5, 16, 16], "texture": "#2"},
				"up": {"uv": [15.5, 15.5, 16, 16], "texture": "#2"},
				"down": {"uv": [15.5, 15.5, 16, 16], "texture": "#2"}
			}
		},
		{
			"from": [14.25, -6, 8.25],
			"to": [16.25, -1, 9.25],
			"rotation": {"angle": 45, "axis": "y", "origin": [7.25, 2, 1.25]},
			"faces": {
				"north": {"uv": [15.5, 15.5, 16, 16], "texture": "#2"},
				"east": {"uv": [15.5, 15.5, 16, 16], "texture": "#2"},
				"south": {"uv": [15.5, 15.5, 16, 16], "texture": "#2"},
				"west": {"uv": [15.5, 15.5, 16, 16], "texture": "#2"},
				"up": {"uv": [15.5, 15.5, 16, 16], "texture": "#2"},
				"down": {"uv": [15.5, 15.5, 16, 16], "texture": "#2"}
			}
		},
		{
			"from": [15.25, -7, 8.25],
			"to": [16.25, -6, 9.25],
			"rotation": {"angle": 45, "axis": "y", "origin": [7.25, 2, 1.25]},
			"faces": {
				"north": {"uv": [15.5, 15.5, 16, 16], "texture": "#2"},
				"east": {"uv": [0, 0, 1, 1], "texture": "#missing"},
				"south": {"uv": [15.5, 15.5, 16, 16], "texture": "#2"},
				"west": {"uv": [15.5, 15.5, 16, 16], "texture": "#2"},
				"up": {"uv": [0, 0, 1, 1], "rotation": 180, "texture": "#missing"},
				"down": {"uv": [15.5, 15.5, 16, 16], "texture": "#2"}
			}
		},
		{
			"from": [17.25, -8, 8.25],
			"to": [18.25, -3, 9.25],
			"rotation": {"angle": 45, "axis": "y", "origin": [7.25, 2, 1.25]},
			"faces": {
				"north": {"uv": [15.5, 15.5, 16, 16], "texture": "#2"},
				"east": {"uv": [15.5, 15.5, 16, 16], "texture": "#2"},
				"south": {"uv": [15.5, 15.5, 16, 16], "texture": "#2"},
				"west": {"uv": [0, 0, 1, 5], "texture": "#missing"},
				"up": {"uv": [15.5, 15.5, 16, 16], "texture": "#2"},
				"down": {"uv": [0, 0, 1, 1], "rotation": 180, "texture": "#missing"}
			}
		},
		{
			"from": [16.25, -8, 8.25],
			"to": [17.25, -7, 9.25],
			"rotation": {"angle": 45, "axis": "y", "origin": [7.25, 2, 1.25]},
			"faces": {
				"north": {"uv": [15.5, 15.5, 16, 16], "texture": "#2"},
				"east": {"uv": [0, 0, 1, 1], "texture": "#missing"},
				"south": {"uv": [15.5, 15.5, 16, 16], "texture": "#2"},
				"west": {"uv": [15.5, 15.5, 16, 16], "texture": "#2"},
				"up": {"uv": [0, 0, 1, 1], "rotation": 180, "texture": "#missing"},
				"down": {"uv": [15.5, 15.5, 16, 16], "texture": "#2"}
			}
		},
		{
			"from": [19.25, -12, 8.25],
			"to": [20.25, -11, 9.25],
			"rotation": {"angle": 45, "axis": "y", "origin": [7.25, 2, 1.25]},
			"faces": {
				"north": {"uv": [15.5, 15.5, 16, 16], "texture": "#2"},
				"east": {"uv": [0, 0, 1, 1], "texture": "#missing"},
				"south": {"uv": [15.5, 15.5, 16, 16], "texture": "#2"},
				"west": {"uv": [15.5, 15.5, 16, 16], "texture": "#2"},
				"up": {"uv": [0, 0, 1, 1], "rotation": 180, "texture": "#missing"},
				"down": {"uv": [15.5, 15.5, 16, 16], "texture": "#2"}
			}
		},
		{
			"from": [18.25, -6, 8.25],
			"to": [19.25, -5, 9.25],
			"rotation": {"angle": 45, "axis": "y", "origin": [7.25, 2, 1.25]},
			"faces": {
				"north": {"uv": [15.5, 15.5, 16, 16], "texture": "#2"},
				"east": {"uv": [15.5, 15.5, 16, 16], "texture": "#2"},
				"south": {"uv": [15.5, 15.5, 16, 16], "texture": "#2"},
				"west": {"uv": [0, 0, 1, 1], "texture": "#missing"},
				"up": {"uv": [15.5, 15.5, 16, 16], "texture": "#2"},
				"down": {"uv": [0, 0, 1, 1], "rotation": 180, "texture": "#missing"}
			}
		},
		{
			"from": [18.25, -11, 8.25],
			"to": [20.25, -6, 9.25],
			"rotation": {"angle": 45, "axis": "y", "origin": [7.25, 2, 1.25]},
			"faces": {
				"north": {"uv": [15.5, 15.5, 16, 16], "texture": "#2"},
				"east": {"uv": [0, 0, 1, 5], "texture": "#missing"},
				"south": {"uv": [15.5, 15.5, 16, 16], "texture": "#2"},
				"west": {"uv": [15.5, 15.5, 16, 16], "texture": "#2"},
				"up": {"uv": [15.5, 15.5, 16, 16], "texture": "#2"},
				"down": {"uv": [15.5, 15.5, 16, 16], "texture": "#2"}
			}
		},
		{
			"from": [17.25, -10, 8.25],
			"to": [18.25, -8, 9.25],
			"rotation": {"angle": 45, "axis": "y", "origin": [7.25, 2, 1.25]},
			"faces": {
				"north": {"uv": [15.5, 15.5, 16, 16], "texture": "#2"},
				"east": {"uv": [0, 0, 1, 2], "texture": "#missing"},
				"south": {"uv": [15.5, 15.5, 16, 16], "texture": "#2"},
				"west": {"uv": [15.5, 15.5, 16, 16], "texture": "#2"},
				"up": {"uv": [0, 0, 1, 1], "rotation": 180, "texture": "#missing"},
				"down": {"uv": [15.5, 15.5, 16, 16], "texture": "#2"}
			}
		},
		{
			"from": [16.25, -7, 8.25],
			"to": [17.25, -2, 9.25],
			"rotation": {"angle": 45, "axis": "y", "origin": [7.25, 2, 1.25]},
			"faces": {
				"north": {"uv": [15.5, 15.5, 16, 16], "texture": "#2"},
				"east": {"uv": [15.5, 15.5, 16, 16], "texture": "#2"},
				"south": {"uv": [15.5, 15.5, 16, 16], "texture": "#2"},
				"west": {"uv": [0, 0, 1, 5], "texture": "#missing"},
				"up": {"uv": [15.5, 15.5, 16, 16], "texture": "#2"},
				"down": {"uv": [0, 0, 1, 1], "rotation": 180, "texture": "#missing"}
			}
		},
		{
			"from": [20.25, -16, 8.25],
			"to": [21, -3, 9.25],
			"rotation": {"angle": 45, "axis": "y", "origin": [7.25, 2, 1.25]},
			"faces": {
				"north": {"uv": [15.5, 15.5, 16, 16], "texture": "#2"},
				"east": {"uv": [15.5, 15.5, 16, 16], "texture": "#2"},
				"south": {"uv": [15.5, 15.5, 16, 16], "texture": "#2"},
				"west": {"uv": [15.5, 15.5, 16, 16], "texture": "#2"},
				"up": {"uv": [15.5, 15.5, 16, 16], "texture": "#2"},
				"down": {"uv": [15.5, 15.5, 16, 16], "texture": "#2"}
			}
		},
		{
			"from": [-7.75, -6, 3.75],
			"to": [-5.75, -1, 4.75],
			"rotation": {"angle": -45, "axis": "y", "origin": [1.25, 2, 11.75]},
			"faces": {
				"north": {"uv": [15.5, 15.5, 16, 16], "texture": "#2"},
				"east": {"uv": [15.5, 15.5, 16, 16], "texture": "#2"},
				"south": {"uv": [15.5, 15.5, 16, 16], "texture": "#2"},
				"west": {"uv": [15.5, 15.5, 16, 16], "texture": "#2"},
				"up": {"uv": [15.5, 15.5, 16, 16], "texture": "#2"},
				"down": {"uv": [15.5, 15.5, 16, 16], "texture": "#2"}
			}
		},
		{
			"from": [-7.75, -7, 3.75],
			"to": [-6.75, -6, 4.75],
			"rotation": {"angle": -45, "axis": "y", "origin": [1.25, 2, 11.75]},
			"faces": {
				"north": {"uv": [15.5, 15.5, 16, 16], "texture": "#2"},
				"east": {"uv": [15.5, 15.5, 16, 16], "texture": "#2"},
				"south": {"uv": [15.5, 15.5, 16, 16], "texture": "#2"},
				"west": {"uv": [15.5, 15.5, 16, 16], "texture": "#2"},
				"up": {"uv": [15.5, 15.5, 16, 16], "texture": "#2"},
				"down": {"uv": [15.5, 15.5, 16, 16], "texture": "#2"}
			}
		},
		{
			"from": [-9.75, -8, 3.75],
			"to": [-8.75, -3, 4.75],
			"rotation": {"angle": -45, "axis": "y", "origin": [1.25, 2, 11.75]},
			"faces": {
				"north": {"uv": [15.5, 15.5, 16, 16], "texture": "#2"},
				"east": {"uv": [15.5, 15.5, 16, 16], "texture": "#2"},
				"south": {"uv": [15.5, 15.5, 16, 16], "texture": "#2"},
				"west": {"uv": [15.5, 15.5, 16, 16], "texture": "#2"},
				"up": {"uv": [15.5, 15.5, 16, 16], "texture": "#2"},
				"down": {"uv": [15.5, 15.5, 16, 16], "texture": "#2"}
			}
		},
		{
			"from": [-8.75, -8, 3.75],
			"to": [-7.75, -7, 4.75],
			"rotation": {"angle": -45, "axis": "y", "origin": [1.25, 2, 11.75]},
			"faces": {
				"north": {"uv": [15.5, 15.5, 16, 16], "texture": "#2"},
				"east": {"uv": [15.5, 15.5, 16, 16], "texture": "#2"},
				"south": {"uv": [15.5, 15.5, 16, 16], "texture": "#2"},
				"west": {"uv": [15.5, 15.5, 16, 16], "texture": "#2"},
				"up": {"uv": [15.5, 15.5, 16, 16], "texture": "#2"},
				"down": {"uv": [15.5, 15.5, 16, 16], "texture": "#2"}
			}
		},
		{
			"from": [-11.75, -12, 3.75],
			"to": [-10.75, -11, 4.75],
			"rotation": {"angle": -45, "axis": "y", "origin": [1.25, 2, 11.75]},
			"faces": {
				"north": {"uv": [15.5, 15.5, 16, 16], "texture": "#2"},
				"east": {"uv": [15.5, 15.5, 16, 16], "texture": "#2"},
				"south": {"uv": [15.5, 15.5, 16, 16], "texture": "#2"},
				"west": {"uv": [15.5, 15.5, 16, 16], "texture": "#2"},
				"up": {"uv": [15.5, 15.5, 16, 16], "texture": "#2"},
				"down": {"uv": [15.5, 15.5, 16, 16], "texture": "#2"}
			}
		},
		{
			"from": [-10.75, -6, 3.75],
			"to": [-9.75, -5, 4.75],
			"rotation": {"angle": -45, "axis": "y", "origin": [1.25, 2, 11.75]},
			"faces": {
				"north": {"uv": [15.5, 15.5, 16, 16], "texture": "#2"},
				"east": {"uv": [15.5, 15.5, 16, 16], "texture": "#2"},
				"south": {"uv": [15.5, 15.5, 16, 16], "texture": "#2"},
				"west": {"uv": [15.5, 15.5, 16, 16], "texture": "#2"},
				"up": {"uv": [15.5, 15.5, 16, 16], "texture": "#2"},
				"down": {"uv": [15.5, 15.5, 16, 16], "texture": "#2"}
			}
		},
		{
			"from": [-11.75, -11, 3.75],
			"to": [-9.75, -6, 4.75],
			"rotation": {"angle": -45, "axis": "y", "origin": [1.25, 2, 11.75]},
			"faces": {
				"north": {"uv": [15.5, 15.5, 16, 16], "texture": "#2"},
				"east": {"uv": [15.5, 15.5, 16, 16], "texture": "#2"},
				"south": {"uv": [15.5, 15.5, 16, 16], "texture": "#2"},
				"west": {"uv": [15.5, 15.5, 16, 16], "texture": "#2"},
				"up": {"uv": [15.5, 15.5, 16, 16], "texture": "#2"},
				"down": {"uv": [15.5, 15.5, 16, 16], "texture": "#2"}
			}
		},
		{
			"from": [-9.75, -10, 3.75],
			"to": [-8.75, -8, 4.75],
			"rotation": {"angle": -45, "axis": "y", "origin": [1.25, 2, 11.75]},
			"faces": {
				"north": {"uv": [15.5, 15.5, 16, 16], "texture": "#2"},
				"east": {"uv": [15.5, 15.5, 16, 16], "texture": "#2"},
				"south": {"uv": [15.5, 15.5, 16, 16], "texture": "#2"},
				"west": {"uv": [15.5, 15.5, 16, 16], "texture": "#2"},
				"up": {"uv": [15.5, 15.5, 16, 16], "texture": "#2"},
				"down": {"uv": [15.5, 15.5, 16, 16], "texture": "#2"}
			}
		},
		{
			"from": [-8.75, -7, 3.75],
			"to": [-7.75, -2, 4.75],
			"rotation": {"angle": -45, "axis": "y", "origin": [1.25, 2, 11.75]},
			"faces": {
				"north": {"uv": [15.5, 15.5, 16, 16], "texture": "#2"},
				"east": {"uv": [15.5, 15.5, 16, 16], "texture": "#2"},
				"south": {"uv": [15.5, 15.5, 16, 16], "texture": "#2"},
				"west": {"uv": [15.5, 15.5, 16, 16], "texture": "#2"},
				"up": {"uv": [15.5, 15.5, 16, 16], "texture": "#2"},
				"down": {"uv": [15.5, 15.5, 16, 16], "texture": "#2"}
			}
		},
		{
			"from": [-12.5, -16, 3.75],
			"to": [-11.75, -3, 4.75],
			"rotation": {"angle": -45, "axis": "y", "origin": [1.25, 2, 11.75]},
			"faces": {
				"north": {"uv": [15.5, 15.5, 16, 16], "texture": "#2"},
				"east": {"uv": [15.5, 15.5, 16, 16], "texture": "#2"},
				"south": {"uv": [15.5, 15.5, 16, 16], "texture": "#2"},
				"west": {"uv": [15.5, 15.5, 16, 16], "texture": "#2"},
				"up": {"uv": [15.5, 15.5, 16, 16], "texture": "#2"},
				"down": {"uv": [15.5, 15.5, 16, 16], "texture": "#2"}
			}
		}
	],
	"display": {
		"thirdperson_righthand": {
			"rotation": [-113, 0, 90],
			"translation": [-8.25, 5, 28.5]
		},
		"thirdperson_lefthand": {
			"rotation": [-113, 0, -90],
			"translation": [-8.25, 5, 28.5]
		},
		"firstperson_righthand": {
			"rotation": [0, 0, 90],
			"translation": [-11.5, 18, -6.25]
		},
		"firstperson_lefthand": {
			"rotation": [0, 0, -90],
			"translation": [-6.5, 18, -6.25]
		},
		"ground": {
			"translation": [0, 21.75, 0]
		},
		"gui": {
			"rotation": [11, 27, 0],
			"scale": [0.35, 0.35, 0.35]
		},
		"head": {
			"translation": [-3.25, 17.5, -3.25],
			"scale": [2.5, 2.5, 2.5]
		},
		"fixed": {
			"rotation": [0, -180, 0],
			"translation": [0, 0, -2.75],
			"scale": [0.35, 0.35, 0.35]
		}
	},
	"groups": [
		{
			"name": "engine",
			"origin": [8, 8, 8],
			"children": [0, 1, 2, 3, 4, 5]
		},
		{
			"name": "body",
			"origin": [9, -6, 9],
			"children": [6, 7, 8, 9, 10, 11]
		},
		{
			"name": "window",
			"origin": [8, 8, 8],
			"children": [12, 13, 14, 15, 16, 17, 18]
		},
		{
			"name": "nose",
			"origin": [8, 8, 8],
			"children": [19, 20, 21, 22, 23, 24, 25, 26, 27, 28, 29, 30, 31, 32, 33, 34, 35, 36, 37, 38, 39, 40, 41, 42, 43, 44, 45, 46, 47]
		},
		{
			"name": "nose fill",
			"origin": [8, 8, 8],
			"children": [48, 49, 50, 51, 52, 53, 54, 55, 56, 57, 58, 59, 60, 61, 62, 63, 64, 65, 66, 67, 68, 69, 70, 71, 72, 73, 74, 75]
		},
		{
			"name": "fins",
			"origin": [8, 8, 8],
			"children": [76, 77, 78, 79, 80, 81, 82, 83, 84, 85]
		},
		{
			"name": "fins",
			"origin": [8, 8, 8],
			"children": [86, 87, 88, 89, 90, 91, 92, 93, 94, 95]
		},
		{
			"name": "fins",
			"origin": [8, 8, 8],
			"children": [96, 97, 98, 99, 100, 101, 102, 103, 104, 105]
		},
		{
			"name": "fins",
			"origin": [8, 8, 8],
			"children": [106, 107, 108, 109, 110, 111, 112, 113, 114, 115]
		}
	]
}