{
	"credit": "Made with Blockbench",
	"textures": {
		"0": "models/rocket_tile_dark",
		"1": "models/led",
		"particle": "models/rocket_tile_dark"
	},
	"elements": [
		{
			"from": [2, 0, 7],
			"to": [14, 1, 9],
			"rotation": {"angle": 0, "axis": "y", "origin": [14, 8, 16]},
			"faces": {
				"north": {"uv": [0, 15.5, 15, 16], "texture": "#0"},
				"east": {"uv": [0, 15.5, 1.5, 16], "texture": "#0"},
				"south": {"uv": [0, 15.5, 15, 16], "texture": "#0"},
				"west": {"uv": [0, 15.5, 1.5, 16], "texture": "#0"},
				"up": {"uv": [15.5, 15.5, 16, 16], "texture": "#0"},
				"down": {"uv": [0, 15.5, 15, 16], "rotation": 180, "texture": "#0"}
			}
		},
		{
			"from": [2, 8, 7],
			"to": [14, 9, 9],
			"rotation": {"angle": 0, "axis": "y", "origin": [14, 16, 16]},
			"faces": {
				"north": {"uv": [0, 15.5, 15, 16], "texture": "#0"},
				"east": {"uv": [0, 15.5, 1.5, 16], "texture": "#0"},
				"south": {"uv": [0, 15.5, 15, 16], "texture": "#0"},
				"west": {"uv": [0, 15.5, 1.5, 16], "texture": "#0"},
				"up": {"uv": [0, 15.5, 15, 16], "rotation": 180, "texture": "#0"},
				"down": {"uv": [15.5, 15.5, 16, 16], "texture": "#0"}
			}
		},
		{
			"from": [1, 1, 7],
			"to": [2, 8, 9],
			"rotation": {"angle": 0, "axis": "y", "origin": [9, 9, 15]},
			"faces": {
				"north": {"uv": [14.5, 15.5, 15, 16], "texture": "#0"},
				"east": {"uv": [15.5, 15.5, 16, 16], "texture": "#0"},
				"south": {"uv": [0, 15.5, 1.5, 16], "texture": "#0"},
				"west": {"uv": [0, 15.5, 1.5, 16], "texture": "#0"},
				"up": {"uv": [0, 15.5, 1.5, 16], "texture": "#0"},
				"down": {"uv": [0, 15.5, 1.5, 16], "texture": "#0"}
			}
		},
		{
			"from": [14, 1, 7],
			"to": [15, 8, 9],
			"rotation": {"angle": 0, "axis": "y", "origin": [22, 9, 15]},
			"faces": {
				"north": {"uv": [0, 15.5, 1.5, 16], "texture": "#0"},
				"east": {"uv": [0, 15.5, 1.5, 16], "texture": "#0"},
				"south": {"uv": [14.5, 15.5, 15, 16], "texture": "#0"},
				"west": {"uv": [15.5, 15.5, 16, 16], "texture": "#0"},
				"up": {"uv": [0, 15.5, 1.5, 16], "texture": "#0"},
				"down": {"uv": [0, 15.5, 1.5, 16], "texture": "#0"}
			}
		},
		{
			"from": [2, 2.3, 7.5],
			"to": [14, 2.8, 8.5],
			"rotation": {"angle": 0, "axis": "y", "origin": [14, 10.3, 16.5]},
			"faces": {
				"north": {"uv": [8.5, 15.5, 9, 16], "texture": "#0"},
				"east": {"uv": [0, 0, 1, 0.5], "texture": "#missing"},
				"south": {"uv": [8.5, 15.5, 9, 16], "texture": "#0"},
				"west": {"uv": [0, 0, 1, 0.5], "texture": "#missing"},
				"up": {"uv": [13.5, 15.5, 14, 16], "texture": "#0"},
				"down": {"uv": [13.5, 15.5, 14, 16], "texture": "#0"}
			}
		},
		{
			"from": [2, 1.3, 7.5],
			"to": [14, 1.8, 8.5],
			"rotation": {"angle": 0, "axis": "y", "origin": [14, 9.3, 16.5]},
			"faces": {
				"north": {"uv": [8.5, 15.5, 9, 16], "texture": "#0"},
				"east": {"uv": [0, 0, 1, 0.5], "texture": "#missing"},
				"south": {"uv": [8.5, 15.5, 9, 16], "texture": "#0"},
				"west": {"uv": [0, 0, 1, 0.5], "texture": "#missing"},
				"up": {"uv": [13.5, 15.5, 14, 16], "texture": "#0"},
				"down": {"uv": [13.5, 15.5, 14, 16], "texture": "#0"}
			}
		},
		{
			"from": [2, 3.3, 7.5],
			"to": [14, 3.8, 8.5],
			"rotation": {"angle": 0, "axis": "y", "origin": [14, 11.3, 16.5]},
			"faces": {
				"north": {"uv": [8.5, 15.5, 9, 16], "texture": "#0"},
				"east": {"uv": [0, 0, 1, 0.5], "texture": "#missing"},
				"south": {"uv": [8.5, 15.5, 9, 16], "texture": "#0"},
				"west": {"uv": [0, 0, 1, 0.5], "texture": "#missing"},
				"up": {"uv": [13.5, 15.5, 14, 16], "texture": "#0"},
				"down": {"uv": [13.5, 15.5, 14, 16], "texture": "#0"}
			}
		},
		{
			"from": [2, 4.3, 7.5],
			"to": [14, 4.8, 8.5],
			"rotation": {"angle": 0, "axis": "y", "origin": [14, 12.3, 16.5]},
			"faces": {
				"north": {"uv": [8.5, 15.5, 9, 16], "texture": "#0"},
				"east": {"uv": [0, 0, 1, 0.5], "texture": "#missing"},
				"south": {"uv": [8.5, 15.5, 9, 16], "texture": "#0"},
				"west": {"uv": [0, 0, 1, 0.5], "texture": "#missing"},
				"up": {"uv": [13.5, 15.5, 14, 16], "texture": "#0"},
				"down": {"uv": [13.5, 15.5, 14, 16], "texture": "#0"}
			}
		},
		{
			"from": [2, 5.3, 7.5],
			"to": [14, 5.8, 8.5],
			"rotation": {"angle": 0, "axis": "y", "origin": [14, 13.3, 16.5]},
			"faces": {
				"north": {"uv": [8.5, 15.5, 9, 16], "texture": "#0"},
				"east": {"uv": [0, 0, 1, 0.5], "texture": "#missing"},
				"south": {"uv": [8.5, 15.5, 9, 16], "texture": "#0"},
				"west": {"uv": [0, 0, 1, 0.5], "texture": "#missing"},
				"up": {"uv": [13.5, 15.5, 14, 16], "texture": "#0"},
				"down": {"uv": [13.5, 15.5, 14, 16], "texture": "#0"}
			}
		},
		{
			"from": [2, 6.3, 7.5],
			"to": [14, 6.8, 8.5],
			"rotation": {"angle": 0, "axis": "y", "origin": [14, 14.3, 16.5]},
			"faces": {
				"north": {"uv": [8.5, 15.5, 9, 16], "texture": "#0"},
				"east": {"uv": [0, 0, 1, 0.5], "texture": "#missing"},
				"south": {"uv": [8.5, 15.5, 9, 16], "texture": "#0"},
				"west": {"uv": [0, 0, 1, 0.5], "texture": "#missing"},
				"up": {"uv": [13.5, 15.5, 14, 16], "texture": "#0"},
				"down": {"uv": [13.5, 15.5, 14, 16], "texture": "#0"}
			}
		},
		{
			"from": [2, 7.3, 7.5],
			"to": [14, 7.8, 8.5],
			"rotation": {"angle": 0, "axis": "y", "origin": [14, 15.3, 16.5]},
			"faces": {
				"north": {"uv": [8.5, 15.5, 9, 16], "texture": "#0"},
				"east": {"uv": [0, 0, 2, 0.5], "texture": "#missing"},
				"south": {"uv": [8.5, 15.5, 9, 16], "texture": "#0"},
				"west": {"uv": [0, 0, 2, 0.5], "texture": "#missing"},
				"up": {"uv": [13.5, 15.5, 14, 16], "texture": "#0"},
				"down": {"uv": [13.5, 15.5, 14, 16], "texture": "#0"}
			}
		},
		{
			"from": [2.6, 9, 7.8],
			"to": [3.1, 12, 8.3],
			"rotation": {"angle": 0, "axis": "y", "origin": [10.6, 17, 15.8]},
			"faces": {
				"north": {"uv": [15.5, 15.5, 16, 16], "texture": "#0"},
				"east": {"uv": [15.5, 15.5, 16, 16], "texture": "#0"},
				"south": {"uv": [15.5, 15.5, 16, 16], "texture": "#0"},
				"west": {"uv": [15.5, 15.5, 16, 16], "texture": "#0"},
				"up": {"uv": [13.5, 15.5, 14, 16], "texture": "#0"},
				"down": {"uv": [13.5, 15.5, 14, 16], "texture": "#0"}
			}
		},
		{
			"from": [2.6, 12, 7.8],
			"to": [3.1, 12.5, 8.3],
			"rotation": {"angle": 0, "axis": "y", "origin": [10.6, 20, 15.8]},
			"faces": {
				"north": {"uv": [15.5, 15.5, 16, 16], "texture": "#1"},
				"east": {"uv": [15.5, 15.5, 16, 16], "texture": "#1"},
				"south": {"uv": [15.5, 15.5, 16, 16], "texture": "#1"},
				"west": {"uv": [15.5, 15.5, 16, 16], "texture": "#1"},
				"up": {"uv": [13.5, 15.5, 14, 16], "texture": "#1"},
				"down": {"uv": [13.5, 15.5, 14, 16], "texture": "#missing"}
			}
		}
	],
	"display": {
		"thirdperson_righthand": {
			"translation": [0, 4, 0.5],
			"scale": [0.5, 0.5, 0.5]
		},
		"thirdperson_lefthand": {
			"translation": [0, 4, 0.5],
			"scale": [0.5, 0.5, 0.5]
		},
		"firstperson_righthand": {
			"translation": [1, 4.25, 0],
			"scale": [0.5, 0.5, 0.5]
		},
		"firstperson_lefthand": {
			"translation": [1, 4.25, 0],
			"scale": [0.5, 0.5, 0.5]
		},
		"ground": {
			"translation": [0, 0.5, 0],
			"scale": [0.5, 0.5, 0.5]
		},
		"gui": {
			"rotation": [14, 18, 0],
			"translation": [0, 1.5, 0]
		},
		"head": {
			"rotation": [0, 90, 0],
			"translation": [-7.25, 3, 0]
		},
		"fixed": {
			"translation": [0, 2, -1]
		}
	},
	"groups": [0, 1, 2, 3,
		{
			"name": "vents",
			"origin": [8, 8, 8],
			"children": [4, 5, 6, 7, 8, 9, 10, 11, 12]
		}
	]
}