{
	"credit": "Made with Blockbench",
	"textures": {
		"solaron": "models/solaroff"
	},
	"elements": [
		{
			"name": "Voxels",
			"from": [0, 0, 0],
			"to": [16, 2, 0.5],
			"faces": {
				"north": {"uv": [7.875, 15.5, 3.875, 16], "texture": "#solaron"},
				"east": {"uv": [8.375, 8, 8.25, 8.5], "texture": "#solaron"},
				"south": {"uv": [3.875, 15, 7.875, 15.5], "texture": "#solaron"},
				"west": {"uv": [8.125, 8, 8.25, 8.5], "texture": "#solaron"},
				"up": {"uv": [3.875, 12, 7.875, 11.875], "texture": "#solaron"},
				"down": {"uv": [3.875, 11.75, 7.875, 11.875], "texture": "#solaron"}
			}
		},
		{
			"name": "Voxels",
			"from": [0, 0, 0.5],
			"to": [0.5, 2, 16],
			"faces": {
				"north": {"uv": [9.375, 9.25, 9.25, 9.75], "texture": "#solaron"},
				"east": {"uv": [7.75, 14.5, 3.875, 15], "texture": "#solaron"},
				"south": {"uv": [9.25, 8.75, 9.375, 9.25], "texture": "#solaron"},
				"west": {"uv": [0, 8, 3.875, 8.5], "texture": "#solaron"},
				"up": {"uv": [7.875, 12.125, 8, 8.25], "texture": "#solaron"},
				"down": {"uv": [7.875, 12.125, 8, 16], "texture": "#solaron"}
			}
		},
		{
			"name": "Voxels",
			"from": [0.5, 0, 15.5],
			"to": [16, 2, 16],
			"faces": {
				"north": {"uv": [7.75, 14, 3.875, 14.5], "texture": "#solaron"},
				"east": {"uv": [9.75, 12.75, 9.625, 13.25], "texture": "#solaron"},
				"south": {"uv": [3.875, 13.5, 7.75, 14], "texture": "#solaron"},
				"west": {"uv": [9.625, 13.25, 9.75, 13.75], "texture": "#solaron"},
				"up": {"uv": [3.875, 11.625, 7.75, 11.5], "texture": "#solaron"},
				"down": {"uv": [3.875, 11.625, 7.75, 11.75], "texture": "#solaron"}
			}
		},
		{
			"name": "Voxels",
			"from": [0.5, 0.5, 0.5],
			"to": [16, 1.5, 15.5],
			"faces": {
				"north": {"uv": [7.75, 13, 3.875, 13.25], "texture": "#solaron"},
				"east": {"uv": [7.625, 12.5, 3.875, 12.75], "texture": "#solaron"},
				"south": {"uv": [3.875, 13.25, 7.75, 13.5], "texture": "#solaron"},
				"west": {"uv": [3.875, 12.75, 7.625, 13], "texture": "#solaron"},
				"up": {"uv": [0, 12.25, 3.875, 8.5], "texture": "#solaron"},
				"down": {"uv": [0, 12.25, 3.875, 16], "texture": "#solaron"}
			}
		},
		{
			"name": "Voxels",
			"from": [1, 1.5, 1],
			"to": [15, 2, 1.5],
			"faces": {
				"north": {"uv": [7.375, 10.625, 3.875, 10.75], "texture": "#solaron"},
				"east": {"uv": [9.75, 9.5, 9.625, 9.625], "texture": "#solaron"},
				"south": {"uv": [3.875, 10.5, 7.375, 10.625], "texture": "#solaron"},
				"west": {"uv": [9.625, 9.125, 9.75, 9.25], "texture": "#solaron"},
				"up": {"uv": [3.875, 10.875, 7.375, 10.75], "texture": "#solaron"},
				"down": {"uv": [3.875, 10.875, 7.375, 11], "texture": "#solaron"}
			}
		},
		{
			"name": "Voxels",
			"from": [1, 1.5, 1.5],
			"to": [1.5, 2, 15],
			"faces": {
				"north": {"uv": [9.75, 9.625, 9.625, 9.75], "texture": "#solaron"},
				"east": {"uv": [15.125, 15.625, 11.75, 15.75], "texture": "#solaron"},
				"south": {"uv": [9.625, 9.75, 9.75, 9.875], "texture": "#solaron"},
				"west": {"uv": [8.375, 15.625, 11.75, 15.75], "texture": "#solaron"},
				"up": {"uv": [8.25, 12.5, 8.375, 9.125], "texture": "#solaron"},
				"down": {"uv": [8.25, 12.5, 8.375, 15.875], "texture": "#solaron"}
			}
		},
		{
			"name": "Voxels",
			"from": [1.5, 1.5, 3.5],
			"to": [15, 2, 4],
			"faces": {
				"north": {"uv": [7.25, 10.375, 3.875, 10.5], "texture": "#solaron"},
				"east": {"uv": [9.75, 10.25, 9.625, 10.375], "texture": "#solaron"},
				"south": {"uv": [11.75, 15.375, 15.125, 15.5], "texture": "#solaron"},
				"west": {"uv": [9.625, 9.875, 9.75, 10], "texture": "#solaron"},
				"up": {"uv": [11.75, 15.625, 15.125, 15.5], "texture": "#solaron"},
				"down": {"uv": [8.375, 15.5, 11.75, 15.625], "texture": "#solaron"}
			}
		},
		{
			"name": "Voxels",
			"from": [1.5, 1.5, 6.5],
			"to": [15, 2, 7],
			"faces": {
				"north": {"uv": [15.125, 15.125, 11.75, 15.25], "texture": "#solaron"},
				"east": {"uv": [9.75, 10.5, 9.625, 10.625], "texture": "#solaron"},
				"south": {"uv": [8.375, 15, 11.75, 15.125], "texture": "#solaron"},
				"west": {"uv": [9.625, 10.375, 9.75, 10.5], "texture": "#solaron"},
				"up": {"uv": [8.375, 15.25, 11.75, 15.125], "texture": "#solaron"},
				"down": {"uv": [11.75, 15.25, 15.125, 15.375], "texture": "#solaron"}
			}
		},
		{
			"name": "Voxels",
			"from": [1.5, 1.5, 9],
			"to": [15, 2, 9.5],
			"faces": {
				"north": {"uv": [11.75, 14.75, 8.375, 14.875], "texture": "#solaron"},
				"east": {"uv": [9.75, 11.75, 9.625, 11.875], "texture": "#solaron"},
				"south": {"uv": [11.75, 14.75, 15.125, 14.875], "texture": "#solaron"},
				"west": {"uv": [9.625, 10.625, 9.75, 10.75], "texture": "#solaron"},
				"up": {"uv": [11.75, 15, 15.125, 14.875], "texture": "#solaron"},
				"down": {"uv": [8.375, 14.875, 11.75, 15], "texture": "#solaron"}
			}
		},
		{
			"name": "Voxels",
			"from": [1.5, 1.5, 12],
			"to": [15, 2, 12.5],
			"faces": {
				"north": {"uv": [11.625, 15.875, 8.25, 16], "texture": "#solaron"},
				"east": {"uv": [9.75, 12, 9.625, 12.125], "texture": "#solaron"},
				"south": {"uv": [11.625, 15.875, 15, 16], "texture": "#solaron"},
				"west": {"uv": [9.625, 11.875, 9.75, 12], "texture": "#solaron"},
				"up": {"uv": [3.875, 10.375, 7.25, 10.25], "texture": "#solaron"},
				"down": {"uv": [11.75, 15, 15.125, 15.125], "texture": "#solaron"}
			}
		},
		{
			"name": "Voxels",
			"from": [1.5, 1.5, 14.5],
			"to": [15, 2, 15],
			"faces": {
				"north": {"uv": [11.75, 15.375, 8.375, 15.5], "texture": "#solaron"},
				"east": {"uv": [9.75, 12.125, 9.625, 12.25], "texture": "#solaron"},
				"south": {"uv": [8.375, 15.25, 11.75, 15.375], "texture": "#solaron"},
				"west": {"uv": [8.875, 9.75, 9, 9.875], "texture": "#solaron"},
				"up": {"uv": [8.375, 15.875, 11.75, 15.75], "texture": "#solaron"},
				"down": {"uv": [11.75, 15.75, 15.125, 15.875], "texture": "#solaron"}
			}
		},
		{
			"name": "Voxels",
			"from": [2, 1.5, 2],
			"to": [3, 2, 3],
			"faces": {
				"north": {"uv": [10.25, 13.625, 10, 13.75], "texture": "#solaron"},
				"east": {"uv": [10.25, 13.25, 10, 13.375], "texture": "#solaron"},
				"south": {"uv": [10, 13.5, 10.25, 13.625], "texture": "#solaron"},
				"west": {"uv": [10, 13.375, 10.25, 13.5], "texture": "#solaron"},
				"up": {"uv": [12.875, 14.5, 13.125, 14.25], "texture": "#solaron"},
				"down": {"uv": [12.625, 14.25, 12.875, 14.5], "texture": "#solaron"}
			}
		},
		{
			"name": "Voxels",
			"from": [2, 1.5, 4.5],
			"to": [3, 2, 6],
			"faces": {
				"north": {"uv": [10.25, 13.125, 10, 13.25], "texture": "#solaron"},
				"east": {"uv": [14.875, 14.375, 14.5, 14.5], "texture": "#solaron"},
				"south": {"uv": [10, 13, 10.25, 13.125], "texture": "#solaron"},
				"west": {"uv": [14.5, 14.25, 14.875, 14.375], "texture": "#solaron"},
				"up": {"uv": [9, 13.125, 9.25, 12.75], "texture": "#solaron"},
				"down": {"uv": [9, 13.125, 9.25, 13.5], "texture": "#solaron"}
			}
		},
		{
			"name": "Voxels",
			"from": [2, 1.5, 7.5],
			"to": [3, 2, 8.5],
			"faces": {
				"north": {"uv": [10.25, 12.875, 10, 13], "texture": "#solaron"},
				"east": {"uv": [10.25, 12.5, 10, 12.625], "texture": "#solaron"},
				"south": {"uv": [10, 12.75, 10.25, 12.875], "texture": "#solaron"},
				"west": {"uv": [10, 12.625, 10.25, 12.75], "texture": "#solaron"},
				"up": {"uv": [4.75, 8.25, 5, 8], "texture": "#solaron"},
				"down": {"uv": [4.5, 8, 4.75, 8.25], "texture": "#solaron"}
			}
		},
		{
			"name": "Voxels",
			"from": [2, 1.5, 10],
			"to": [3, 2, 11.5],
			"faces": {
				"north": {"uv": [7.875, 11.375, 7.625, 11.5], "texture": "#solaron"},
				"east": {"uv": [14.5, 14.375, 14.125, 14.5], "texture": "#solaron"},
				"south": {"uv": [7.625, 11.25, 7.875, 11.375], "texture": "#solaron"},
				"west": {"uv": [14.125, 14.25, 14.5, 14.375], "texture": "#solaron"},
				"up": {"uv": [8.625, 11.625, 8.875, 11.25], "texture": "#solaron"},
				"down": {"uv": [8.375, 11.25, 8.625, 11.625], "texture": "#solaron"}
			}
		},
		{
			"name": "Voxels",
			"from": [2, 1.5, 13],
			"to": [3, 2, 14],
			"faces": {
				"north": {"uv": [7.875, 11.125, 7.625, 11.25], "texture": "#solaron"},
				"east": {"uv": [10.75, 14, 10.5, 14.125], "texture": "#solaron"},
				"south": {"uv": [15.75, 14.875, 16, 15], "texture": "#solaron"},
				"west": {"uv": [15.75, 14.75, 16, 14.875], "texture": "#solaron"},
				"up": {"uv": [9.375, 13, 9.625, 12.75], "texture": "#solaron"},
				"down": {"uv": [9.375, 13.5, 9.625, 13.75], "texture": "#solaron"}
			}
		},
		{
			"name": "Voxels",
			"from": [2.5, -1, 7.5],
			"to": [5, 0.5, 10],
			"faces": {
				"north": {"uv": [6.25, 9.125, 5.625, 9.5], "texture": "#solaron"},
				"east": {"uv": [6.25, 8.375, 5.625, 8.75], "texture": "#solaron"},
				"south": {"uv": [5.625, 8.75, 6.25, 9.125], "texture": "#solaron"},
				"west": {"uv": [6.25, 8, 6.875, 8.375], "texture": "#solaron"},
				"up": {"uv": [3.875, 9.25, 4.5, 8.625], "texture": "#solaron"},
				"down": {"uv": [5, 9.625, 5.625, 10.25], "texture": "#solaron"}
			}
		},
		{
			"name": "Voxels",
			"from": [2.5, 0, 10.5],
			"to": [3.5, 0.5, 11],
			"faces": {
				"north": {"uv": [11.5, 14, 11.25, 14.125], "texture": "#solaron"},
				"east": {"uv": [9.375, 8.125, 9.25, 8.25], "texture": "#solaron"},
				"south": {"uv": [12.5, 14, 12.75, 14.125], "texture": "#solaron"},
				"west": {"uv": [9.25, 8, 9.375, 8.125], "texture": "#solaron"},
				"up": {"uv": [11, 14.125, 11.25, 14], "texture": "#solaron"},
				"down": {"uv": [10.75, 14, 11, 14.125], "texture": "#solaron"}
			}
		},
		{
			"name": "Voxels",
			"from": [2.5, 0, 11],
			"to": [3, 0.5, 13],
			"faces": {
				"north": {"uv": [9, 8.75, 8.875, 8.875], "texture": "#solaron"},
				"east": {"uv": [7.875, 10.5, 7.375, 10.625], "texture": "#solaron"},
				"south": {"uv": [8.875, 10, 9, 10.125], "texture": "#solaron"},
				"west": {"uv": [7.375, 10.625, 7.875, 10.75], "texture": "#solaron"},
				"up": {"uv": [7.75, 14, 7.875, 13.5], "texture": "#solaron"},
				"down": {"uv": [7.75, 14, 7.875, 14.5], "texture": "#solaron"}
			}
		},
		{
			"name": "Voxels",
			"from": [3, -1, 12.5],
			"to": [7.5, 0.5, 14.5],
			"faces": {
				"north": {"uv": [7.25, 12.125, 6.125, 12.5], "texture": "#solaron"},
				"east": {"uv": [5, 8.875, 4.5, 9.25], "texture": "#solaron"},
				"south": {"uv": [3.875, 9.875, 5, 10.25], "texture": "#solaron"},
				"west": {"uv": [4.5, 9.5, 5, 9.875], "texture": "#solaron"},
				"up": {"uv": [5, 12.5, 6.125, 12], "texture": "#solaron"},
				"down": {"uv": [3.875, 12, 5, 12.5], "texture": "#solaron"}
			}
		},
		{
			"name": "Voxels",
			"from": [3, -1, 14.5],
			"to": [5.5, 0.5, 15],
			"faces": {
				"north": {"uv": [5.625, 8.125, 5, 8.5], "texture": "#solaron"},
				"east": {"uv": [7.875, 8.375, 7.75, 8.75], "texture": "#solaron"},
				"south": {"uv": [5, 9.25, 5.625, 9.625], "texture": "#solaron"},
				"west": {"uv": [7.75, 8, 7.875, 8.375], "texture": "#solaron"},
				"up": {"uv": [5, 8.125, 5.625, 8], "texture": "#solaron"},
				"down": {"uv": [12.875, 14.625, 13.5, 14.75], "texture": "#solaron"}
			}
		},
		{
			"name": "Voxels",
			"from": [3, 0, 10],
			"to": [3.5, 0.5, 10.5],
			"faces": {
				"north": {"uv": [9, 11.375, 8.875, 11.5], "texture": "#solaron"},
				"east": {"uv": [9.75, 11.125, 9.625, 11.25], "texture": "#solaron"},
				"south": {"uv": [8.875, 11.5, 9, 11.625], "texture": "#solaron"},
				"west": {"uv": [9.625, 11, 9.75, 11.125], "texture": "#solaron"},
				"up": {"uv": [8.875, 10.375, 9, 10.25], "texture": "#solaron"},
				"down": {"uv": [8.875, 10.125, 9, 10.25], "texture": "#solaron"}
			}
		},
		{
			"name": "Voxels",
			"from": [3.5, 1.5, 2],
			"to": [4.5, 2, 3],
			"faces": {
				"north": {"uv": [13, 14, 12.75, 14.125], "texture": "#solaron"},
				"east": {"uv": [14.25, 14, 14, 14.125], "texture": "#solaron"},
				"south": {"uv": [13.5, 14, 13.75, 14.125], "texture": "#solaron"},
				"west": {"uv": [13.75, 14, 14, 14.125], "texture": "#solaron"},
				"up": {"uv": [9.375, 9, 9.625, 8.75], "texture": "#solaron"},
				"down": {"uv": [9.375, 9, 9.625, 9.25], "texture": "#solaron"}
			}
		},
		{
			"name": "Voxels",
			"from": [3.5, 1.5, 4.5],
			"to": [4.5, 2, 6],
			"faces": {
				"north": {"uv": [14.5, 14, 14.25, 14.125], "texture": "#solaron"},
				"east": {"uv": [11.625, 14.125, 11.25, 14.25], "texture": "#solaron"},
				"south": {"uv": [15.5, 14, 15.75, 14.125], "texture": "#solaron"},
				"west": {"uv": [12.375, 14.125, 12.75, 14.25], "texture": "#solaron"},
				"up": {"uv": [8.625, 10.875, 8.875, 10.5], "texture": "#solaron"},
				"down": {"uv": [8.375, 10.5, 8.625, 10.875], "texture": "#solaron"}
			}
		},
		{
			"name": "Voxels",
			"from": [3.5, 1.5, 7.5],
			"to": [4.5, 2, 8.5],
			"faces": {
				"north": {"uv": [16, 14, 15.75, 14.125], "texture": "#solaron"},
				"east": {"uv": [10, 13.375, 9.75, 13.5], "texture": "#solaron"},
				"south": {"uv": [9.75, 13.875, 10, 14], "texture": "#solaron"},
				"west": {"uv": [9.75, 13.75, 10, 13.875], "texture": "#solaron"},
				"up": {"uv": [9.375, 8.5, 9.625, 8.25], "texture": "#solaron"},
				"down": {"uv": [9.375, 8.5, 9.625, 8.75], "texture": "#solaron"}
			}
		},
		{
			"name": "Voxels",
			"from": [3.5, 1.5, 10],
			"to": [4.5, 2, 11.5],
			"faces": {
				"north": {"uv": [10, 13.25, 9.75, 13.375], "texture": "#solaron"},
				"east": {"uv": [11.25, 14.125, 10.875, 14.25], "texture": "#solaron"},
				"south": {"uv": [9.75, 13, 10, 13.125], "texture": "#solaron"},
				"west": {"uv": [10.5, 14.125, 10.875, 14.25], "texture": "#solaron"},
				"up": {"uv": [8.375, 10.125, 8.625, 9.75], "texture": "#solaron"},
				"down": {"uv": [8.625, 9, 8.875, 9.375], "texture": "#solaron"}
			}
		},
		{
			"name": "Voxels",
			"from": [3.5, 1.5, 13],
			"to": [4.5, 2, 14],
			"faces": {
				"north": {"uv": [10, 12.625, 9.75, 12.75], "texture": "#solaron"},
				"east": {"uv": [10, 12, 9.75, 12.125], "texture": "#solaron"},
				"south": {"uv": [9.75, 12.5, 10, 12.625], "texture": "#solaron"},
				"west": {"uv": [9.75, 12.125, 10, 12.25], "texture": "#solaron"},
				"up": {"uv": [11.375, 14.5, 11.625, 14.25], "texture": "#solaron"},
				"down": {"uv": [10.875, 14.25, 11.125, 14.5], "texture": "#solaron"}
			}
		},
		{
			"name": "Voxels",
			"from": [4, -1, 2.5],
			"to": [8, 0.5, 4],
			"faces": {
				"north": {"uv": [6.625, 9.5, 5.625, 9.875], "texture": "#solaron"},
				"east": {"uv": [4.875, 8.25, 4.5, 8.625], "texture": "#solaron"},
				"south": {"uv": [6.625, 9.5, 7.625, 9.875], "texture": "#solaron"},
				"west": {"uv": [7.5, 9.125, 7.875, 9.5], "texture": "#solaron"},
				"up": {"uv": [5.625, 10.25, 6.625, 9.875], "texture": "#solaron"},
				"down": {"uv": [6.625, 9.875, 7.625, 10.25], "texture": "#solaron"}
			}
		},
		{
			"name": "Voxels",
			"from": [4, -1, 4],
			"to": [6.5, 0.5, 5],
			"faces": {
				"north": {"uv": [5.625, 8.5, 5, 8.875], "texture": "#solaron"},
				"east": {"uv": [9.25, 13.875, 9, 14.25], "texture": "#solaron"},
				"south": {"uv": [5, 8.875, 5.625, 9.25], "texture": "#solaron"},
				"west": {"uv": [9, 13.5, 9.25, 13.875], "texture": "#solaron"},
				"up": {"uv": [8.375, 13.125, 9, 12.875], "texture": "#solaron"},
				"down": {"uv": [8.375, 13.375, 9, 13.625], "texture": "#solaron"}
			}
		},
		{
			"name": "Voxels",
			"from": [4, 0, 7],
			"to": [4.5, 0.5, 7.5],
			"faces": {
				"north": {"uv": [9, 8.25, 8.875, 8.375], "texture": "#solaron"},
				"east": {"uv": [9, 11, 8.875, 11.125], "texture": "#solaron"},
				"south": {"uv": [8.875, 8.375, 9, 8.5], "texture": "#solaron"},
				"west": {"uv": [8.875, 10.625, 9, 10.75], "texture": "#solaron"},
				"up": {"uv": [9.625, 12.75, 9.75, 12.625], "texture": "#solaron"},
				"down": {"uv": [9.625, 12.5, 9.75, 12.625], "texture": "#solaron"}
			}
		},
		{
			"name": "Voxels",
			"from": [4.5, 0, 5],
			"to": [5, 0.5, 7],
			"faces": {
				"north": {"uv": [9.75, 8.375, 9.625, 8.5], "texture": "#solaron"},
				"east": {"uv": [15, 14.5, 14.5, 14.625], "texture": "#solaron"},
				"south": {"uv": [9.625, 8.75, 9.75, 8.875], "texture": "#solaron"},
				"west": {"uv": [14, 14.5, 14.5, 14.625], "texture": "#solaron"},
				"up": {"uv": [9.25, 11.25, 9.375, 10.75], "texture": "#solaron"},
				"down": {"uv": [9.25, 11.25, 9.375, 11.75], "texture": "#solaron"}
			}
		},
		{
			"name": "Voxels",
			"from": [5, -1, 12],
			"to": [7.5, 0.5, 12.5],
			"faces": {
				"north": {"uv": [6.25, 8, 5.625, 8.375], "texture": "#solaron"},
				"east": {"uv": [5, 8.25, 4.875, 8.625], "texture": "#solaron"},
				"south": {"uv": [6.25, 9.125, 6.875, 9.5], "texture": "#solaron"},
				"west": {"uv": [7.75, 8.75, 7.875, 9.125], "texture": "#solaron"},
				"up": {"uv": [14.75, 14.75, 15.375, 14.625], "texture": "#solaron"},
				"down": {"uv": [14.125, 14.625, 14.75, 14.75], "texture": "#solaron"}
			}
		},
		{
			"name": "Voxels",
			"from": [5, 1.5, 2],
			"to": [6, 2, 3],
			"faces": {
				"north": {"uv": [10, 11.875, 9.75, 12], "texture": "#solaron"},
				"east": {"uv": [10, 11, 9.75, 11.125], "texture": "#solaron"},
				"south": {"uv": [9.75, 11.75, 10, 11.875], "texture": "#solaron"},
				"west": {"uv": [9.75, 11.125, 10, 11.25], "texture": "#solaron"},
				"up": {"uv": [7.625, 12.75, 7.875, 12.5], "texture": "#solaron"},
				"down": {"uv": [7.625, 12.75, 7.875, 13], "texture": "#solaron"}
			}
		},
		{
			"name": "Voxels",
			"from": [5, 1.5, 4.5],
			"to": [6, 2, 6],
			"faces": {
				"north": {"uv": [10, 10.625, 9.75, 10.75], "texture": "#solaron"},
				"east": {"uv": [13.75, 14.375, 13.375, 14.5], "texture": "#solaron"},
				"south": {"uv": [9.75, 10.5, 10, 10.625], "texture": "#solaron"},
				"west": {"uv": [13.75, 14.25, 14.125, 14.375], "texture": "#solaron"},
				"up": {"uv": [7.5, 8.375, 7.75, 8], "texture": "#solaron"},
				"down": {"uv": [9, 10.5, 9.25, 10.875], "texture": "#solaron"}
			}
		},
		{
			"name": "Voxels",
			"from": [5, 1.5, 7.5],
			"to": [6, 2, 8.5],
			"faces": {
				"north": {"uv": [10, 10.375, 9.75, 10.5], "texture": "#solaron"},
				"east": {"uv": [10, 9.5, 9.75, 9.625], "texture": "#solaron"},
				"south": {"uv": [9.75, 10.25, 10, 10.375], "texture": "#solaron"},
				"west": {"uv": [9.75, 9.625, 10, 9.75], "texture": "#solaron"},
				"up": {"uv": [9.375, 12, 9.625, 11.75], "texture": "#solaron"},
				"down": {"uv": [9.375, 12.5, 9.625, 12.75], "texture": "#solaron"}
			}
		},
		{
			"name": "Voxels",
			"from": [5, 1.5, 10],
			"to": [6, 2, 11.5],
			"faces": {
				"north": {"uv": [10, 9.375, 9.75, 9.5], "texture": "#solaron"},
				"east": {"uv": [13.125, 14.125, 12.75, 14.25], "texture": "#solaron"},
				"south": {"uv": [9.75, 9.25, 10, 9.375], "texture": "#solaron"},
				"west": {"uv": [13.125, 14.125, 13.5, 14.25], "texture": "#solaron"},
				"up": {"uv": [7.625, 9.875, 7.875, 9.5], "texture": "#solaron"},
				"down": {"uv": [7.625, 9.875, 7.875, 10.25], "texture": "#solaron"}
			}
		},
		{
			"name": "Voxels",
			"from": [5, 1.5, 13],
			"to": [6, 2, 14],
			"faces": {
				"north": {"uv": [10, 9.125, 9.75, 9.25], "texture": "#solaron"},
				"east": {"uv": [10, 8.75, 9.75, 8.875], "texture": "#solaron"},
				"south": {"uv": [9.75, 9, 10, 9.125], "texture": "#solaron"},
				"west": {"uv": [9.75, 8.875, 10, 9], "texture": "#solaron"},
				"up": {"uv": [9.625, 14.5, 9.875, 14.25], "texture": "#solaron"},
				"down": {"uv": [9.375, 8, 9.625, 8.25], "texture": "#solaron"}
			}
		},
		{
			"name": "Voxels",
			"from": [5.5, -1, 1.5],
			"to": [8, 0.5, 2.5],
			"faces": {
				"north": {"uv": [7.875, 12.125, 7.25, 12.5], "texture": "#solaron"},
				"east": {"uv": [9.25, 12, 9, 12.375], "texture": "#solaron"},
				"south": {"uv": [6.25, 8.375, 6.875, 8.75], "texture": "#solaron"},
				"west": {"uv": [9, 12.375, 9.25, 12.75], "texture": "#solaron"},
				"up": {"uv": [8.375, 12.875, 9, 12.625], "texture": "#solaron"},
				"down": {"uv": [8.375, 12.375, 9, 12.625], "texture": "#solaron"}
			}
		},
		{
			"name": "Voxels",
			"from": [6.5, 1.5, 2],
			"to": [7.5, 2, 3],
			"faces": {
				"north": {"uv": [10, 8.625, 9.75, 8.75], "texture": "#solaron"},
				"east": {"uv": [10, 8.25, 9.75, 8.375], "texture": "#solaron"},
				"south": {"uv": [9.75, 8.5, 10, 8.625], "texture": "#solaron"},
				"west": {"uv": [9.75, 8.375, 10, 8.5], "texture": "#solaron"},
				"up": {"uv": [8.625, 8.25, 8.875, 8], "texture": "#solaron"},
				"down": {"uv": [8.375, 8, 8.625, 8.25], "texture": "#solaron"}
			}
		},
		{
			"name": "Voxels",
			"from": [6.5, 1.5, 4.5],
			"to": [7.5, 2, 6],
			"faces": {
				"north": {"uv": [10.75, 13.875, 10.5, 14], "texture": "#solaron"},
				"east": {"uv": [10.5, 14.125, 10.125, 14.25], "texture": "#solaron"},
				"south": {"uv": [10.75, 13.875, 11, 14], "texture": "#solaron"},
				"west": {"uv": [9.75, 14.125, 10.125, 14.25], "texture": "#solaron"},
				"up": {"uv": [9, 10.125, 9.25, 9.75], "texture": "#solaron"},
				"down": {"uv": [9, 10.125, 9.25, 10.5], "texture": "#solaron"}
			}
		},
		{
			"name": "Voxels",
			"from": [6.5, 1.5, 7.5],
			"to": [7.5, 2, 8.5],
			"faces": {
				"north": {"uv": [11.75, 13.875, 11.5, 14], "texture": "#solaron"},
				"east": {"uv": [12.5, 13.875, 12.25, 14], "texture": "#solaron"},
				"south": {"uv": [11.75, 13.875, 12, 14], "texture": "#solaron"},
				"west": {"uv": [12, 13.875, 12.25, 14], "texture": "#solaron"},
				"up": {"uv": [10.625, 14.5, 10.875, 14.25], "texture": "#solaron"},
				"down": {"uv": [9.875, 14.25, 10.125, 14.5], "texture": "#solaron"}
			}
		},
		{
			"name": "Voxels",
			"from": [6.5, 1.5, 10],
			"to": [7.5, 2, 11.5],
			"faces": {
				"north": {"uv": [13.75, 13.875, 13.5, 14], "texture": "#solaron"},
				"east": {"uv": [10.125, 14, 9.75, 14.125], "texture": "#solaron"},
				"south": {"uv": [14.25, 13.875, 14.5, 14], "texture": "#solaron"},
				"west": {"uv": [10.125, 14, 10.5, 14.125], "texture": "#solaron"},
				"up": {"uv": [7.5, 8.75, 7.75, 8.375], "texture": "#solaron"},
				"down": {"uv": [7.5, 8.75, 7.75, 9.125], "texture": "#solaron"}
			}
		},
		{
			"name": "Voxels",
			"from": [6.5, 1.5, 13],
			"to": [7.5, 2, 14],
			"faces": {
				"north": {"uv": [14.75, 13.875, 14.5, 14], "texture": "#solaron"},
				"east": {"uv": [11, 13.75, 10.75, 13.875], "texture": "#solaron"},
				"south": {"uv": [14.75, 13.875, 15, 14], "texture": "#solaron"},
				"west": {"uv": [15, 13.875, 15.25, 14], "texture": "#solaron"},
				"up": {"uv": [9.375, 14, 9.625, 13.75], "texture": "#solaron"},
				"down": {"uv": [9, 8.125, 9.25, 8.375], "texture": "#solaron"}
			}
		},
		{
			"name": "Voxels",
			"from": [7.5, 0, 11.5],
			"to": [8.5, 0.5, 12],
			"faces": {
				"north": {"uv": [11.75, 13.75, 11.5, 13.875], "texture": "#solaron"},
				"east": {"uv": [9.75, 8.875, 9.625, 9], "texture": "#solaron"},
				"south": {"uv": [11.75, 13.75, 12, 13.875], "texture": "#solaron"},
				"west": {"uv": [9.625, 9, 9.75, 9.125], "texture": "#solaron"},
				"up": {"uv": [11.25, 13.875, 11.5, 13.75], "texture": "#solaron"},
				"down": {"uv": [11, 13.75, 11.25, 13.875], "texture": "#solaron"}
			}
		},
		{
			"name": "Voxels",
			"from": [8, 0, 3],
			"to": [10, 0.5, 3.5],
			"faces": {
				"north": {"uv": [11, 14.5, 10.5, 14.625], "texture": "#solaron"},
				"east": {"uv": [9, 8.5, 8.875, 8.625], "texture": "#solaron"},
				"south": {"uv": [10, 14.5, 10.5, 14.625], "texture": "#solaron"},
				"west": {"uv": [8.875, 8.625, 9, 8.75], "texture": "#solaron"},
				"up": {"uv": [12, 14.625, 12.5, 14.5], "texture": "#solaron"},
				"down": {"uv": [12.5, 14.5, 13, 14.625], "texture": "#solaron"}
			}
		},
		{
			"name": "Voxels",
			"from": [8, 0, 11],
			"to": [12, 0.5, 11.5],
			"faces": {
				"north": {"uv": [11, 14.625, 10, 14.75], "texture": "#solaron"},
				"east": {"uv": [9.75, 11.25, 9.625, 11.375], "texture": "#solaron"},
				"south": {"uv": [6.125, 12, 7.125, 12.125], "texture": "#solaron"},
				"west": {"uv": [9.625, 11.375, 9.75, 11.5], "texture": "#solaron"},
				"up": {"uv": [15, 16, 16, 15.875], "texture": "#solaron"},
				"down": {"uv": [9, 14.625, 10, 14.75], "texture": "#solaron"}
			}
		},
		{
			"name": "Voxels",
			"from": [8.5, 1.5, 2],
			"to": [9.5, 2, 3],
			"faces": {
				"north": {"uv": [12.25, 13.75, 12, 13.875], "texture": "#solaron"},
				"east": {"uv": [13, 13.75, 12.75, 13.875], "texture": "#solaron"},
				"south": {"uv": [12.25, 13.75, 12.5, 13.875], "texture": "#solaron"},
				"west": {"uv": [12.5, 13.75, 12.75, 13.875], "texture": "#solaron"},
				"up": {"uv": [9.375, 9.75, 9.625, 9.5], "texture": "#solaron"},
				"down": {"uv": [9.375, 9.25, 9.625, 9.5], "texture": "#solaron"}
			}
		},
		{
			"name": "Voxels",
			"from": [8.5, 1.5, 4.5],
			"to": [9.5, 2, 6],
			"faces": {
				"north": {"uv": [13.25, 13.75, 13, 13.875], "texture": "#solaron"},
				"east": {"uv": [15, 14.125, 14.625, 14.25], "texture": "#solaron"},
				"south": {"uv": [13.25, 13.75, 13.5, 13.875], "texture": "#solaron"},
				"west": {"uv": [13.5, 14.125, 13.875, 14.25], "texture": "#solaron"},
				"up": {"uv": [8.375, 11.25, 8.625, 10.875], "texture": "#solaron"},
				"down": {"uv": [8.625, 10.875, 8.875, 11.25], "texture": "#solaron"}
			}
		},
		{
			"name": "Voxels",
			"from": [8.5, 1.5, 7.5],
			"to": [9.5, 2, 8.5],
			"faces": {
				"north": {"uv": [13.75, 13.75, 13.5, 13.875], "texture": "#solaron"},
				"east": {"uv": [14.5, 13.75, 14.25, 13.875], "texture": "#solaron"},
				"south": {"uv": [13.75, 13.75, 14, 13.875], "texture": "#solaron"},
				"west": {"uv": [14, 13.75, 14.25, 13.875], "texture": "#solaron"},
				"up": {"uv": [9.375, 11.25, 9.625, 11], "texture": "#solaron"},
				"down": {"uv": [9.375, 10.25, 9.625, 10.5], "texture": "#solaron"}
			}
		},
		{
			"name": "Voxels",
			"from": [8.5, 1.5, 10],
			"to": [9.5, 2, 11.5],
			"faces": {
				"north": {"uv": [14.75, 13.75, 14.5, 13.875], "texture": "#solaron"},
				"east": {"uv": [15.625, 14.25, 15.25, 14.375], "texture": "#solaron"},
				"south": {"uv": [14.75, 13.75, 15, 13.875], "texture": "#solaron"},
				"west": {"uv": [15.25, 14.375, 15.625, 14.5], "texture": "#solaron"},
				"up": {"uv": [9, 9.75, 9.25, 9.375], "texture": "#solaron"},
				"down": {"uv": [9, 9, 9.25, 9.375], "texture": "#solaron"}
			}
		},
		{
			"name": "Voxels",
			"from": [8.5, 1.5, 13],
			"to": [9.5, 2, 14],
			"faces": {
				"north": {"uv": [15.25, 13.75, 15, 13.875], "texture": "#solaron"},
				"east": {"uv": [16, 13.75, 15.75, 13.875], "texture": "#solaron"},
				"south": {"uv": [15.25, 13.75, 15.5, 13.875], "texture": "#solaron"},
				"west": {"uv": [15.5, 13.75, 15.75, 13.875], "texture": "#solaron"},
				"up": {"uv": [12.125, 14.5, 12.375, 14.25], "texture": "#solaron"},
				"down": {"uv": [12.375, 14.25, 12.625, 14.5], "texture": "#solaron"}
			}
		},
		{
			"name": "Voxels",
			"from": [9.5, -1, 10],
			"to": [12, 0.5, 11],
			"faces": {
				"north": {"uv": [9, 13.625, 8.375, 14], "texture": "#solaron"},
				"east": {"uv": [8.625, 10.125, 8.375, 10.5], "texture": "#solaron"},
				"south": {"uv": [8.375, 14, 9, 14.375], "texture": "#solaron"},
				"west": {"uv": [8.625, 10.125, 8.875, 10.5], "texture": "#solaron"},
				"up": {"uv": [8.375, 12.125, 9, 11.875], "texture": "#solaron"},
				"down": {"uv": [8.375, 12.125, 9, 12.375], "texture": "#solaron"}
			}
		},
		{
			"name": "Voxels",
			"from": [9.5, -1, 11],
			"to": [12, 0, 12.5],
			"faces": {
				"north": {"uv": [9, 13.125, 8.375, 13.375], "texture": "#solaron"},
				"east": {"uv": [4.875, 8.625, 4.5, 8.875], "texture": "#solaron"},
				"south": {"uv": [8.375, 11.625, 9, 11.875], "texture": "#solaron"},
				"west": {"uv": [4.5, 9.25, 4.875, 9.5], "texture": "#solaron"},
				"up": {"uv": [6.25, 9.125, 6.875, 8.75], "texture": "#solaron"},
				"down": {"uv": [6.875, 9.125, 7.5, 9.5], "texture": "#solaron"}
			}
		},
		{
			"name": "Voxels",
			"from": [9.5, 0, 11.5],
			"to": [13, 0.5, 12],
			"faces": {
				"north": {"uv": [16, 15.5, 15.125, 15.625], "texture": "#solaron"},
				"east": {"uv": [9, 10.75, 8.875, 10.875], "texture": "#solaron"},
				"south": {"uv": [15.125, 15.375, 16, 15.5], "texture": "#solaron"},
				"west": {"uv": [8.875, 10.875, 9, 11], "texture": "#solaron"},
				"up": {"uv": [15.125, 15.75, 16, 15.625], "texture": "#solaron"},
				"down": {"uv": [15.125, 15.75, 16, 15.875], "texture": "#solaron"}
			}
		},
		{
			"name": "Voxels",
			"from": [9.5, 0, 12],
			"to": [12, 0.5, 12.5],
			"faces": {
				"north": {"uv": [7.875, 10.25, 7.25, 10.375], "texture": "#solaron"},
				"east": {"uv": [9, 9.625, 8.875, 9.75], "texture": "#solaron"},
				"south": {"uv": [13.5, 14.625, 14.125, 14.75], "texture": "#solaron"},
				"west": {"uv": [8.875, 9.875, 9, 10], "texture": "#solaron"},
				"up": {"uv": [15.125, 15.25, 15.75, 15.125], "texture": "#solaron"},
				"down": {"uv": [15.125, 15.25, 15.75, 15.375], "texture": "#solaron"}
			}
		},
		{
			"name": "Voxels",
			"from": [10, 0, 3.5],
			"to": [10.5, 0.5, 4],
			"faces": {
				"north": {"uv": [9, 9.25, 8.875, 9.375], "texture": "#solaron"},
				"east": {"uv": [9, 8.875, 8.875, 9], "texture": "#solaron"},
				"south": {"uv": [8.875, 9.125, 9, 9.25], "texture": "#solaron"},
				"west": {"uv": [8.875, 9, 9, 9.125], "texture": "#solaron"},
				"up": {"uv": [8.875, 9.5, 9, 9.375], "texture": "#solaron"},
				"down": {"uv": [8.875, 9.5, 9, 9.625], "texture": "#solaron"}
			}
		},
		{
			"name": "Voxels",
			"from": [10, 1.5, 2],
			"to": [11, 2, 3],
			"faces": {
				"north": {"uv": [7.875, 11, 7.625, 11.125], "texture": "#solaron"},
				"east": {"uv": [16, 15, 15.75, 15.125], "texture": "#solaron"},
				"south": {"uv": [15.75, 15.25, 16, 15.375], "texture": "#solaron"},
				"west": {"uv": [15.75, 15.125, 16, 15.25], "texture": "#solaron"},
				"up": {"uv": [9.375, 14.25, 9.625, 14], "texture": "#solaron"},
				"down": {"uv": [9.375, 14.25, 9.625, 14.5], "texture": "#solaron"}
			}
		},
		{
			"name": "Voxels",
			"from": [10, 1.5, 4.5],
			"to": [11, 2, 6],
			"faces": {
				"north": {"uv": [9.25, 8, 9, 8.125], "texture": "#solaron"},
				"east": {"uv": [12.375, 14.125, 12, 14.25], "texture": "#solaron"},
				"south": {"uv": [15.75, 14.125, 16, 14.25], "texture": "#solaron"},
				"west": {"uv": [11.625, 14.125, 12, 14.25], "texture": "#solaron"},
				"up": {"uv": [8.375, 9.75, 8.625, 9.375], "texture": "#solaron"},
				"down": {"uv": [8.625, 9.75, 8.875, 10.125], "texture": "#solaron"}
			}
		},
		{
			"name": "Voxels",
			"from": [10, 1.5, 7.5],
			"to": [11, 2, 8.5],
			"faces": {
				"north": {"uv": [11.75, 14, 11.5, 14.125], "texture": "#solaron"},
				"east": {"uv": [12.5, 14, 12.25, 14.125], "texture": "#solaron"},
				"south": {"uv": [11.75, 14, 12, 14.125], "texture": "#solaron"},
				"west": {"uv": [12, 14, 12.25, 14.125], "texture": "#solaron"},
				"up": {"uv": [9.375, 13.25, 9.625, 13], "texture": "#solaron"},
				"down": {"uv": [9.375, 13.25, 9.625, 13.5], "texture": "#solaron"}
			}
		},
		{
			"name": "Voxels",
			"from": [10, 1.5, 10],
			"to": [11, 2, 11.5],
			"faces": {
				"north": {"uv": [13.25, 14, 13, 14.125], "texture": "#solaron"},
				"east": {"uv": [14.625, 14.125, 14.25, 14.25], "texture": "#solaron"},
				"south": {"uv": [13.25, 14, 13.5, 14.125], "texture": "#solaron"},
				"west": {"uv": [13.875, 14.125, 14.25, 14.25], "texture": "#solaron"},
				"up": {"uv": [8.375, 9.375, 8.625, 9], "texture": "#solaron"},
				"down": {"uv": [8.625, 9.375, 8.875, 9.75], "texture": "#solaron"}
			}
		},
		{
			"name": "Voxels",
			"from": [10, 1.5, 13],
			"to": [11, 2, 14],
			"faces": {
				"north": {"uv": [14.75, 14, 14.5, 14.125], "texture": "#solaron"},
				"east": {"uv": [15.5, 14, 15.25, 14.125], "texture": "#solaron"},
				"south": {"uv": [14.75, 14, 15, 14.125], "texture": "#solaron"},
				"west": {"uv": [15, 14, 15.25, 14.125], "texture": "#solaron"},
				"up": {"uv": [9.375, 12.25, 9.625, 12], "texture": "#solaron"},
				"down": {"uv": [9.375, 12.25, 9.625, 12.5], "texture": "#solaron"}
			}
		},
		{
			"name": "Voxels",
			"from": [10.5, 0, 4],
			"to": [11, 0.5, 4.5],
			"faces": {
				"north": {"uv": [7.875, 11.625, 7.75, 11.75], "texture": "#solaron"},
				"east": {"uv": [8, 8, 7.875, 8.125], "texture": "#solaron"},
				"south": {"uv": [7.75, 11.5, 7.875, 11.625], "texture": "#solaron"},
				"west": {"uv": [7.875, 8.125, 8, 8.25], "texture": "#solaron"},
				"up": {"uv": [7.125, 12.125, 7.25, 12], "texture": "#solaron"},
				"down": {"uv": [9.625, 8.25, 9.75, 8.375], "texture": "#solaron"}
			}
		},
		{
			"name": "Voxels",
			"from": [11, 0, 4.5],
			"to": [11.5, 0.5, 6.5],
			"faces": {
				"north": {"uv": [9, 11.25, 8.875, 11.375], "texture": "#solaron"},
				"east": {"uv": [7.875, 10.75, 7.375, 10.875], "texture": "#solaron"},
				"south": {"uv": [8.875, 11.125, 9, 11.25], "texture": "#solaron"},
				"west": {"uv": [7.375, 10.875, 7.875, 11], "texture": "#solaron"},
				"up": {"uv": [7.75, 15, 7.875, 14.5], "texture": "#solaron"},
				"down": {"uv": [8, 8, 8.125, 8.5], "texture": "#solaron"}
			}
		},
		{
			"name": "Voxels",
			"from": [11.5, 0, 6.5],
			"to": [12, 0.5, 7.5],
			"faces": {
				"north": {"uv": [9, 10.5, 8.875, 10.625], "texture": "#solaron"},
				"east": {"uv": [10, 13.5, 9.75, 13.625], "texture": "#solaron"},
				"south": {"uv": [8.875, 10.375, 9, 10.5], "texture": "#solaron"},
				"west": {"uv": [9.75, 13.625, 10, 13.75], "texture": "#solaron"},
				"up": {"uv": [7.75, 13.25, 7.875, 13], "texture": "#solaron"},
				"down": {"uv": [7.75, 13.25, 7.875, 13.5], "texture": "#solaron"}
			}
		},
		{
			"name": "Voxels",
			"from": [11.5, 1.5, 2],
			"to": [12.5, 2, 3],
			"faces": {
				"north": {"uv": [10, 13.125, 9.75, 13.25], "texture": "#solaron"},
				"east": {"uv": [10, 12.75, 9.75, 12.875], "texture": "#solaron"},
				"south": {"uv": [10, 12.375, 10.25, 12.5], "texture": "#solaron"},
				"west": {"uv": [9.75, 12.875, 10, 13], "texture": "#solaron"},
				"up": {"uv": [9.375, 11.5, 9.625, 11.25], "texture": "#solaron"},
				"down": {"uv": [9.375, 11.5, 9.625, 11.75], "texture": "#solaron"}
			}
		},
		{
			"name": "Voxels",
			"from": [11.5, 1.5, 4.5],
			"to": [12.5, 2, 6],
			"faces": {
				"north": {"uv": [10, 12.375, 9.75, 12.5], "texture": "#solaron"},
				"east": {"uv": [15.25, 14.25, 14.875, 14.375], "texture": "#solaron"},
				"south": {"uv": [9.75, 12.25, 10, 12.375], "texture": "#solaron"},
				"west": {"uv": [14.875, 14.375, 15.25, 14.5], "texture": "#solaron"},
				"up": {"uv": [8.375, 8.625, 8.625, 8.25], "texture": "#solaron"},
				"down": {"uv": [8.625, 8.625, 8.875, 9], "texture": "#solaron"}
			}
		},
		{
			"name": "Voxels",
			"from": [11.5, 1.5, 7.5],
			"to": [12.5, 2, 8.5],
			"faces": {
				"north": {"uv": [10, 11.625, 9.75, 11.75], "texture": "#solaron"},
				"east": {"uv": [10, 11.25, 9.75, 11.375], "texture": "#solaron"},
				"south": {"uv": [9.75, 11.5, 10, 11.625], "texture": "#solaron"},
				"west": {"uv": [9.75, 11.375, 10, 11.5], "texture": "#solaron"},
				"up": {"uv": [9.375, 10.75, 9.625, 10.5], "texture": "#solaron"},
				"down": {"uv": [9.375, 10.75, 9.625, 11], "texture": "#solaron"}
			}
		},
		{
			"name": "Voxels",
			"from": [11.5, 1.5, 10],
			"to": [12.5, 2, 11.5],
			"faces": {
				"north": {"uv": [10, 10.875, 9.75, 11], "texture": "#solaron"},
				"east": {"uv": [16, 14.25, 15.625, 14.375], "texture": "#solaron"},
				"south": {"uv": [9.75, 10.75, 10, 10.875], "texture": "#solaron"},
				"west": {"uv": [15.625, 14.375, 16, 14.5], "texture": "#solaron"},
				"up": {"uv": [9, 14.625, 9.25, 14.25], "texture": "#solaron"},
				"down": {"uv": [8.625, 8.25, 8.875, 8.625], "texture": "#solaron"}
			}
		},
		{
			"name": "Voxels",
			"from": [11.5, 1.5, 13],
			"to": [12.5, 2, 14],
			"faces": {
				"north": {"uv": [10, 10.125, 9.75, 10.25], "texture": "#solaron"},
				"east": {"uv": [10, 9.75, 9.75, 9.875], "texture": "#solaron"},
				"south": {"uv": [9.75, 10, 10, 10.125], "texture": "#solaron"},
				"west": {"uv": [9.75, 9.875, 10, 10], "texture": "#solaron"},
				"up": {"uv": [9.375, 10, 9.625, 9.75], "texture": "#solaron"},
				"down": {"uv": [9.375, 10, 9.625, 10.25], "texture": "#solaron"}
			}
		},
		{
			"name": "Voxels",
			"from": [12, -1, 1],
			"to": [14.5, 0.5, 3.5],
			"faces": {
				"north": {"uv": [7.5, 8.75, 6.875, 9.125], "texture": "#solaron"},
				"east": {"uv": [9, 14.375, 8.375, 14.75], "texture": "#solaron"},
				"south": {"uv": [6.875, 8.375, 7.5, 8.75], "texture": "#solaron"},
				"west": {"uv": [6.875, 8, 7.5, 8.375], "texture": "#solaron"},
				"up": {"uv": [3.875, 9.875, 4.5, 9.25], "texture": "#solaron"},
				"down": {"uv": [3.875, 8, 4.5, 8.625], "texture": "#solaron"}
			}
		},
		{
			"name": "Voxels",
			"from": [12, 0, 7],
			"to": [14.5, 0.5, 7.5],
			"faces": {
				"north": {"uv": [7.875, 10.375, 7.25, 10.5], "texture": "#solaron"},
				"east": {"uv": [9.75, 8, 9.625, 8.125], "texture": "#solaron"},
				"south": {"uv": [9.375, 14.5, 10, 14.625], "texture": "#solaron"},
				"west": {"uv": [9.625, 8.125, 9.75, 8.25], "texture": "#solaron"},
				"up": {"uv": [7.25, 12.125, 7.875, 12], "texture": "#solaron"},
				"down": {"uv": [15.375, 14.625, 16, 14.75], "texture": "#solaron"}
			}
		},
		{
			"name": "Voxels",
			"from": [12.5, 0, 12],
			"to": [13, 0.5, 12.5],
			"faces": {
				"north": {"uv": [10.125, 12, 10, 12.125], "texture": "#solaron"},
				"east": {"uv": [10.25, 11.75, 10.125, 11.875], "texture": "#solaron"},
				"south": {"uv": [10.125, 12, 10.25, 12.125], "texture": "#solaron"},
				"west": {"uv": [10, 11.75, 10.125, 11.875], "texture": "#solaron"},
				"up": {"uv": [10.125, 12.25, 10.25, 12.125], "texture": "#solaron"},
				"down": {"uv": [10, 12.125, 10.125, 12.25], "texture": "#solaron"}
			}
		},
		{
			"name": "Voxels",
			"from": [13, 1.5, 2],
			"to": [14, 2, 3],
			"faces": {
				"north": {"uv": [10, 8.125, 9.75, 8.25], "texture": "#solaron"},
				"east": {"uv": [10.5, 13.875, 10.25, 14], "texture": "#solaron"},
				"south": {"uv": [9.75, 8, 10, 8.125], "texture": "#solaron"},
				"west": {"uv": [10, 13.875, 10.25, 14], "texture": "#solaron"},
				"up": {"uv": [10.375, 14.5, 10.625, 14.25], "texture": "#solaron"},
				"down": {"uv": [10.125, 14.25, 10.375, 14.5], "texture": "#solaron"}
			}
		},
		{
			"name": "Voxels",
			"from": [13, 1.5, 4.5],
			"to": [14, 2, 6],
			"faces": {
				"north": {"uv": [11.25, 13.875, 11, 14], "texture": "#solaron"},
				"east": {"uv": [15.75, 14.125, 15.375, 14.25], "texture": "#solaron"},
				"south": {"uv": [11.25, 13.875, 11.5, 14], "texture": "#solaron"},
				"west": {"uv": [15, 14.125, 15.375, 14.25], "texture": "#solaron"},
				"up": {"uv": [9, 11.625, 9.25, 11.25], "texture": "#solaron"},
				"down": {"uv": [9, 11.625, 9.25, 12], "texture": "#solaron"}
			}
		},
		{
			"name": "Voxels",
			"from": [13, 1.5, 7.5],
			"to": [14, 2, 8.5],
			"faces": {
				"north": {"uv": [12.75, 13.875, 12.5, 14], "texture": "#solaron"},
				"east": {"uv": [13.5, 13.875, 13.25, 14], "texture": "#solaron"},
				"south": {"uv": [12.75, 13.875, 13, 14], "texture": "#solaron"},
				"west": {"uv": [13, 13.875, 13.25, 14], "texture": "#solaron"},
				"up": {"uv": [13.125, 14.5, 13.375, 14.25], "texture": "#solaron"},
				"down": {"uv": [11.125, 14.25, 11.375, 14.5], "texture": "#solaron"}
			}
		},
		{
			"name": "Voxels",
			"from": [13, 1.5, 10],
			"to": [14, 2, 11.5],
			"faces": {
				"north": {"uv": [14, 13.875, 13.75, 14], "texture": "#solaron"},
				"east": {"uv": [14.125, 14.375, 13.75, 14.5], "texture": "#solaron"},
				"south": {"uv": [14, 13.875, 14.25, 14], "texture": "#solaron"},
				"west": {"uv": [13.375, 14.25, 13.75, 14.375], "texture": "#solaron"},
				"up": {"uv": [8.375, 9, 8.625, 8.625], "texture": "#solaron"},
				"down": {"uv": [9, 10.875, 9.25, 11.25], "texture": "#solaron"}
			}
		},
		{
			"name": "Voxels",
			"from": [13, 1.5, 13],
			"to": [14, 2, 14],
			"faces": {
				"north": {"uv": [15.5, 13.875, 15.25, 14], "texture": "#solaron"},
				"east": {"uv": [10.25, 13.75, 10, 13.875], "texture": "#solaron"},
				"south": {"uv": [15.5, 13.875, 15.75, 14], "texture": "#solaron"},
				"west": {"uv": [15.75, 13.875, 16, 14], "texture": "#solaron"},
				"up": {"uv": [11.875, 14.5, 12.125, 14.25], "texture": "#solaron"},
				"down": {"uv": [11.625, 14.25, 11.875, 14.5], "texture": "#solaron"}
			}
		},
		{
			"name": "Voxels",
			"from": [13.5, 0, 3.5],
			"to": [14, 0.5, 4.5],
			"faces": {
				"north": {"uv": [9, 8.125, 8.875, 8.25], "texture": "#solaron"},
				"east": {"uv": [10.75, 13.75, 10.5, 13.875], "texture": "#solaron"},
				"south": {"uv": [8.875, 8, 9, 8.125], "texture": "#solaron"},
				"west": {"uv": [10.25, 13.75, 10.5, 13.875], "texture": "#solaron"},
				"up": {"uv": [4.875, 8.875, 5, 8.625], "texture": "#solaron"},
				"down": {"uv": [4.875, 9.25, 5, 9.5], "texture": "#solaron"}
			}
		},
		{
			"name": "Voxels",
			"from": [14, 0, 4.5],
			"to": [14.5, 0.5, 7],
			"faces": {
				"north": {"uv": [9.75, 12.375, 9.625, 12.5], "texture": "#solaron"},
				"east": {"uv": [15.75, 14.875, 15.125, 15], "texture": "#solaron"},
				"south": {"uv": [9.625, 12.25, 9.75, 12.375], "texture": "#solaron"},
				"west": {"uv": [15.125, 15, 15.75, 15.125], "texture": "#solaron"},
				"up": {"uv": [9, 9, 9.125, 8.375], "texture": "#solaron"},
				"down": {"uv": [8.25, 8.5, 8.375, 9.125], "texture": "#solaron"}
			}
		},
		{
			"name": "Voxels",
			"from": [14.5, 1.5, 1.5],
			"to": [15, 2, 3.5],
			"faces": {
				"north": {"uv": [9.75, 11.625, 9.625, 11.75], "texture": "#solaron"},
				"east": {"uv": [12, 14.5, 11.5, 14.625], "texture": "#solaron"},
				"south": {"uv": [9.625, 11.5, 9.75, 11.625], "texture": "#solaron"},
				"west": {"uv": [11, 14.5, 11.5, 14.625], "texture": "#solaron"},
				"up": {"uv": [9.25, 12.25, 9.375, 11.75], "texture": "#solaron"},
				"down": {"uv": [9.25, 12.25, 9.375, 12.75], "texture": "#solaron"}
			}
		},
		{
			"name": "Voxels",
			"from": [14.5, 1.5, 4],
			"to": [15, 2, 6.5],
			"faces": {
				"north": {"uv": [9.75, 10.875, 9.625, 11], "texture": "#solaron"},
				"east": {"uv": [11.625, 14.625, 11, 14.75], "texture": "#solaron"},
				"south": {"uv": [9.625, 10.75, 9.75, 10.875], "texture": "#solaron"},
				"west": {"uv": [15.125, 14.75, 15.75, 14.875], "texture": "#solaron"},
				"up": {"uv": [9.25, 14.625, 9.375, 14], "texture": "#solaron"},
				"down": {"uv": [9.125, 8.375, 9.25, 9], "texture": "#solaron"}
			}
		},
		{
			"name": "Voxels",
			"from": [14.5, 1.5, 7],
			"to": [15, 2, 9],
			"faces": {
				"north": {"uv": [9.75, 10.125, 9.625, 10.25], "texture": "#solaron"},
				"east": {"uv": [14, 14.5, 13.5, 14.625], "texture": "#solaron"},
				"south": {"uv": [9.625, 10, 9.75, 10.125], "texture": "#solaron"},
				"west": {"uv": [13, 14.5, 13.5, 14.625], "texture": "#solaron"},
				"up": {"uv": [9.25, 10.25, 9.375, 9.75], "texture": "#solaron"},
				"down": {"uv": [9.25, 10.25, 9.375, 10.75], "texture": "#solaron"}
			}
		},
		{
			"name": "Voxels",
			"from": [14.5, 1.5, 9.5],
			"to": [15, 2, 12],
			"faces": {
				"north": {"uv": [9.75, 9.375, 9.625, 9.5], "texture": "#solaron"},
				"east": {"uv": [12.875, 14.625, 12.25, 14.75], "texture": "#solaron"},
				"south": {"uv": [9.625, 9.25, 9.75, 9.375], "texture": "#solaron"},
				"west": {"uv": [11.625, 14.625, 12.25, 14.75], "texture": "#solaron"},
				"up": {"uv": [9.25, 13.375, 9.375, 12.75], "texture": "#solaron"},
				"down": {"uv": [9.25, 13.375, 9.375, 14], "texture": "#solaron"}
			}
		},
		{
			"name": "Voxels",
			"from": [14.5, 1.5, 12.5],
			"to": [15, 2, 14.5],
			"faces": {
				"north": {"uv": [9.75, 8.625, 9.625, 8.75], "texture": "#solaron"},
				"east": {"uv": [16, 14.5, 15.5, 14.625], "texture": "#solaron"},
				"south": {"uv": [9.625, 8.5, 9.75, 8.625], "texture": "#solaron"},
				"west": {"uv": [15, 14.5, 15.5, 14.625], "texture": "#solaron"},
				"up": {"uv": [9.625, 14.25, 9.75, 13.75], "texture": "#solaron"},
				"down": {"uv": [9.25, 8.25, 9.375, 8.75], "texture": "#solaron"}
			}
		},
		{
			"name": "Voxels",
			"from": [15.5, 0, 0.5],
			"to": [16, 0.5, 15.5],
			"faces": {
				"north": {"uv": [10.125, 12.25, 10, 12.375], "texture": "#solaron"},
				"east": {"uv": [7.625, 11.375, 3.875, 11.5], "texture": "#solaron"},
				"south": {"uv": [10.125, 12.25, 10.25, 12.375], "texture": "#solaron"},
				"west": {"uv": [3.875, 11, 7.625, 11.125], "texture": "#solaron"},
				"up": {"uv": [8.125, 12.25, 8.25, 8.5], "texture": "#solaron"},
				"down": {"uv": [8.125, 12.25, 8.25, 16], "texture": "#solaron"}
			}
		},
		{
			"name": "Voxels",
			"from": [15.5, 1.5, 0.5],
			"to": [16, 2, 15.5],
			"faces": {
				"north": {"uv": [10.125, 11.875, 10, 12], "texture": "#solaron"},
				"east": {"uv": [7.625, 11.125, 3.875, 11.25], "texture": "#solaron"},
				"south": {"uv": [10.125, 11.875, 10.25, 12], "texture": "#solaron"},
				"west": {"uv": [3.875, 11.25, 7.625, 11.375], "texture": "#solaron"},
				"up": {"uv": [8, 12.25, 8.125, 8.5], "texture": "#solaron"},
				"down": {"uv": [8, 12.25, 8.125, 16], "texture": "#solaron"}
			}
		}
	],
	"display": {
		"thirdperson_righthand": {
			"translation": [0, 4, 0],
			"scale": [0.6, 0.6, 0.6]
		},
		"thirdperson_lefthand": {
			"translation": [0, 4, 0],
			"scale": [0.6, 0.6, 0.6]
		},
		"firstperson_righthand": {
			"translation": [0, 5.5, 0],
			"scale": [0.6, 0.6, 0.6]
		},
		"firstperson_lefthand": {
			"translation": [0, 5.5, 0],
			"scale": [0.6, 0.6, 0.6]
		},
		"ground": {
			"translation": [0, 5, 0]
		},
		"gui": {
			"rotation": [26, 28, 0],
			"translation": [0, 4, 0],
			"scale": [0.8, 0.8, 0.8]
		},
		"head": {
			"translation": [0, 9.5, 0],
			"scale": [1.6, 1.6, 1.6]
		},
		"fixed": {
			"rotation": [-90, 0, 0],
			"translation": [0, 0, -8.25]
		}
	}
}