{
 "parent": "item/generated",
 "textures": {
 "layer0": "item/stone_sword"
 },
 
 "overrides": [
 {"predicate": {"custom_model_data":1234567}, "model": "item/lightsabers/lightsaber_closed"},
 {"predicate": {"custom_model_data":1234568}, "model": "item/lightsabers/lightsaber_open"},
 {"predicate": {"custom_model_data":1234569}, "model": "item/lightsabers/anakin_closed"},
 {"predicate": {"custom_model_data":1234570}, "model": "item/lightsabers/anakin_open"},
 {"predicate": {"custom_model_data":1234571}, "model": "item/lightsabers/vader_closed"},
 {"predicate": {"custom_model_data":1234572}, "model": "item/lightsabers/vader_open"},
 {"predicate": {"custom_model_data":1234573}, "model": "item/lightsabers/dark_closed"},
 {"predicate": {"custom_model_data":1234574}, "model": "item/lightsabers/dark_open"}

 ]
}