{
	"credit": "Made with Blockbench",
	"texture_size": [64, 64],
	"textures": {
		"0": "guis/tank/gui_2",
		"particle": "guis/tank/gui_2"
	},
	"elements": [
		{
			"from": [0, 0, 0],
			"to": [1.4, 3.1, 0],
			"faces": {
				"north": {"uv": [0, 0, 7.25, 15.5], "texture": "#0"},
				"east": {"uv": [0, 0, 0.25, 8], "texture": "#missing"},
				"south": {"uv": [0, 0, 7.25, 15.5], "texture": "#0"},
				"west": {"uv": [0, 0, 0.25, 8], "texture": "#missing"},
				"up": {"uv": [0, 0, 4, 0.25], "texture": "#missing"},
				"down": {"uv": [0, 0, 4, 0.25], "texture": "#missing"}
			}
		}
	],
	"display": {
		"thirdperson_righthand": {
			"scale": [0, 0, 0]
		},
		"thirdperson_lefthand": {
			"scale": [0, 0, 0]
		},
		"firstperson_righthand": {
			"rotation": [0, -180, 0],
			"translation": [-3, 15.75, 0],
			"scale": [0, 0, 0]
		},
		"firstperson_lefthand": {
			"rotation": [0, -180, 0],
			"translation": [3, 15.75, 0],
			"scale": [0.5, 0.5, 0.5]
		},
		"ground": {
			"scale": [2, 2, 2]
		},
		"gui": {
			"rotation": [0, -180, 0],
			"translation": [-29, 26, 0],
			"scale": [4, 4, 4]
		},
		"head": {
			"scale": [0, 0, 0]
		},
		"fixed": {
			"translation": [29, 25.25, 31.75],
			"scale": [4, 4, 4]
		}
	}
}