{
	"credit": "Made with Blockbench",
	"textures": {
		"layer0": "item/oxygen_tank"
	},
	"elements": [
		{
			"from": [5, 0, 5],
			"to": [11, 1, 11],
			"rotation": {"angle": 0, "axis": "y", "origin": [13, 8, 13]},
			"faces": {
				"north": {"uv": [10, 5.5, 10.5, 11.5], "texture": "#layer0"},
				"east": {"uv": [10, 5.5, 10.5, 11.5], "texture": "#layer0"},
				"south": {"uv": [10, 5.5, 10.5, 11.5], "texture": "#layer0"},
				"west": {"uv": [10, 5.5, 10.5, 11.5], "texture": "#layer0"},
				"up": {"uv": [0, 0, 6, 6], "texture": "#missing"},
				"down": {"uv": [10, 5.5, 10.5, 11.5], "texture": "#layer0"}
			}
		},
		{
			"from": [4, 1, 5],
			"to": [12, 13, 11],
			"rotation": {"angle": 0, "axis": "y", "origin": [12, 9, 13]},
			"faces": {
				"north": {"uv": [11, 6, 11.5, 13], "texture": "#layer0"},
				"east": {"uv": [6.5, 4, 10.5, 13], "texture": "#layer0"},
				"south": {"uv": [8, 4, 8.5, 11], "texture": "#layer0"},
				"west": {"uv": [6.5, 4, 10.5, 13], "rotation": 180, "texture": "#layer0"},
				"up": {"uv": [6.5, 4, 10.5, 13], "rotation": 270, "texture": "#layer0"},
				"down": {"uv": [6.5, 4, 10.5, 13], "rotation": 90, "texture": "#layer0"}
			}
		},
		{
			"from": [5, 13, 5],
			"to": [11, 14, 11],
			"rotation": {"angle": 0, "axis": "y", "origin": [13, 21, 13]},
			"faces": {
				"north": {"uv": [11.5, 3, 12, 3.5], "texture": "#layer0"},
				"east": {"uv": [11.5, 3, 12, 4], "texture": "#layer0"},
				"south": {"uv": [11.5, 3, 12, 4], "texture": "#layer0"},
				"west": {"uv": [11.5, 3, 12, 4], "texture": "#layer0"},
				"up": {"uv": [11.5, 3, 12, 3.5], "texture": "#layer0"},
				"down": {"uv": [0, 0, 6, 6], "texture": "#missing"}
			}
		},
		{
			"from": [5, 14, 6],
			"to": [11, 15, 10],
			"rotation": {"angle": 0, "axis": "y", "origin": [13, 22, 14]},
			"faces": {
				"north": {"uv": [11.5, 3, 12, 4], "texture": "#layer0"},
				"east": {"uv": [8.5, 2.5, 9.5, 3.5], "texture": "#layer0"},
				"south": {"uv": [11.5, 3, 12, 4], "texture": "#layer0"},
				"west": {"uv": [7, 2, 9.5, 3.5], "texture": "#layer0"},
				"up": {"uv": [9.5, 2, 10, 3.5], "texture": "#layer0"},
				"down": {"uv": [0, 0, 6, 4], "texture": "#missing"}
			}
		},
		{
			"from": [6, 14, 10],
			"to": [10, 15, 11],
			"rotation": {"angle": 0, "axis": "y", "origin": [12, 22, 15]},
			"faces": {
				"north": {"uv": [0, 0, 4, 1], "texture": "#missing"},
				"east": {"uv": [11.5, 3, 12, 4], "texture": "#layer0"},
				"south": {"uv": [7.5, 2.5, 9, 3.5], "texture": "#layer0"},
				"west": {"uv": [11.5, 3, 12, 4], "texture": "#layer0"},
				"up": {"uv": [7.5, 2, 9, 3], "texture": "#layer0"},
				"down": {"uv": [0, 0, 4, 1], "texture": "#missing"}
			}
		},
		{
			"from": [4, 13, 6],
			"to": [5, 14, 10],
			"rotation": {"angle": 0, "axis": "y", "origin": [10, 21, 14]},
			"faces": {
				"north": {"uv": [11.5, 3, 12, 4], "texture": "#layer0"},
				"east": {"uv": [0, 0, 4, 1], "texture": "#missing"},
				"south": {"uv": [11.5, 3, 12, 4], "texture": "#layer0"},
				"west": {"uv": [11.5, 3, 12, 4], "texture": "#layer0"},
				"up": {"uv": [7, 2.5, 7.5, 3.5], "texture": "#layer0"},
				"down": {"uv": [0, 0, 1, 4], "texture": "#missing"}
			}
		},
		{
			"from": [11, 13, 6],
			"to": [12, 14, 10],
			"rotation": {"angle": 0, "axis": "y", "origin": [17, 21, 14]},
			"faces": {
				"north": {"uv": [11.5, 3, 12, 4], "texture": "#layer0"},
				"east": {"uv": [11.5, 3, 12, 4], "texture": "#layer0"},
				"south": {"uv": [11.5, 3, 12, 4], "texture": "#layer0"},
				"west": {"uv": [0, 0, 4, 1], "texture": "#missing"},
				"up": {"uv": [7.5, 2.5, 8.5, 3.5], "texture": "#layer0"},
				"down": {"uv": [0, 0, 1, 4], "texture": "#missing"}
			}
		},
		{
			"from": [6, 13, 11],
			"to": [10, 14, 12],
			"rotation": {"angle": 0, "axis": "y", "origin": [15, 21, 19]},
			"faces": {
				"north": {"uv": [0, 0, 4, 1], "texture": "#missing"},
				"east": {"uv": [11.5, 3, 12, 4], "texture": "#layer0"},
				"south": {"uv": [11.5, 3, 12, 4], "texture": "#layer0"},
				"west": {"uv": [11.5, 3, 12, 4], "texture": "#layer0"},
				"up": {"uv": [7.5, 2, 8.5, 3], "texture": "#layer0"},
				"down": {"uv": [0, 0, 4, 1], "texture": "#missing"}
			}
		},
		{
			"from": [6, 13, 4],
			"to": [10, 14, 5],
			"rotation": {"angle": 0, "axis": "y", "origin": [15, 21, 12]},
			"faces": {
				"north": {"uv": [11.5, 3, 12, 4], "texture": "#layer0"},
				"east": {"uv": [11.5, 3, 12, 4], "texture": "#layer0"},
				"south": {"uv": [0, 0, 4, 1], "texture": "#missing"},
				"west": {"uv": [11.5, 3, 12, 4], "texture": "#layer0"},
				"up": {"uv": [7, 2.5, 9, 3.5], "texture": "#layer0"},
				"down": {"uv": [0, 0, 4, 1], "texture": "#missing"}
			}
		},
		{
			"from": [6, 14, 5],
			"to": [10, 15, 6],
			"rotation": {"angle": 0, "axis": "y", "origin": [12, 22, 10]},
			"faces": {
				"north": {"uv": [7, 2, 9, 3], "texture": "#layer0"},
				"east": {"uv": [11.5, 3, 12, 4], "texture": "#layer0"},
				"south": {"uv": [0, 0, 4, 1], "texture": "#missing"},
				"west": {"uv": [11.5, 3, 12, 4], "texture": "#layer0"},
				"up": {"uv": [8.5, 2, 9, 3], "texture": "#layer0"},
				"down": {"uv": [0, 0, 4, 1], "texture": "#missing"}
			}
		},
		{
			"from": [5, 1, 4],
			"to": [11, 13, 5],
			"rotation": {"angle": 0, "axis": "y", "origin": [13, 9, 12]},
			"faces": {
				"north": {"uv": [6.5, 4, 10.5, 13], "rotation": 180, "texture": "#layer0"},
				"east": {"uv": [11, 4, 11.5, 11], "texture": "#layer0"},
				"south": {"uv": [0, 0, 6, 12], "texture": "#missing"},
				"west": {"uv": [7.5, 5.5, 8, 8.5], "texture": "#layer0"},
				"up": {"uv": [6.5, 4, 10.5, 13], "texture": "#layer0"},
				"down": {"uv": [6.5, 4, 10.5, 13], "texture": "#layer0"}
			}
		},
		{
			"from": [5, 1, 11],
			"to": [11, 13, 12],
			"rotation": {"angle": 0, "axis": "y", "origin": [13, 9, 19]},
			"faces": {
				"north": {"uv": [0, 0, 6, 12], "texture": "#missing"},
				"east": {"uv": [8, 4, 8.5, 12], "texture": "#layer0"},
				"south": {"uv": [6.5, 4, 10.5, 13], "texture": "#layer0"},
				"west": {"uv": [4.5, 4, 5, 11.5], "texture": "#layer0"},
				"up": {"uv": [6.5, 4, 10.5, 13], "texture": "#layer0"},
				"down": {"uv": [6.5, 4, 10.5, 13], "texture": "#layer0"}
			}
		},
		{
			"from": [6, 15, 6],
			"to": [10, 16, 10],
			"rotation": {"angle": 0, "axis": "y", "origin": [17, 23, 17]},
			"faces": {
				"north": {"uv": [6, 1, 10, 1.5], "texture": "#layer0"},
				"east": {"uv": [6, 1, 10, 1.5], "texture": "#layer0"},
				"south": {"uv": [6, 1, 10, 1.5], "texture": "#layer0"},
				"west": {"uv": [6, 1, 10, 1.5], "texture": "#layer0"},
				"up": {"uv": [6, 1, 10, 1.5], "texture": "#layer0"},
				"down": {"uv": [0, 0, 4, 4], "texture": "#missing"}
			}
		}
	],
	"display": {
		"thirdperson_righthand": {
			"translation": [0, 3.75, 0.25],
			"scale": [0.5, 0.5, 0.5]
		},
		"thirdperson_lefthand": {
			"translation": [0, 3.75, 0.25],
			"scale": [0.5, 0.5, 0.5]
		},
		"firstperson_righthand": {
			"rotation": [0, 18, 0],
			"translation": [0.5, 2.5, 0],
			"scale": [0.5, 0.5, 0.5]
		},
		"firstperson_lefthand": {
			"rotation": [0, 18, 0],
			"translation": [0.5, 2.5, 0],
			"scale": [0.5, 0.5, 0.5]
		},
		"ground": {
			"translation": [0, 1.75, 0],
			"scale": [0.7, 0.7, 0.7]
		},
		"gui": {
			"rotation": [14, 118, 0],
			"translation": [0.75, 0, 0],
			"scale": [0.85, 0.85, 0.85]
		},
		"head": {
			"translation": [0, -15.25, 7.25]
		},
		"fixed": {
			"translation": [0, 0, -3.5]
		}
	}
}