{
	"credit": "Made with Blockbench",
	"textures": {
		"0": "models/stone",
		"particle": "models/stone"
	},
	"elements": [
		{
			"from": [4.5, 0, 2],
			"to": [14.5, 13, 12],
			"rotation": {"angle": 0, "axis": "y", "origin": [9.5, 8, 10]},
			"faces": {
				"north": {"uv": [6, 4, 6.5, 4.5], "texture": "#0"},
				"east": {"uv": [6, 4, 6.5, 4.5], "texture": "#0"},
				"south": {"uv": [6, 4, 6.5, 4.5], "texture": "#0"},
				"west": {"uv": [6, 4, 6.5, 4.5], "texture": "#0"},
				"down": {"uv": [6, 4, 6.5, 4.5], "texture": "#0"}
			}
		},
		{
			"from": [14, 1, 3],
			"to": [15, 12, 5],
			"rotation": {"angle": 0, "axis": "y", "origin": [22, 9, 11]},
			"faces": {
				"north": {"uv": [6.5, 2.5, 7, 3], "texture": "#0"},
				"east": {"uv": [6.5, 2.5, 7, 3], "texture": "#0"},
				"south": {"uv": [6.5, 2.5, 7, 3], "texture": "#0"},
				"up": {"uv": [6.5, 2.5, 7, 3], "texture": "#0"},
				"down": {"uv": [6.5, 2.5, 7, 3], "texture": "#0"}
			}
		},
		{
			"from": [14, 1, 9],
			"to": [15, 12, 11],
			"rotation": {"angle": 0, "axis": "y", "origin": [22, 9, 17]},
			"faces": {
				"north": {"uv": [6.5, 2.5, 7, 3], "texture": "#0"},
				"east": {"uv": [6.5, 2.5, 7, 3], "texture": "#0"},
				"south": {"uv": [6.5, 2.5, 7, 3], "texture": "#0"},
				"up": {"uv": [6.5, 2.5, 7, 3], "texture": "#0"},
				"down": {"uv": [6.5, 2.5, 7, 3], "texture": "#0"}
			}
		},
		{
			"from": [14, 1, 6],
			"to": [15, 12, 8],
			"rotation": {"angle": 0, "axis": "y", "origin": [22, 9, 14]},
			"faces": {
				"north": {"uv": [6.5, 2.5, 7, 3], "texture": "#0"},
				"east": {"uv": [6.5, 2.5, 7, 3], "texture": "#0"},
				"south": {"uv": [6.5, 2.5, 7, 3], "texture": "#0"},
				"up": {"uv": [6.5, 2.5, 7, 3], "texture": "#0"},
				"down": {"uv": [6.5, 2.5, 7, 3], "texture": "#0"}
			}
		},
		{
			"from": [4, 1, 3],
			"to": [5, 12, 5],
			"rotation": {"angle": 0, "axis": "y", "origin": [12, 9, 11]},
			"faces": {
				"north": {"uv": [6.5, 2.5, 7, 3], "texture": "#0"},
				"south": {"uv": [6.5, 2.5, 7, 3], "texture": "#0"},
				"west": {"uv": [6.5, 2.5, 7, 3], "texture": "#0"},
				"up": {"uv": [6.5, 2.5, 7, 3], "texture": "#0"},
				"down": {"uv": [6.5, 2.5, 7, 3], "texture": "#0"}
			}
		},
		{
			"from": [4, 1, 6],
			"to": [5, 12, 8],
			"rotation": {"angle": 0, "axis": "y", "origin": [12, 9, 14]},
			"faces": {
				"north": {"uv": [6.5, 2.5, 7, 3], "texture": "#0"},
				"south": {"uv": [6.5, 2.5, 7, 3], "texture": "#0"},
				"west": {"uv": [6.5, 2.5, 7, 3], "texture": "#0"},
				"up": {"uv": [6.5, 2.5, 7, 3], "texture": "#0"},
				"down": {"uv": [6.5, 2.5, 7, 3], "texture": "#0"}
			}
		},
		{
			"from": [4, 1, 9],
			"to": [5, 12, 11],
			"rotation": {"angle": 0, "axis": "y", "origin": [12, 9, 17]},
			"faces": {
				"north": {"uv": [6.5, 2.5, 7, 3], "texture": "#0"},
				"south": {"uv": [6.5, 2.5, 7, 3], "texture": "#0"},
				"west": {"uv": [6.5, 2.5, 7, 3], "texture": "#0"},
				"up": {"uv": [6.5, 2.5, 7, 3], "texture": "#0"},
				"down": {"uv": [6.5, 2.5, 7, 3], "texture": "#0"}
			}
		},
		{
			"from": [5.5, 1, 11.5],
			"to": [7.5, 12, 12.5],
			"rotation": {"angle": 0, "axis": "y", "origin": [13.5, 9, 19.5]},
			"faces": {
				"east": {"uv": [6.5, 2.5, 7, 3], "texture": "#0"},
				"south": {"uv": [6.5, 2.5, 7, 3], "texture": "#0"},
				"west": {"uv": [6.5, 2.5, 7, 3], "texture": "#0"},
				"up": {"uv": [6.5, 2.5, 7, 3], "texture": "#0"},
				"down": {"uv": [6.5, 2.5, 7, 3], "texture": "#0"}
			}
		},
		{
			"from": [8.5, 1, 11.5],
			"to": [10.5, 12, 12.5],
			"rotation": {"angle": 0, "axis": "y", "origin": [16.5, 9, 19.5]},
			"faces": {
				"east": {"uv": [6.5, 2.5, 7, 3], "texture": "#0"},
				"south": {"uv": [6.5, 2.5, 7, 3], "texture": "#0"},
				"west": {"uv": [6.5, 2.5, 7, 3], "texture": "#0"},
				"up": {"uv": [6.5, 2.5, 7, 3], "texture": "#0"},
				"down": {"uv": [6.5, 2.5, 7, 3], "texture": "#0"}
			}
		},
		{
			"from": [11.5, 1, 11.5],
			"to": [13.5, 12, 12.5],
			"rotation": {"angle": 0, "axis": "y", "origin": [19.5, 9, 19.5]},
			"faces": {
				"east": {"uv": [6.5, 2.5, 7, 3], "texture": "#0"},
				"south": {"uv": [6.5, 2.5, 7, 3], "texture": "#0"},
				"west": {"uv": [6.5, 2.5, 7, 3], "texture": "#0"},
				"up": {"uv": [6.5, 2.5, 7, 3], "texture": "#0"},
				"down": {"uv": [6.5, 2.5, 7, 3], "texture": "#0"}
			}
		},
		{
			"from": [11.5, 1, 1.5],
			"to": [13.5, 12, 2.5],
			"rotation": {"angle": 0, "axis": "y", "origin": [19.5, 9, 9.5]},
			"faces": {
				"north": {"uv": [6.5, 2.5, 7, 3], "texture": "#0"},
				"east": {"uv": [6.5, 2.5, 7, 3], "texture": "#0"},
				"west": {"uv": [6.5, 2.5, 7, 3], "texture": "#0"},
				"up": {"uv": [6.5, 2.5, 7, 3], "texture": "#0"},
				"down": {"uv": [6.5, 2.5, 7, 3], "texture": "#0"}
			}
		},
		{
			"from": [8.5, 1, 1.5],
			"to": [10.5, 12, 2.5],
			"rotation": {"angle": 0, "axis": "y", "origin": [16.5, 9, 9.5]},
			"faces": {
				"north": {"uv": [6.5, 2.5, 7, 3], "texture": "#0"},
				"east": {"uv": [6.5, 2.5, 7, 3], "texture": "#0"},
				"west": {"uv": [6.5, 2.5, 7, 3], "texture": "#0"},
				"up": {"uv": [6.5, 2.5, 7, 3], "texture": "#0"},
				"down": {"uv": [6.5, 2.5, 7, 3], "texture": "#0"}
			}
		},
		{
			"from": [5.5, 1, 1.5],
			"to": [7.5, 12, 2.5],
			"rotation": {"angle": 0, "axis": "y", "origin": [13.5, 9, 9.5]},
			"faces": {
				"north": {"uv": [6.5, 2.5, 7, 3], "texture": "#0"},
				"east": {"uv": [6.5, 2.5, 7, 3], "texture": "#0"},
				"west": {"uv": [6.5, 2.5, 7, 3], "texture": "#0"},
				"up": {"uv": [6.5, 2.5, 7, 3], "texture": "#0"},
				"down": {"uv": [6.5, 2.5, 7, 3], "texture": "#0"}
			}
		},
		{
			"from": [4, 13, 1.5],
			"to": [15, 14, 12.5],
			"rotation": {"angle": 0, "axis": "y", "origin": [12, 21, 9.5]},
			"faces": {
				"north": {"uv": [6, 1.5, 6.5, 2], "texture": "#0"},
				"east": {"uv": [6, 1.5, 6.5, 2], "texture": "#0"},
				"south": {"uv": [6, 1.5, 6.5, 2], "texture": "#0"},
				"west": {"uv": [6, 1.5, 6.5, 2], "texture": "#0"},
				"up": {"uv": [6, 1.5, 6.5, 2], "texture": "#0"},
				"down": {"uv": [6, 1.5, 6.5, 2], "texture": "#0"}
			}
		},
		{
			"from": [6, 14, 6.5],
			"to": [7, 16, 7.5],
			"rotation": {"angle": 0, "axis": "y", "origin": [14, 22, 14.5]},
			"faces": {
				"north": {"uv": [6, 4, 6.5, 4.5], "texture": "#0"},
				"east": {"uv": [6, 4, 6.5, 4.5], "texture": "#0"},
				"south": {"uv": [6, 4, 6.5, 4.5], "texture": "#0"},
				"west": {"uv": [6, 4, 6.5, 4.5], "texture": "#0"},
				"up": {"uv": [6, 4, 6.5, 4.5], "texture": "#0"}
			}
		},
		{
			"from": [7, 15, 6.5],
			"to": [12, 16, 7.5],
			"rotation": {"angle": 0, "axis": "y", "origin": [15, 23, 14.5]},
			"faces": {
				"north": {"uv": [6, 4, 6.5, 4.5], "texture": "#0"},
				"south": {"uv": [6, 4, 6.5, 4.5], "texture": "#0"},
				"up": {"uv": [6, 4, 6.5, 4.5], "texture": "#0"},
				"down": {"uv": [6, 4, 6.5, 4.5], "texture": "#0"}
			}
		},
		{
			"from": [12, 14, 6.5],
			"to": [13, 16, 7.5],
			"rotation": {"angle": 0, "axis": "y", "origin": [20, 22, 14.5]},
			"faces": {
				"north": {"uv": [6, 4, 6.5, 4.5], "texture": "#0"},
				"east": {"uv": [6, 4, 6.5, 4.5], "texture": "#0"},
				"south": {"uv": [6, 4, 6.5, 4.5], "texture": "#0"},
				"west": {"uv": [6, 4, 6.5, 4.5], "texture": "#0"},
				"up": {"uv": [6, 4, 6.5, 4.5], "texture": "#0"}
			}
		}
	],
	"display": {
		"thirdperson_righthand": {
			"rotation": [90, 90, 0],
			"translation": [0, -2.75, -4],
			"scale": [0.6, 0.6, 0.6]
		},
		"thirdperson_lefthand": {
			"rotation": [90, 90, 0],
			"translation": [0, -1, -4],
			"scale": [0.6, 0.6, 0.6]
		},
		"firstperson_righthand": {
			"rotation": [10, 10, 0],
			"translation": [0, 3.5, 0],
			"scale": [0.6, 0.6, 0.6]
		},
		"firstperson_lefthand": {
			"rotation": [10, 10, 0],
			"translation": [0, 3.5, 0],
			"scale": [0.6, 0.6, 0.6]
		},
		"ground": {
			"translation": [0, 1, 0],
			"scale": [0.6, 0.6, 0.6]
		},
		"gui": {
			"rotation": [20, 20, 0],
			"translation": [-0.25, 0.5, 0],
			"scale": [0.75, 0.75, 0.75]
		},
		"head": {
			"translation": [-2.25, -4.75, 1.5],
			"scale": [1.6, 1.6, 1.6]
		}
	},
	"groups": [
		{
			"name": "group",
			"origin": [8, 8, 8],
			"children": [0, 1, 2, 3, 4, 5, 6, 7, 8, 9, 10, 11, 12]
		},
		{
			"name": "group",
			"origin": [8, 8, 8],
			"children": [13]
		}, 14, 15, 16]
}