{
	"credit": "Made with Blockbench",
	"texture_size": [32, 32],
	"textures": {
		"1": "item/wire"
	},
	"elements": [
		{
			"from": [6, 0, 6],
			"to": [10, 24, 10],
			"rotation": {"angle": 0, "axis": "y", "origin": [14, 8, 14]},
			"faces": {
				"north": {"uv": [1, 7, 15, 9], "rotation": 90, "texture": "#1"},
				"east": {"uv": [1, 7, 15, 9], "rotation": 90, "texture": "#1"},
				"south": {"uv": [1, 7, 15, 9], "rotation": 90, "texture": "#1"},
				"west": {"uv": [1, 7, 15, 9], "rotation": 90, "texture": "#1"},
				"up": {"uv": [1, 7, 3, 9], "rotation": 90, "texture": "#1"},
				"down": {"uv": [1, 7, 3, 9], "texture": "#1"}
			}
		}
	],
	"display": {
		"thirdperson_righthand": {
			"translation": [0, 3.75, 0],
			"scale": [0.5, 0.5, 0.5]
		},
		"thirdperson_lefthand": {
			"translation": [0, 3.75, 0],
			"scale": [0.5, 0.5, 0.5]
		},
		"firstperson_righthand": {
			"rotation": [-46, 9, 0],
			"translation": [0, 4.25, 0.75],
			"scale": [0.5, 0.35, 0.5]
		},
		"firstperson_lefthand": {
			"rotation": [-46, 9, 0],
			"translation": [0, 4.25, 0.75],
			"scale": [0.5, 0.35, 0.5]
		},
		"ground": {
			"translation": [0, 5, 0]
		},
		"gui": {
			"rotation": [12, 27, 0],
			"translation": [0, -2.5, 0],
			"scale": [0.65, 0.65, 0.65]
		},
		"head": {
			"rotation": [-57, 0, 0],
			"translation": [0, 7.5, -10.25]
		},
		"fixed": {
			"translation": [0, -2.5, -1.5],
			"scale": [0.75, 0.75, 0.75]
		}
	}
}