{
	"credit": "Made with Blockbench",
	"textures": {
		"layer0": "item/wrench"
	},
	"elements": [
		{
			"from": [0, 1, 7],
			"to": [10, 2, 10],
			"rotation": {"angle": 0, "axis": "y", "origin": [8, 9, 17]},
			"faces": {
				"north": {"uv": [0, 0, 3, 16], "texture": "#layer0"},
				"east": {"uv": [0, 0, 3, 16], "texture": "#layer0"},
				"south": {"uv": [0, 0, 3, 16], "texture": "#layer0"},
				"west": {"uv": [0, 0, 3, 16], "texture": "#layer0"},
				"up": {"uv": [10, 0, 13, 16], "texture": "#layer0"},
				"down": {"uv": [0, 0, 3, 16], "texture": "#layer0"}
			}
		},
		{
			"from": [1, 2, 8],
			"to": [10, 3, 9],
			"rotation": {"angle": 0, "axis": "y", "origin": [9, 10, 16]},
			"faces": {
				"north": {"uv": [10, 0, 13, 16], "texture": "#layer0"},
				"east": {"uv": [0, 0, 1, 1], "texture": "#missing"},
				"south": {"uv": [10, 0, 13, 16], "texture": "#layer0"},
				"west": {"uv": [0, 0, 1, 1], "texture": "#missing"},
				"up": {"uv": [0, 0, 9, 1], "texture": "#missing"},
				"down": {"uv": [0, 0, 9, 1], "texture": "#missing"}
			}
		},
		{
			"from": [0, 3, 7],
			"to": [10, 4, 10],
			"rotation": {"angle": 0, "axis": "y", "origin": [8, 11, 17]},
			"faces": {
				"north": {"uv": [6, 0, 10, 16], "texture": "#layer0"},
				"east": {"uv": [6, 0, 10, 16], "texture": "#layer0"},
				"south": {"uv": [6, 0, 10, 16], "texture": "#layer0"},
				"west": {"uv": [6, 0, 10, 16], "texture": "#layer0"},
				"up": {"uv": [6, 0, 10, 16], "texture": "#layer0"},
				"down": {"uv": [10, 0, 13, 16], "texture": "#layer0"}
			}
		},
		{
			"from": [0, 2, 7],
			"to": [1, 3, 10],
			"rotation": {"angle": 0, "axis": "y", "origin": [8, 10, 17]},
			"faces": {
				"north": {"uv": [6, 0, 10, 16], "texture": "#layer0"},
				"east": {"uv": [10, 0, 13, 16], "texture": "#layer0"},
				"south": {"uv": [6, 0, 10, 16], "texture": "#layer0"},
				"west": {"uv": [6, 0, 10, 16], "texture": "#layer0"},
				"up": {"uv": [0, 0, 1, 3], "texture": "#missing"},
				"down": {"uv": [0, 0, 1, 3], "texture": "#missing"}
			}
		},
		{
			"from": [10, 1, 8],
			"to": [12, 4, 9],
			"rotation": {"angle": 0, "axis": "y", "origin": [20, 12, 18]},
			"faces": {
				"north": {"uv": [10, 0, 12, 3], "texture": "#layer0"},
				"east": {"uv": [10, 0, 13, 16], "texture": "#layer0"},
				"south": {"uv": [10, 0, 13, 16], "texture": "#layer0"},
				"west": {"uv": [6, 0, 7, 3], "texture": "#layer0"},
				"up": {"uv": [6, 0, 8, 1], "texture": "#layer0"},
				"down": {"uv": [6, 0, 8, 1], "texture": "#layer0"}
			}
		},
		{
			"from": [12, 0.5, 8],
			"to": [16, 1, 9],
			"rotation": {"angle": 0, "axis": "y", "origin": [21, 8, 16]},
			"faces": {
				"north": {"uv": [10, 0, 13, 16], "texture": "#layer0"},
				"east": {"uv": [10, 0, 13, 16], "texture": "#layer0"},
				"south": {"uv": [10, 0, 13, 16], "texture": "#layer0"},
				"west": {"uv": [0, 0, 1, 0.5], "texture": "#missing"},
				"up": {"uv": [10, 0, 13, 16], "texture": "#layer0"},
				"down": {"uv": [10, 0, 13, 16], "texture": "#layer0"}
			}
		},
		{
			"from": [15, 1, 8],
			"to": [16, 5, 9],
			"rotation": {"angle": 0, "axis": "y", "origin": [23, 9, 16]},
			"faces": {
				"north": {"uv": [10, 0, 13, 16], "texture": "#layer0"},
				"east": {"uv": [10, 0, 13, 16], "texture": "#layer0"},
				"south": {"uv": [10, 0, 13, 16], "texture": "#layer0"},
				"west": {"uv": [10, 0, 13, 16], "texture": "#layer0"},
				"up": {"uv": [10, 0, 13, 16], "texture": "#layer0"},
				"down": {"uv": [0, 0, 1, 1], "texture": "#layer0"}
			}
		},
		{
			"from": [14, 4, 8],
			"to": [15, 5, 9],
			"rotation": {"angle": 0, "axis": "y", "origin": [22, 12, 16]},
			"faces": {
				"north": {"uv": [10, 0, 13, 16], "texture": "#layer0"},
				"east": {"uv": [0, 0, 1, 1], "texture": "#missing"},
				"south": {"uv": [10, 0, 13, 16], "texture": "#layer0"},
				"west": {"uv": [10, 0, 13, 16], "texture": "#layer0"},
				"up": {"uv": [10, 0, 13, 16], "texture": "#layer0"},
				"down": {"uv": [10, 0, 13, 16], "texture": "#layer0"}
			}
		},
		{
			"from": [10, 1, 9],
			"to": [11, 4, 10],
			"rotation": {"angle": 0, "axis": "y", "origin": [18, 9, 17]},
			"faces": {
				"north": {"uv": [0, 0, 1, 3], "texture": "#missing"},
				"east": {"uv": [6, 0, 10, 16], "texture": "#layer0"},
				"south": {"uv": [6, 0, 10, 16], "texture": "#layer0"},
				"west": {"uv": [10, 0, 13, 16], "texture": "#layer0"},
				"up": {"uv": [6, 0, 10, 16], "texture": "#layer0"},
				"down": {"uv": [6, 0, 7, 3], "texture": "#layer0"}
			}
		},
		{
			"from": [11, 4, 7],
			"to": [12, 4.5, 10],
			"rotation": {"angle": 0, "axis": "y", "origin": [19, 12, 15]},
			"faces": {
				"north": {"uv": [10, 0, 13, 16], "texture": "#layer0"},
				"east": {"uv": [10, 0, 13, 16], "texture": "#layer0"},
				"south": {"uv": [10, 0, 13, 16], "texture": "#layer0"},
				"west": {"uv": [10, 0, 13, 16], "texture": "#layer0"},
				"up": {"uv": [10, 0, 13, 16], "texture": "#layer0"},
				"down": {"uv": [10, 0, 13, 16], "texture": "#layer0"}
			}
		},
		{
			"from": [10, 1, 7],
			"to": [11, 4, 8],
			"rotation": {"angle": 0, "axis": "y", "origin": [18, 9, 15]},
			"faces": {
				"north": {"uv": [6, 0, 10, 16], "texture": "#layer0"},
				"east": {"uv": [6, 0, 10, 16], "texture": "#layer0"},
				"south": {"uv": [0, 0, 1, 3], "texture": "#missing"},
				"west": {"uv": [10, 0, 13, 16], "texture": "#layer0"},
				"up": {"uv": [6, 0, 10, 16], "texture": "#layer0"},
				"down": {"uv": [6, 0, 7, 3], "texture": "#layer0"}
			}
		},
		{
			"from": [11, 0.5, 7],
			"to": [12, 1, 10],
			"rotation": {"angle": 0, "axis": "y", "origin": [19, 8, 15]},
			"faces": {
				"north": {"uv": [10, 0, 13, 16], "texture": "#layer0"},
				"east": {"uv": [10, 0, 13, 16], "texture": "#layer0"},
				"south": {"uv": [10, 0, 13, 16], "texture": "#layer0"},
				"west": {"uv": [10, 0, 13, 16], "texture": "#layer0"},
				"up": {"uv": [10, 0, 13, 16], "texture": "#layer0"},
				"down": {"uv": [10, 0, 13, 16], "texture": "#layer0"}
			}
		}
	],
	"display": {
		"thirdperson_righthand": {
			"rotation": [-90, -90, 0],
			"translation": [0, 5, -2],
			"scale": [0.6, 0.6, 0.6]
		},
		"thirdperson_lefthand": {
			"rotation": [-90, 90, 0],
			"translation": [0, 5, -2],
			"scale": [0.6, 0.6, 0.6]
		},
		"firstperson_righthand": {
			"rotation": [10, -78, 143],
			"translation": [-3.75, 5, 2.75],
			"scale": [0.5, 0.5, 0.5]
		},
		"firstperson_lefthand": {
			"rotation": [13, 78, -153],
			"translation": [-2.5, 4, 2.75],
			"scale": [0.5, 0.5, 0.5]
		},
		"ground": {
			"scale": [0.5, 0.5, 0.5]
		},
		"gui": {
			"rotation": [18, 38, 13],
			"translation": [-1, 4.75, 0]
		},
		"head": {
			"rotation": [0, 0, -31],
			"translation": [0, 9.5, 0]
		},
		"fixed": {
			"rotation": [0, 0, 45],
			"translation": [-3.5, 3.75, -2.25]
		}
	}
}