{
	"credit": "Made with Blockbench",
	"textures": {
		"0": "models/rocket_tile",
		"1": "models/rocket_tile_dark",
		"2": "models/darksaber",
		"3": "models/darksaber2",
		"4": "models/darksaber3",
		"5": "models/lightsaber_blade",
		"particle": "models/rocket_tile"
	},
	"elements": [
		{
			"from": [9, 0, 7],
			"to": [9.6, 5, 9],
			"rotation": {"angle": 0, "axis": "y", "origin": [16.6, 9, 15]},
			"faces": {
				"east": {"uv": [8, 0, 16, 16], "texture": "#4"},
				"down": {"uv": [0, 0, 2, 2], "texture": "#1"}
			}
		},
		{
			"from": [8, 0, 6.4],
			"to": [9, 5, 9.6],
			"rotation": {"angle": 0, "axis": "y", "origin": [15, 9, 15]},
			"faces": {
				"north": {"uv": [0, 0, 5, 16], "texture": "#3"},
				"south": {"uv": [0, 0, 5, 8], "texture": "#1"},
				"down": {"uv": [0, 0, 2, 2], "texture": "#1"}
			}
		},
		{
			"from": [7.4, 0, 7],
			"to": [8, 5, 9],
			"rotation": {"angle": 0, "axis": "y", "origin": [15, 9, 15]},
			"faces": {
				"west": {"uv": [0, 0, 8, 16], "texture": "#2"},
				"down": {"uv": [0, 0, 2, 2], "texture": "#1"}
			}
		},
		{
			"from": [11.5, 0.001, -0.85],
			"to": [12.5, 5.001, 0],
			"rotation": {"angle": 45, "axis": "y", "origin": [19.5, 9, 7]},
			"faces": {
				"east": {"uv": [0, 0, 5, 16], "texture": "#3"},
				"down": {"uv": [0, 0, 2, 2], "texture": "#1"}
			}
		},
		{
			"from": [4.5, 0.001, 16],
			"to": [5.5, 5.001, 16.85],
			"rotation": {"angle": 45, "axis": "y", "origin": [-2.5, 9, 9]},
			"faces": {
				"east": {"uv": [0, 0, 5, 8], "texture": "#1"},
				"west": {"uv": [0, 0, 5, 8], "texture": "#1"},
				"up": {"uv": [0, 0, 5, 8], "texture": "#1"},
				"down": {"uv": [0, 0, 2, 2], "texture": "#1"}
			}
		},
		{
			"from": [11.5, 0.001, 16],
			"to": [12.5, 5.001, 16.85],
			"rotation": {"angle": -45, "axis": "y", "origin": [19.5, 9, 9]},
			"faces": {
				"east": {"uv": [0, 0, 5, 8], "texture": "#1"},
				"down": {"uv": [0, 0, 2, 2], "texture": "#1"}
			}
		},
		{
			"from": [4.5, 0.001, -0.85],
			"to": [5.5, 5.001, 0],
			"rotation": {"angle": -45, "axis": "y", "origin": [-2.5, 9, 7]},
			"faces": {
				"west": {"uv": [0, 0, 5, 16], "texture": "#3"},
				"down": {"uv": [0, 0, 2, 2], "texture": "#1"}
			}
		},
		{
			"from": [8, 0.8, 6.3],
			"to": [9, 1.1, 7],
			"rotation": {"angle": 0, "axis": "y", "origin": [15, 8.8, 14]},
			"faces": {
				"north": {"uv": [15.5, 15.5, 16, 16], "texture": "#1"},
				"east": {"uv": [15.5, 15.5, 16, 16], "texture": "#1"},
				"south": {"uv": [15.5, 15.5, 16, 16], "texture": "#1"},
				"west": {"uv": [15.5, 15.5, 16, 16], "texture": "#1"},
				"up": {"uv": [15.5, 15.5, 16, 16], "texture": "#1"},
				"down": {"uv": [15.5, 15.5, 16, 16], "texture": "#1"}
			}
		},
		{
			"from": [8, 1.6, 6.3],
			"to": [9, 1.9, 7],
			"rotation": {"angle": 0, "axis": "y", "origin": [15, 9.6, 14]},
			"faces": {
				"north": {"uv": [15.5, 15.5, 16, 16], "texture": "#1"},
				"east": {"uv": [15.5, 15.5, 16, 16], "texture": "#1"},
				"south": {"uv": [15.5, 15.5, 16, 16], "texture": "#1"},
				"west": {"uv": [15.5, 15.5, 16, 16], "texture": "#1"},
				"up": {"uv": [15.5, 15.5, 16, 16], "texture": "#1"},
				"down": {"uv": [15.5, 15.5, 16, 16], "texture": "#1"}
			}
		},
		{
			"from": [8, 1.2, 6.3],
			"to": [9, 1.5, 7],
			"rotation": {"angle": 0, "axis": "y", "origin": [15, 9.2, 14]},
			"faces": {
				"north": {"uv": [15.5, 15.5, 16, 16], "texture": "#1"},
				"east": {"uv": [15.5, 15.5, 16, 16], "texture": "#1"},
				"south": {"uv": [15.5, 15.5, 16, 16], "texture": "#1"},
				"west": {"uv": [15.5, 15.5, 16, 16], "texture": "#1"},
				"up": {"uv": [15.5, 15.5, 16, 16], "texture": "#1"},
				"down": {"uv": [15.5, 15.5, 16, 16], "texture": "#1"}
			}
		},
		{
			"from": [8, 0.8, 9],
			"to": [9, 1.1, 9.7],
			"rotation": {"angle": 0, "axis": "y", "origin": [15, 8.8, 16.7]},
			"faces": {
				"north": {"uv": [15.5, 15.5, 16, 16], "texture": "#1"},
				"east": {"uv": [15.5, 15.5, 16, 16], "texture": "#1"},
				"south": {"uv": [15.5, 15.5, 16, 16], "texture": "#1"},
				"west": {"uv": [15.5, 15.5, 16, 16], "texture": "#1"},
				"up": {"uv": [15.5, 15.5, 16, 16], "texture": "#1"},
				"down": {"uv": [15.5, 15.5, 16, 16], "texture": "#1"}
			}
		},
		{
			"from": [9, 0.8, 7],
			"to": [9.7, 1.1, 9],
			"rotation": {"angle": 0, "axis": "y", "origin": [16.7, 8.8, 1]},
			"faces": {
				"north": {"uv": [15.5, 15.5, 16, 16], "texture": "#1"},
				"east": {"uv": [15.5, 15.5, 16, 16], "texture": "#1"},
				"south": {"uv": [15.5, 15.5, 16, 16], "texture": "#1"},
				"west": {"uv": [15.5, 15.5, 16, 16], "texture": "#1"},
				"up": {"uv": [15.5, 15.5, 16, 16], "texture": "#1"},
				"down": {"uv": [15.5, 15.5, 16, 16], "texture": "#1"}
			}
		},
		{
			"from": [9, 1.6, 7],
			"to": [9.7, 1.9, 9],
			"rotation": {"angle": 0, "axis": "y", "origin": [16.7, 9.6, 1]},
			"faces": {
				"north": {"uv": [15.5, 15.5, 16, 16], "texture": "#1"},
				"east": {"uv": [15.5, 15.5, 16, 16], "texture": "#1"},
				"south": {"uv": [15.5, 15.5, 16, 16], "texture": "#1"},
				"west": {"uv": [15.5, 15.5, 16, 16], "texture": "#1"},
				"up": {"uv": [15.5, 15.5, 16, 16], "texture": "#1"},
				"down": {"uv": [15.5, 15.5, 16, 16], "texture": "#1"}
			}
		},
		{
			"from": [7.3, 1.2, 7],
			"to": [8, 1.5, 9],
			"rotation": {"angle": 0, "axis": "y", "origin": [0.3, 9.2, 15]},
			"faces": {
				"north": {"uv": [15.5, 15.5, 16, 16], "texture": "#1"},
				"east": {"uv": [15.5, 15.5, 16, 16], "texture": "#1"},
				"south": {"uv": [15.5, 15.5, 16, 16], "texture": "#1"},
				"west": {"uv": [15.5, 15.5, 16, 16], "texture": "#1"},
				"up": {"uv": [15.5, 15.5, 16, 16], "texture": "#1"},
				"down": {"uv": [15.5, 15.5, 16, 16], "texture": "#1"}
			}
		},
		{
			"from": [7.3, 1.6, 7],
			"to": [8, 1.9, 9],
			"rotation": {"angle": 0, "axis": "y", "origin": [0.3, 9.6, 15]},
			"faces": {
				"north": {"uv": [15.5, 15.5, 16, 16], "texture": "#1"},
				"east": {"uv": [15.5, 15.5, 16, 16], "texture": "#1"},
				"south": {"uv": [15.5, 15.5, 16, 16], "texture": "#1"},
				"west": {"uv": [15.5, 15.5, 16, 16], "texture": "#1"},
				"up": {"uv": [15.5, 15.5, 16, 16], "texture": "#1"},
				"down": {"uv": [15.5, 15.5, 16, 16], "texture": "#1"}
			}
		},
		{
			"from": [7.3, 0.8, 7],
			"to": [8, 1.1, 9],
			"rotation": {"angle": 0, "axis": "y", "origin": [0.3, 8.8, 15]},
			"faces": {
				"north": {"uv": [15.5, 15.5, 16, 16], "texture": "#1"},
				"east": {"uv": [15.5, 15.5, 16, 16], "texture": "#1"},
				"south": {"uv": [15.5, 15.5, 16, 16], "texture": "#1"},
				"west": {"uv": [15.5, 15.5, 16, 16], "texture": "#1"},
				"up": {"uv": [15.5, 15.5, 16, 16], "texture": "#1"},
				"down": {"uv": [15.5, 15.5, 16, 16], "texture": "#1"}
			}
		},
		{
			"from": [9, 1.2, 7],
			"to": [9.7, 1.5, 9],
			"rotation": {"angle": 0, "axis": "y", "origin": [16.7, 9.2, 1]},
			"faces": {
				"north": {"uv": [15.5, 15.5, 16, 16], "texture": "#1"},
				"east": {"uv": [15.5, 15.5, 16, 16], "texture": "#1"},
				"south": {"uv": [15.5, 15.5, 16, 16], "texture": "#1"},
				"west": {"uv": [15.5, 15.5, 16, 16], "texture": "#1"},
				"up": {"uv": [15.5, 15.5, 16, 16], "texture": "#1"},
				"down": {"uv": [15.5, 15.5, 16, 16], "texture": "#1"}
			}
		},
		{
			"from": [8, 1.6, 9],
			"to": [9, 1.9, 9.7],
			"rotation": {"angle": 0, "axis": "y", "origin": [15, 9.6, 16.7]},
			"faces": {
				"north": {"uv": [15.5, 15.5, 16, 16], "texture": "#1"},
				"east": {"uv": [15.5, 15.5, 16, 16], "texture": "#1"},
				"south": {"uv": [15.5, 15.5, 16, 16], "texture": "#1"},
				"west": {"uv": [15.5, 15.5, 16, 16], "texture": "#1"},
				"up": {"uv": [15.5, 15.5, 16, 16], "texture": "#1"},
				"down": {"uv": [15.5, 15.5, 16, 16], "texture": "#1"}
			}
		},
		{
			"from": [8, 1.2, 9],
			"to": [9, 1.5, 9.7],
			"rotation": {"angle": 0, "axis": "y", "origin": [15, 9.2, 16.7]},
			"faces": {
				"north": {"uv": [15.5, 15.5, 16, 16], "texture": "#1"},
				"east": {"uv": [15.3, 15.5, 16, 15.8], "texture": "#1"},
				"south": {"uv": [15.5, 15.5, 16, 16], "texture": "#1"},
				"west": {"uv": [15.3, 15.5, 16, 15.8], "texture": "#1"},
				"up": {"uv": [15, 15.3, 16, 16], "texture": "#1"},
				"down": {"uv": [15, 15.3, 16, 16], "texture": "#1"}
			}
		},
		{
			"from": [10.6, 0.8, -1],
			"to": [11.6, 1.099, 0],
			"rotation": {"angle": 45, "axis": "y", "origin": [18.6, 8.8, 7]},
			"faces": {
				"north": {"uv": [15.5, 15.5, 16, 16], "texture": "#1"},
				"up": {"uv": [15.5, 15.5, 16, 16], "texture": "#1"},
				"down": {"uv": [15.5, 15.5, 16, 16], "texture": "#1"}
			}
		},
		{
			"from": [10.6, 1.2, -1],
			"to": [11.6, 1.499, 0],
			"rotation": {"angle": 45, "axis": "y", "origin": [18.6, 9.2, 7]},
			"faces": {
				"north": {"uv": [15.5, 15.5, 16, 16], "texture": "#1"},
				"up": {"uv": [15.5, 15.5, 16, 16], "texture": "#1"},
				"down": {"uv": [15.5, 15.5, 16, 16], "texture": "#1"}
			}
		},
		{
			"from": [10.6, 1.6, -1],
			"to": [11.6, 1.899, 0],
			"rotation": {"angle": 45, "axis": "y", "origin": [18.6, 9.6, 7]},
			"faces": {
				"north": {"uv": [15.5, 15.5, 16, 16], "texture": "#1"},
				"up": {"uv": [15.5, 15.5, 16, 16], "texture": "#1"},
				"down": {"uv": [15.5, 15.5, 16, 16], "texture": "#1"}
			}
		},
		{
			"from": [1, 0.8, 3.4],
			"to": [2, 1.099, 4.4],
			"rotation": {"angle": 45, "axis": "y", "origin": [9, 8.8, -3.6]},
			"faces": {
				"east": {"uv": [15.5, 15.5, 16, 16], "texture": "#1"},
				"up": {"uv": [15.5, 15.5, 16, 16], "texture": "#1"},
				"down": {"uv": [15.5, 15.5, 16, 16], "texture": "#1"}
			}
		},
		{
			"from": [1, 1.2, 3.4],
			"to": [2, 1.499, 4.4],
			"rotation": {"angle": 45, "axis": "y", "origin": [9, 9.2, -3.6]},
			"faces": {
				"east": {"uv": [15.5, 15.5, 16, 16], "texture": "#1"},
				"up": {"uv": [15.5, 15.5, 16, 16], "texture": "#1"},
				"down": {"uv": [15.5, 15.5, 16, 16], "texture": "#1"}
			}
		},
		{
			"from": [1, 1.6, 3.4],
			"to": [2, 1.899, 4.4],
			"rotation": {"angle": 45, "axis": "y", "origin": [9, 9.6, -3.6]},
			"faces": {
				"east": {"uv": [15.5, 15.5, 16, 16], "texture": "#1"},
				"up": {"uv": [15.5, 15.5, 16, 16], "texture": "#1"},
				"down": {"uv": [15.5, 15.5, 16, 16], "texture": "#1"}
			}
		},
		{
			"from": [5.4, 0.8, 16],
			"to": [6.4, 1.099, 17],
			"rotation": {"angle": 45, "axis": "y", "origin": [-1.6, 8.8, 9]},
			"faces": {
				"south": {"uv": [15.5, 15.5, 16, 16], "texture": "#1"},
				"up": {"uv": [15.5, 15.5, 16, 16], "texture": "#1"},
				"down": {"uv": [15.5, 15.5, 16, 16], "texture": "#1"}
			}
		},
		{
			"from": [5.4, 1.2, 16],
			"to": [6.4, 1.499, 17],
			"rotation": {"angle": 45, "axis": "y", "origin": [-1.6, 9.2, 9]},
			"faces": {
				"south": {"uv": [15.5, 15.5, 16, 16], "texture": "#1"},
				"up": {"uv": [15.5, 15.5, 16, 16], "texture": "#1"},
				"down": {"uv": [15.5, 15.5, 16, 16], "texture": "#1"}
			}
		},
		{
			"from": [5.4, 1.6, 16],
			"to": [6.4, 1.899, 17],
			"rotation": {"angle": 45, "axis": "y", "origin": [-1.6, 9.6, 9]},
			"faces": {
				"south": {"uv": [15.5, 15.5, 16, 16], "texture": "#1"},
				"up": {"uv": [15.5, 15.5, 16, 16], "texture": "#1"},
				"down": {"uv": [15.5, 15.5, 16, 16], "texture": "#1"}
			}
		},
		{
			"from": [15, 1.6, 11.6],
			"to": [16, 1.899, 12.6],
			"rotation": {"angle": 45, "axis": "y", "origin": [8, 9.6, 19.6]},
			"faces": {
				"west": {"uv": [15.5, 15.5, 16, 16], "texture": "#1"},
				"up": {"uv": [15.5, 15.5, 16, 16], "texture": "#1"},
				"down": {"uv": [15.5, 15.5, 16, 16], "texture": "#1"}
			}
		},
		{
			"from": [15, 1.2, 11.6],
			"to": [16, 1.499, 12.6],
			"rotation": {"angle": 45, "axis": "y", "origin": [8, 9.2, 19.6]},
			"faces": {
				"west": {"uv": [15.5, 15.5, 16, 16], "texture": "#1"},
				"up": {"uv": [15.5, 15.5, 16, 16], "texture": "#1"},
				"down": {"uv": [15.5, 15.5, 16, 16], "texture": "#1"}
			}
		},
		{
			"from": [15, 0.8, 11.6],
			"to": [16, 1.099, 12.6],
			"rotation": {"angle": 45, "axis": "y", "origin": [8, 8.8, 19.6]},
			"faces": {
				"west": {"uv": [15.5, 15.5, 16, 16], "texture": "#1"},
				"up": {"uv": [15.5, 15.5, 16, 16], "texture": "#1"},
				"down": {"uv": [15.5, 15.5, 16, 16], "texture": "#1"}
			}
		},
		{
			"from": [10.2, 5.001, 16.3],
			"to": [11.6, 5.991, 17.3],
			"rotation": {"angle": -45, "axis": "y", "origin": [18.6, 13.1, 9.3]},
			"faces": {
				"south": {"uv": [15.5, 15.5, 16, 16], "texture": "#1"},
				"up": {"uv": [15.5, 15.5, 16, 16], "texture": "#1"},
				"down": {"uv": [15.5, 15.5, 16, 16], "texture": "#1"}
			}
		},
		{
			"from": [7, 5, 7],
			"to": [10, 6, 9],
			"rotation": {"angle": 0, "axis": "y", "origin": [15, 13, 15]},
			"faces": {
				"north": {"uv": [0, 0, 2, 1], "texture": "#0"},
				"east": {"uv": [15.5, 15.5, 16, 16], "texture": "#1"},
				"south": {"uv": [0, 0, 2, 1], "texture": "#0"},
				"west": {"uv": [15.5, 15.5, 16, 16], "texture": "#1"},
				"up": {"uv": [15.5, 15.5, 16, 16], "texture": "#1"},
				"down": {"uv": [15.5, 15.5, 16, 16], "texture": "#1"}
			}
		},
		{
			"from": [10.2, 5.001, -1.3],
			"to": [11.6, 5.991, -0.3],
			"rotation": {"angle": 45, "axis": "y", "origin": [18.6, 13.1, 6.7]},
			"faces": {
				"north": {"uv": [15.5, 15.5, 16, 16], "texture": "#1"},
				"west": {"uv": [0, 0, 2, 1], "texture": "#0"},
				"up": {"uv": [15.5, 15.5, 16, 16], "texture": "#1"},
				"down": {"uv": [15.5, 15.5, 16, 16], "texture": "#1"}
			}
		},
		{
			"from": [8, 5, 6],
			"to": [9, 6, 7],
			"rotation": {"angle": 0, "axis": "y", "origin": [15, 13, 14]},
			"faces": {
				"north": {"uv": [15.5, 15.5, 16, 16], "texture": "#1"},
				"east": {"uv": [0, 0, 2, 1], "texture": "#0"},
				"west": {"uv": [0, 0, 2, 1], "texture": "#0"},
				"up": {"uv": [15.5, 15.5, 16, 16], "texture": "#1"},
				"down": {"uv": [15.5, 15.5, 16, 16], "texture": "#1"}
			}
		},
		{
			"from": [5.4, 5.001, -1.3],
			"to": [6.8, 5.991, -0.3],
			"rotation": {"angle": -45, "axis": "y", "origin": [-1.6, 13.1, 6.7]},
			"faces": {
				"north": {"uv": [15.5, 15.5, 16, 16], "texture": "#1"},
				"up": {"uv": [15.5, 15.5, 16, 16], "texture": "#1"},
				"down": {"uv": [15.5, 15.5, 16, 16], "texture": "#1"}
			}
		},
		{
			"from": [5.4, 5.001, 16.3],
			"to": [6.8, 5.991, 17.3],
			"rotation": {"angle": 45, "axis": "y", "origin": [-1.6, 13.1, 9.3]},
			"faces": {
				"south": {"uv": [15.5, 15.5, 16, 16], "texture": "#1"},
				"up": {"uv": [15.5, 15.5, 16, 16], "texture": "#1"},
				"down": {"uv": [15.5, 15.5, 16, 16], "texture": "#1"}
			}
		},
		{
			"from": [8, 5, 9],
			"to": [9, 6, 10],
			"rotation": {"angle": 0, "axis": "y", "origin": [15, 13, 17]},
			"faces": {
				"east": {"uv": [0, 0, 2, 1], "texture": "#0"},
				"south": {"uv": [15.5, 15.5, 16, 16], "texture": "#1"},
				"west": {"uv": [0, 0, 2, 1], "texture": "#0"},
				"up": {"uv": [15.5, 15.5, 16, 16], "texture": "#1"},
				"down": {"uv": [15.5, 15.5, 16, 16], "texture": "#1"}
			}
		},
		{
			"from": [8, 6, 7],
			"to": [9, 24, 9],
			"rotation": {"angle": 0, "axis": "y", "origin": [16, 14, 15]},
			"faces": {
				"north": {"uv": [8, 0, 9.5, 16], "texture": "#5"},
				"east": {"uv": [6, 0, 8, 16], "texture": "#5"},
				"south": {"uv": [8, 0, 9.5, 16], "texture": "#5"},
				"west": {"uv": [6, 0, 8, 16], "texture": "#5"},
				"up": {"uv": [2, 4, 4, 5.5], "rotation": 90, "texture": "#5"},
				"down": {"uv": [0, 0, 1, 2], "texture": "#missing"}
			}
		}
	],
	"gui_light": "front",
	"display": {
		"thirdperson_righthand": {
			"rotation": [0, -180, 0],
			"translation": [0, 4.5, -0.5],
			"scale": [0.6, 1, 0.6]
		},
		"thirdperson_lefthand": {
			"rotation": [0, -180, 0],
			"translation": [0, 4.5, -0.25],
			"scale": [0.6, 1, 0.6]
		},
		"firstperson_righthand": {
			"rotation": [-18, -180, 0],
			"translation": [0, 7.5, 0],
			"scale": [0.6, 1, 0.6]
		},
		"firstperson_lefthand": {
			"rotation": [-18, -180, 0],
			"translation": [0, 7.5, 0],
			"scale": [0.6, 1, 0.6]
		},
		"ground": {
			"translation": [0, 4.25, 0],
			"scale": [0.6, 1, 0.6]
		},
		"gui": {
			"rotation": [33, 38, -62],
			"translation": [-2, -2.25, 0.25],
			"scale": [0.5, 0.8, 0.5]
		},
		"head": {
			"translation": [0, 14.25, 0],
			"scale": [0.6, 1, 0.6]
		},
		"fixed": {
			"rotation": [90, -45, 90],
			"translation": [2.75, -2.75, -0.25],
			"scale": [0.6, 1, 0.6]
		}
	},
	"groups": [
		{
			"name": "Base",
			"origin": [8, 8, 8],
			"children": [0, 1, 2, 3, 4, 5, 6]
		},
		{
			"name": "group",
			"origin": [8, 8, 8],
			"children": [7, 8, 9, 10, 11, 12, 13, 14, 15, 16, 17, 18, 19, 20, 21, 22, 23, 24, 25, 26, 27, 28, 29, 30]
		},
		{
			"name": "group",
			"origin": [15, 13, 17],
			"children": [31, 32, 33, 34, 35, 36, 37]
		},
		{
			"name": "group",
			"origin": [8, 8, 8],
			"children": []
		}, 38]
}