{
	"credit": "Made with Blockbench",
	"textures": {
		"0": "models/rocket_tile",
		"2": "models/rocket_tile_dark",
		"particle": "models/rocket_tile"
	},
	"elements": [
		{
			"from": [9.2, 0.001, 16.3],
			"to": [10.6, 0.991, 17.3],
			"rotation": {"angle": -45, "axis": "y", "origin": [17.6, 8.1, 9.3]},
			"faces": {
				"south": {"uv": [15.5, 15.5, 16, 16], "texture": "#2"},
				"up": {"uv": [15.5, 15.5, 16, 16], "texture": "#2"},
				"down": {"uv": [15.5, 15.5, 16, 16], "texture": "#2"}
			}
		},
		{
			"from": [7, 5, 6],
			"to": [9, 6, 7],
			"rotation": {"angle": 0, "axis": "y", "origin": [15, 13, 14]},
			"faces": {
				"north": {"uv": [15.5, 15.5, 16, 16], "texture": "#2"},
				"east": {"uv": [0, 0, 2, 1], "texture": "#0"},
				"west": {"uv": [0, 0, 2, 1], "texture": "#0"},
				"up": {"uv": [15.5, 15.5, 16, 16], "texture": "#2"},
				"down": {"uv": [15.5, 15.5, 16, 16], "texture": "#2"}
			}
		},
		{
			"from": [5.4, 0.001, 16.3],
			"to": [6.8, 0.991, 17.3],
			"rotation": {"angle": 45, "axis": "y", "origin": [-1.6, 8.2, 9.3]},
			"faces": {
				"south": {"uv": [15.5, 15.5, 16, 16], "texture": "#2"},
				"up": {"uv": [15.5, 15.5, 16, 16], "texture": "#2"},
				"down": {"uv": [15.5, 15.5, 16, 16], "texture": "#2"}
			}
		},
		{
			"from": [9.2, 0.001, -1.3],
			"to": [10.6, 0.991, -0.3],
			"rotation": {"angle": 45, "axis": "y", "origin": [17.6, 8.1, 6.7]},
			"faces": {
				"north": {"uv": [15.5, 15.5, 16, 16], "texture": "#2"},
				"up": {"uv": [15.5, 15.5, 16, 16], "texture": "#2"},
				"down": {"uv": [15.5, 15.5, 16, 16], "texture": "#2"}
			}
		},
		{
			"from": [6, 0, 7],
			"to": [10, 1, 9],
			"rotation": {"angle": 0, "axis": "y", "origin": [15, 8, 15]},
			"faces": {
				"north": {"uv": [0, 0, 2, 1], "texture": "#0"},
				"east": {"uv": [15.5, 15.5, 16, 16], "texture": "#2"},
				"south": {"uv": [0, 0, 2, 1], "texture": "#0"},
				"west": {"uv": [15.5, 15.5, 16, 16], "texture": "#2"},
				"up": {"uv": [15.5, 15.5, 16, 16], "texture": "#2"},
				"down": {"uv": [15.5, 15.5, 16, 16], "texture": "#2"}
			}
		},
		{
			"from": [7, 0, 6],
			"to": [9, 1, 7],
			"rotation": {"angle": 0, "axis": "y", "origin": [15, 8, 14]},
			"faces": {
				"north": {"uv": [15.5, 15.5, 16, 16], "texture": "#2"},
				"east": {"uv": [0, 0, 2, 1], "texture": "#0"},
				"west": {"uv": [0, 0, 2, 1], "texture": "#0"},
				"up": {"uv": [15.5, 15.5, 16, 16], "texture": "#2"},
				"down": {"uv": [15.5, 15.5, 16, 16], "texture": "#2"}
			}
		},
		{
			"from": [7, 0, 9],
			"to": [9, 1, 10],
			"rotation": {"angle": 0, "axis": "y", "origin": [15, 8, 17]},
			"faces": {
				"east": {"uv": [0, 0, 2, 1], "texture": "#0"},
				"south": {"uv": [15.5, 15.5, 16, 16], "texture": "#2"},
				"west": {"uv": [0, 0, 2, 1], "texture": "#0"},
				"up": {"uv": [15.5, 15.5, 16, 16], "texture": "#2"},
				"down": {"uv": [15.5, 15.5, 16, 16], "texture": "#2"}
			}
		},
		{
			"from": [5.4, 0.001, -1.3],
			"to": [6.8, 0.991, -0.3],
			"rotation": {"angle": -45, "axis": "y", "origin": [-1.6, 8.1, 6.7]},
			"faces": {
				"north": {"uv": [15.5, 15.5, 16, 16], "texture": "#2"},
				"up": {"uv": [15.5, 15.5, 16, 16], "texture": "#2"},
				"down": {"uv": [15.5, 15.5, 16, 16], "texture": "#2"}
			}
		},
		{
			"from": [9, 1, 7],
			"to": [9.6, 5, 9],
			"rotation": {"angle": 0, "axis": "y", "origin": [16.6, 9, 15]},
			"faces": {
				"east": {"uv": [6.5, 5, 11.5, 13], "texture": "#2"}
			}
		},
		{
			"from": [7, 1, 6.4],
			"to": [9, 5, 9.6],
			"rotation": {"angle": 0, "axis": "y", "origin": [15, 9, 15]},
			"faces": {
				"north": {"uv": [6.5, 5, 11.5, 13], "texture": "#2"},
				"south": {"uv": [6.5, 5, 11.5, 13], "texture": "#2"}
			}
		},
		{
			"from": [6.4, 1, 7],
			"to": [7, 5, 9],
			"rotation": {"angle": 0, "axis": "y", "origin": [14, 9, 15]},
			"faces": {
				"west": {"uv": [6.5, 5, 11.5, 13], "texture": "#2"}
			}
		},
		{
			"from": [11.5, 0.8, -0.85],
			"to": [12.5, 5.1, 0],
			"rotation": {"angle": 45, "axis": "y", "origin": [19.5, 9, 7]},
			"faces": {
				"east": {"uv": [4.5, 7, 5.35, 11.3], "texture": "#2"}
			}
		},
		{
			"from": [3.5, 0.8, 16],
			"to": [4.5, 5.1, 16.85],
			"rotation": {"angle": 45, "axis": "y", "origin": [-3.5, 9, 9]},
			"faces": {
				"west": {"uv": [4.5, 7, 5.5, 11], "texture": "#2"}
			}
		},
		{
			"from": [11.5, 0.8, 16],
			"to": [12.5, 5.1, 16.85],
			"rotation": {"angle": -45, "axis": "y", "origin": [19.5, 9, 9]},
			"faces": {
				"east": {"uv": [4.5, 7, 5.35, 11.3], "texture": "#2"}
			}
		},
		{
			"from": [3.5, 0.8, -0.85],
			"to": [4.5, 5.1, 0],
			"rotation": {"angle": -45, "axis": "y", "origin": [-3.5, 9, 7]},
			"faces": {
				"west": {"uv": [4.5, 7, 5.35, 11.3], "texture": "#2"}
			}
		},
		{
			"from": [5.4, 5.001, 16.3],
			"to": [6.8, 5.991, 17.3],
			"rotation": {"angle": 45, "axis": "y", "origin": [-1.6, 13.1, 9.3]},
			"faces": {
				"south": {"uv": [15.5, 15.5, 16, 16], "texture": "#2"},
				"up": {"uv": [15.5, 15.5, 16, 16], "texture": "#2"},
				"down": {"uv": [15.5, 15.5, 16, 16], "texture": "#2"}
			}
		},
		{
			"from": [9.2, 5.001, 16.3],
			"to": [10.6, 5.991, 17.3],
			"rotation": {"angle": -45, "axis": "y", "origin": [17.6, 13.1, 9.3]},
			"faces": {
				"south": {"uv": [15.5, 15.5, 16, 16], "texture": "#2"},
				"up": {"uv": [15.5, 15.5, 16, 16], "texture": "#2"},
				"down": {"uv": [15.5, 15.5, 16, 16], "texture": "#2"}
			}
		},
		{
			"from": [9.2, 5.001, -1.3],
			"to": [10.6, 5.991, -0.3],
			"rotation": {"angle": 45, "axis": "y", "origin": [17.6, 13.1, 6.7]},
			"faces": {
				"north": {"uv": [15.5, 15.5, 16, 16], "texture": "#2"},
				"west": {"uv": [0, 0, 2, 1], "texture": "#0"},
				"up": {"uv": [15.5, 15.5, 16, 16], "texture": "#2"},
				"down": {"uv": [15.5, 15.5, 16, 16], "texture": "#2"}
			}
		},
		{
			"from": [6, 5, 7],
			"to": [10, 6, 9],
			"rotation": {"angle": 0, "axis": "y", "origin": [15, 13, 15]},
			"faces": {
				"north": {"uv": [0, 0, 2, 1], "texture": "#0"},
				"east": {"uv": [15.5, 15.5, 16, 16], "texture": "#2"},
				"south": {"uv": [0, 0, 2, 1], "texture": "#0"},
				"west": {"uv": [15.5, 15.5, 16, 16], "texture": "#2"},
				"up": {"uv": [15.5, 15.5, 16, 16], "texture": "#2"},
				"down": {"uv": [15.5, 15.5, 16, 16], "texture": "#2"}
			}
		},
		{
			"from": [7, 5, 9],
			"to": [9, 6, 10],
			"rotation": {"angle": 0, "axis": "y", "origin": [15, 13, 17]},
			"faces": {
				"east": {"uv": [0, 0, 2, 1], "texture": "#0"},
				"south": {"uv": [15.5, 15.5, 16, 16], "texture": "#2"},
				"west": {"uv": [0, 0, 2, 1], "texture": "#0"},
				"up": {"uv": [15.5, 15.5, 16, 16], "texture": "#2"},
				"down": {"uv": [15.5, 15.5, 16, 16], "texture": "#2"}
			}
		},
		{
			"from": [5.4, 5.001, -1.3],
			"to": [6.8, 5.991, -0.3],
			"rotation": {"angle": -45, "axis": "y", "origin": [-1.6, 13.1, 6.7]},
			"faces": {
				"north": {"uv": [15.5, 15.5, 16, 16], "texture": "#2"},
				"up": {"uv": [15.5, 15.5, 16, 16], "texture": "#2"},
				"down": {"uv": [15.5, 15.5, 16, 16], "texture": "#2"}
			}
		},
		{
			"from": [8.1, 1, 6.3],
			"to": [8.4, 2.4, 7],
			"rotation": {"angle": 0, "axis": "y", "origin": [16.1, 9, 14]},
			"faces": {
				"north": {"uv": [15.5, 15.5, 16, 16], "texture": "#2"},
				"east": {"uv": [15.5, 15.5, 16, 16], "texture": "#2"},
				"south": {"uv": [15.5, 15.5, 16, 16], "texture": "#2"},
				"west": {"uv": [15.5, 15.5, 16, 16], "texture": "#2"},
				"up": {"uv": [15.5, 15.5, 16, 16], "texture": "#2"},
				"down": {"uv": [15.5, 15.5, 16, 16], "texture": "#2"}
			}
		},
		{
			"from": [8.65, 1, 6.3],
			"to": [8.95, 2.4, 7],
			"rotation": {"angle": 0, "axis": "y", "origin": [16.6, 9, 14]},
			"faces": {
				"north": {"uv": [15.5, 15.5, 16, 16], "texture": "#2"},
				"east": {"uv": [15.5, 15.5, 16, 16], "texture": "#2"},
				"south": {"uv": [15.5, 15.5, 16, 16], "texture": "#2"},
				"west": {"uv": [15.5, 15.5, 16, 16], "texture": "#2"},
				"up": {"uv": [15.5, 15.5, 16, 16], "texture": "#2"},
				"down": {"uv": [15.5, 15.5, 16, 16], "texture": "#2"}
			}
		},
		{
			"from": [7.05, 1, 6.3],
			"to": [7.35, 2.4, 7],
			"rotation": {"angle": 0, "axis": "y", "origin": [15, 9, 14]},
			"faces": {
				"north": {"uv": [15.5, 15.5, 16, 16], "texture": "#2"},
				"east": {"uv": [15.5, 15.5, 16, 16], "texture": "#2"},
				"south": {"uv": [15.5, 15.5, 16, 16], "texture": "#2"},
				"west": {"uv": [15.5, 15.5, 16, 16], "texture": "#2"},
				"up": {"uv": [15.5, 15.5, 16, 16], "texture": "#2"},
				"down": {"uv": [15.5, 15.5, 16, 16], "texture": "#2"}
			}
		},
		{
			"from": [7.6, 1, 6.3],
			"to": [7.9, 2.4, 7],
			"rotation": {"angle": 0, "axis": "y", "origin": [15.6, 9, 14]},
			"faces": {
				"north": {"uv": [15.5, 15.5, 16, 16], "texture": "#2"},
				"east": {"uv": [15.5, 15.5, 16, 16], "texture": "#2"},
				"south": {"uv": [15.5, 15.5, 16, 16], "texture": "#2"},
				"west": {"uv": [15.5, 15.5, 16, 16], "texture": "#2"},
				"up": {"uv": [15.5, 15.5, 16, 16], "texture": "#2"},
				"down": {"uv": [15.5, 15.5, 16, 16], "texture": "#2"}
			}
		},
		{
			"from": [8.1, 1, 9],
			"to": [8.4, 2.4, 9.7],
			"rotation": {"angle": 0, "axis": "y", "origin": [16.1, 9, 16.7]},
			"faces": {
				"north": {"uv": [15.5, 15.5, 16, 16], "texture": "#2"},
				"east": {"uv": [15.5, 15.5, 16, 16], "texture": "#2"},
				"south": {"uv": [15.5, 15.5, 16, 16], "texture": "#2"},
				"west": {"uv": [15.5, 15.5, 16, 16], "texture": "#2"},
				"up": {"uv": [15.5, 15.5, 16, 16], "texture": "#2"},
				"down": {"uv": [15.5, 15.5, 16, 16], "texture": "#2"}
			}
		},
		{
			"from": [8.65, 1, 9],
			"to": [8.95, 2.4, 9.7],
			"rotation": {"angle": 0, "axis": "y", "origin": [16.6, 9, 16.7]},
			"faces": {
				"north": {"uv": [15.5, 15.5, 16, 16], "texture": "#2"},
				"east": {"uv": [15.5, 15.5, 16, 16], "texture": "#2"},
				"south": {"uv": [15.5, 15.5, 16, 16], "texture": "#2"},
				"west": {"uv": [15.5, 15.5, 16, 16], "texture": "#2"},
				"up": {"uv": [15.5, 15.5, 16, 16], "texture": "#2"},
				"down": {"uv": [15.5, 15.5, 16, 16], "texture": "#2"}
			}
		},
		{
			"from": [7.05, 1, 9],
			"to": [7.35, 2.4, 9.7],
			"rotation": {"angle": 0, "axis": "y", "origin": [15, 9, 16.7]},
			"faces": {
				"north": {"uv": [15.5, 15.5, 16, 16], "texture": "#2"},
				"east": {"uv": [15.5, 15.5, 16, 16], "texture": "#2"},
				"south": {"uv": [15.5, 15.5, 16, 16], "texture": "#2"},
				"west": {"uv": [15.5, 15.5, 16, 16], "texture": "#2"},
				"up": {"uv": [15.5, 15.5, 16, 16], "texture": "#2"},
				"down": {"uv": [15.5, 15.5, 16, 16], "texture": "#2"}
			}
		},
		{
			"from": [7.6, 1, 9],
			"to": [7.9, 2.4, 9.7],
			"rotation": {"angle": 0, "axis": "y", "origin": [15.6, 9, 16.7]},
			"faces": {
				"north": {"uv": [15.5, 15.5, 16, 16], "texture": "#2"},
				"east": {"uv": [15.5, 15.5, 16, 16], "texture": "#2"},
				"south": {"uv": [15.5, 15.5, 16, 16], "texture": "#2"},
				"west": {"uv": [15.5, 15.5, 16, 16], "texture": "#2"},
				"up": {"uv": [15.5, 15.5, 16, 16], "texture": "#2"},
				"down": {"uv": [15.5, 15.5, 16, 16], "texture": "#2"}
			}
		},
		{
			"from": [9, 1, 8.1],
			"to": [9.7, 2.4, 8.4],
			"rotation": {"angle": 0, "axis": "y", "origin": [2, 9, 16.1]},
			"faces": {
				"north": {"uv": [15.5, 15.5, 16, 16], "texture": "#2"},
				"east": {"uv": [15.5, 15.5, 16, 16], "texture": "#2"},
				"south": {"uv": [15.5, 15.5, 16, 16], "texture": "#2"},
				"west": {"uv": [15.5, 15.5, 16, 16], "texture": "#2"},
				"up": {"uv": [15.5, 15.5, 16, 16], "texture": "#2"},
				"down": {"uv": [15.5, 15.5, 16, 16], "texture": "#2"}
			}
		},
		{
			"from": [9, 1, 8.65],
			"to": [9.7, 2.4, 8.95],
			"rotation": {"angle": 0, "axis": "y", "origin": [2, 9, 16.6]},
			"faces": {
				"north": {"uv": [15.5, 15.5, 16, 16], "texture": "#2"},
				"east": {"uv": [15.5, 15.5, 16, 16], "texture": "#2"},
				"south": {"uv": [15.5, 15.5, 16, 16], "texture": "#2"},
				"west": {"uv": [15.5, 15.5, 16, 16], "texture": "#2"},
				"up": {"uv": [15.5, 15.5, 16, 16], "texture": "#2"},
				"down": {"uv": [15.5, 15.5, 16, 16], "texture": "#2"}
			}
		},
		{
			"from": [9, 1, 7.05],
			"to": [9.7, 2.4, 7.35],
			"rotation": {"angle": 0, "axis": "y", "origin": [2, 9, 15]},
			"faces": {
				"north": {"uv": [15.5, 15.5, 16, 16], "texture": "#2"},
				"east": {"uv": [15.5, 15.5, 16, 16], "texture": "#2"},
				"south": {"uv": [15.5, 15.5, 16, 16], "texture": "#2"},
				"west": {"uv": [15.5, 15.5, 16, 16], "texture": "#2"},
				"up": {"uv": [15.5, 15.5, 16, 16], "texture": "#2"},
				"down": {"uv": [15.5, 15.5, 16, 16], "texture": "#2"}
			}
		},
		{
			"from": [9, 1, 7.6],
			"to": [9.7, 2.4, 7.9],
			"rotation": {"angle": 0, "axis": "y", "origin": [2, 9, 15.6]},
			"faces": {
				"north": {"uv": [15.5, 15.5, 16, 16], "texture": "#2"},
				"east": {"uv": [15.5, 15.5, 16, 16], "texture": "#2"},
				"south": {"uv": [15.5, 15.5, 16, 16], "texture": "#2"},
				"west": {"uv": [15.5, 15.5, 16, 16], "texture": "#2"},
				"up": {"uv": [15.5, 15.5, 16, 16], "texture": "#2"},
				"down": {"uv": [15.5, 15.5, 16, 16], "texture": "#2"}
			}
		},
		{
			"from": [6.3, 1, 8.1],
			"to": [7, 2.4, 8.4],
			"rotation": {"angle": 0, "axis": "y", "origin": [-0.7, 9, 16.1]},
			"faces": {
				"north": {"uv": [15.5, 15.5, 16, 16], "texture": "#2"},
				"east": {"uv": [15.5, 15.5, 16, 16], "texture": "#2"},
				"south": {"uv": [15.5, 15.5, 16, 16], "texture": "#2"},
				"west": {"uv": [15.5, 15.5, 16, 16], "texture": "#2"},
				"up": {"uv": [15.5, 15.5, 16, 16], "texture": "#2"},
				"down": {"uv": [15.5, 15.5, 16, 16], "texture": "#2"}
			}
		},
		{
			"from": [6.3, 1, 8.65],
			"to": [7, 2.4, 8.95],
			"rotation": {"angle": 0, "axis": "y", "origin": [-0.7, 9, 16.6]},
			"faces": {
				"north": {"uv": [15.5, 15.5, 16, 16], "texture": "#2"},
				"east": {"uv": [15.5, 15.5, 16, 16], "texture": "#2"},
				"south": {"uv": [15.5, 15.5, 16, 16], "texture": "#2"},
				"west": {"uv": [15.5, 15.5, 16, 16], "texture": "#2"},
				"up": {"uv": [15.5, 15.5, 16, 16], "texture": "#2"},
				"down": {"uv": [15.5, 15.5, 16, 16], "texture": "#2"}
			}
		},
		{
			"from": [6.3, 1, 7.05],
			"to": [7, 2.4, 7.35],
			"rotation": {"angle": 0, "axis": "y", "origin": [-0.7, 9, 15]},
			"faces": {
				"north": {"uv": [15.5, 15.5, 16, 16], "texture": "#2"},
				"east": {"uv": [15.5, 15.5, 16, 16], "texture": "#2"},
				"south": {"uv": [15.5, 15.5, 16, 16], "texture": "#2"},
				"west": {"uv": [15.5, 15.5, 16, 16], "texture": "#2"},
				"up": {"uv": [15.5, 15.5, 16, 16], "texture": "#2"},
				"down": {"uv": [15.5, 15.5, 16, 16], "texture": "#2"}
			}
		},
		{
			"from": [6.3, 1, 7.6],
			"to": [7, 2.4, 7.9],
			"rotation": {"angle": 0, "axis": "y", "origin": [-0.7, 9, 15.6]},
			"faces": {
				"north": {"uv": [15.5, 15.5, 16, 16], "texture": "#2"},
				"east": {"uv": [15.5, 15.5, 16, 16], "texture": "#2"},
				"south": {"uv": [15.5, 15.5, 16, 16], "texture": "#2"},
				"west": {"uv": [15.5, 15.5, 16, 16], "texture": "#2"},
				"up": {"uv": [15.5, 15.5, 16, 16], "texture": "#2"},
				"down": {"uv": [15.5, 15.5, 16, 16], "texture": "#2"}
			}
		},
		{
			"from": [6.3, 2.9, 7],
			"to": [7.3, 3.5, 9],
			"rotation": {"angle": 0, "axis": "y", "origin": [14.3, 10.9, 15]},
			"faces": {
				"north": {"uv": [15.5, 15.5, 16, 16], "texture": "#2"},
				"south": {"uv": [15.5, 15.5, 16, 16], "texture": "#2"},
				"west": {"uv": [15.5, 15.5, 16, 16], "texture": "#2"},
				"up": {"uv": [15.5, 15.5, 16, 16], "texture": "#2"},
				"down": {"uv": [15.5, 15.5, 16, 16], "texture": "#2"}
			}
		},
		{
			"from": [8.7, 2.9, 7],
			"to": [9.7, 3.5, 9],
			"rotation": {"angle": 0, "axis": "y", "origin": [16.7, 10.9, 15]},
			"faces": {
				"north": {"uv": [15.5, 15.5, 16, 16], "texture": "#2"},
				"east": {"uv": [15.5, 15.5, 16, 16], "texture": "#2"},
				"south": {"uv": [15.5, 15.5, 16, 16], "texture": "#2"},
				"up": {"uv": [15.5, 15.5, 16, 16], "texture": "#2"},
				"down": {"uv": [15.5, 15.5, 16, 16], "texture": "#2"}
			}
		},
		{
			"from": [7, 2.9, 9],
			"to": [9, 3.5, 9.7],
			"rotation": {"angle": 0, "axis": "y", "origin": [15, 10.9, 17]},
			"faces": {
				"east": {"uv": [15.5, 15.5, 16, 16], "texture": "#2"},
				"south": {"uv": [15.5, 15.5, 16, 16], "texture": "#2"},
				"west": {"uv": [15.5, 15.5, 16, 16], "texture": "#2"},
				"up": {"uv": [15.5, 15.5, 16, 16], "texture": "#2"},
				"down": {"uv": [15.5, 15.5, 16, 16], "texture": "#2"}
			}
		},
		{
			"from": [7, 2.9, 6.3],
			"to": [9, 3.5, 7],
			"rotation": {"angle": 0, "axis": "y", "origin": [15, 10.9, 14.3]},
			"faces": {
				"north": {"uv": [15.5, 15.5, 16, 16], "texture": "#2"},
				"east": {"uv": [15.5, 15.5, 16, 16], "texture": "#2"},
				"west": {"uv": [15.5, 15.5, 16, 16], "texture": "#2"},
				"up": {"uv": [15.5, 15.5, 16, 16], "texture": "#2"},
				"down": {"uv": [15.5, 15.5, 16, 16], "texture": "#2"}
			}
		},
		{
			"from": [11.6, 2.901, 1],
			"to": [12.6, 3.499, 2],
			"rotation": {"angle": 45, "axis": "y", "origin": [19.6, 10.9, 9]},
			"faces": {
				"east": {"uv": [15.5, 15.5, 16, 16], "texture": "#2"},
				"south": {"uv": [15.5, 15.5, 16, 16], "texture": "#2"},
				"west": {"uv": [15.5, 15.5, 16, 16], "texture": "#2"},
				"up": {"uv": [15.5, 15.5, 16, 16], "texture": "#2"},
				"down": {"uv": [15.5, 15.5, 16, 16], "texture": "#2"}
			}
		},
		{
			"from": [3.4, 2.901, 1],
			"to": [4.4, 3.499, 2],
			"rotation": {"angle": -45, "axis": "y", "origin": [-3.6, 10.9, 9]},
			"faces": {
				"east": {"uv": [15.5, 15.5, 16, 16], "texture": "#2"},
				"south": {"uv": [15.5, 15.5, 16, 16], "texture": "#2"},
				"west": {"uv": [15.5, 15.5, 16, 16], "texture": "#2"},
				"up": {"uv": [15.5, 15.5, 16, 16], "texture": "#2"},
				"down": {"uv": [15.5, 15.5, 16, 16], "texture": "#2"}
			}
		},
		{
			"from": [3.4, 2.901, 14],
			"to": [4.4, 3.499, 15],
			"rotation": {"angle": 45, "axis": "y", "origin": [-3.6, 10.9, 7]},
			"faces": {
				"north": {"uv": [15.5, 15.5, 16, 16], "texture": "#2"},
				"east": {"uv": [15.5, 15.5, 16, 16], "texture": "#2"},
				"west": {"uv": [15.5, 15.5, 16, 16], "texture": "#2"},
				"up": {"uv": [15.5, 15.5, 16, 16], "texture": "#2"},
				"down": {"uv": [15.5, 15.5, 16, 16], "texture": "#2"}
			}
		},
		{
			"from": [11.6, 2.901, 14],
			"to": [12.6, 3.499, 15],
			"rotation": {"angle": -45, "axis": "y", "origin": [19.6, 10.9, 7]},
			"faces": {
				"north": {"uv": [15.5, 15.5, 16, 16], "texture": "#2"},
				"east": {"uv": [15.5, 15.5, 16, 16], "texture": "#2"},
				"west": {"uv": [15.5, 15.5, 16, 16], "texture": "#2"},
				"up": {"uv": [15.5, 15.5, 16, 16], "texture": "#2"},
				"down": {"uv": [15.5, 15.5, 16, 16], "texture": "#2"}
			}
		}
	],
	"gui_light": "front",
	"display": {
		"thirdperson_righthand": {
			"translation": [0, 4.5, -0.5],
			"scale": [0.6, 1, 0.6]
		},
		"thirdperson_lefthand": {
			"translation": [0, 4.5, 0.5],
			"scale": [0.6, 1, 0.6]
		},
		"firstperson_righthand": {
			"rotation": [-18, 3, 0],
			"translation": [0, 7.5, 0],
			"scale": [0.6, 1, 0.6]
		},
		"firstperson_lefthand": {
			"rotation": [-18, 3, 0],
			"translation": [0, 7.5, 0],
			"scale": [0.6, 1, 0.6]
		},
		"ground": {
			"translation": [0, 4.25, 0],
			"scale": [0.6, 1, 0.6]
		},
		"gui": {
			"rotation": [17, 23, 0],
			"translation": [0, 10.25, 0],
			"scale": [1.2, 2, 1.2]
		},
		"head": {
			"translation": [0, 14.25, 0],
			"scale": [0.6, 1, 0.6]
		},
		"fixed": {
			"translation": [0, 9.5, 0],
			"scale": [1.2, 2, 1.2]
		}
	},
	"groups": [
		{
			"name": "Base",
			"origin": [8, 8, 8],
			"children": [0, 1, 2, 3, 4, 5, 6, 7, 8, 9, 10, 11, 12, 13, 14, 15, 16, 17, 18, 19, 20]
		},
		{
			"name": "group",
			"origin": [15, 9, 14],
			"children": [21, 22, 23, 24]
		},
		{
			"name": "group",
			"origin": [15, 9, 14],
			"children": [25, 26, 27, 28]
		},
		{
			"name": "group",
			"origin": [15, 9, 14],
			"children": [29, 30, 31, 32]
		},
		{
			"name": "group",
			"origin": [15, 9, 14],
			"children": [33, 34, 35, 36]
		}, 37, 38, 39, 40, 41, 42, 43, 44]
}