{
	"credit": "Made with Blockbench",
	"texture_size": [32, 32],
	"textures": {
		"0": "models/vent",
		"1": "models/stone",
		"particle": "models/vent"
	},
	"elements": [
		{
			"from": [0, 0, 0],
			"to": [16, 2, 16],
			"faces": {
				"north": {"uv": [0, 9, 16, 11], "texture": "#1"},
				"east": {"uv": [0, 9, 16, 11], "texture": "#1"},
				"south": {"uv": [0, 10.5, 16, 12.5], "texture": "#1"},
				"west": {"uv": [0, 3, 16, 5], "texture": "#1"},
				"up": {"uv": [0.5, 0.5, 15.5, 15.5], "texture": "#1"},
				"down": {"uv": [0, 0, 16, 16], "texture": "#1"}
			}
		},
		{
			"from": [0, 14, 0],
			"to": [16, 16, 16],
			"rotation": {"angle": 0, "axis": "y", "origin": [8, 22, 8]},
			"faces": {
				"north": {"uv": [0, 10, 16, 12], "texture": "#1"},
				"east": {"uv": [0, 10, 16, 12], "texture": "#1"},
				"south": {"uv": [0, 9.5, 16, 11.5], "texture": "#1"},
				"west": {"uv": [0, 6.5, 16, 8.5], "texture": "#1"},
				"up": {"uv": [0, 0, 16, 16], "texture": "#1"},
				"down": {"uv": [0, 0, 16, 16], "texture": "#1"}
			}
		},
		{
			"from": [2, 2, 2],
			"to": [14, 14, 14],
			"rotation": {"angle": 0, "axis": "y", "origin": [10, 10, 10]},
			"faces": {
				"north": {"uv": [0, 0, 16, 16], "texture": "#0"},
				"east": {"uv": [0, 0, 16, 16], "texture": "#0"},
				"south": {"uv": [0, 0, 16, 16], "texture": "#0"},
				"west": {"uv": [0, 0, 16, 16], "texture": "#0"},
				"up": {"uv": [0, 0, 6, 6], "texture": "#0"},
				"down": {"uv": [0, 0, 6, 6], "texture": "#0"}
			}
		},
		{
			"from": [14, 2, 0],
			"to": [16, 14, 2],
			"rotation": {"angle": 0, "axis": "y", "origin": [22, 10, 8]},
			"faces": {
				"north": {"uv": [3.5, 0.5, 5.5, 15.5], "texture": "#1"},
				"east": {"uv": [7, 0.5, 9, 15.5], "texture": "#1"},
				"south": {"uv": [10.5, 0.5, 12.5, 15.5], "texture": "#1"},
				"west": {"uv": [3.5, 1, 5.5, 15.5], "texture": "#1"},
				"up": {"uv": [0, 0, 1, 1], "texture": "#missing"},
				"down": {"uv": [0, 0, 1, 1], "texture": "#missing"}
			}
		},
		{
			"from": [14, 2, 14],
			"to": [16, 14, 16],
			"rotation": {"angle": 0, "axis": "y", "origin": [22, 10, 22]},
			"faces": {
				"north": {"uv": [2.5, 0.5, 4.5, 15], "texture": "#1"},
				"east": {"uv": [13.5, 1.5, 15.5, 15.5], "texture": "#1"},
				"south": {"uv": [14, 0.5, 16, 15.5], "texture": "#1"},
				"west": {"uv": [9, 1, 11.5, 16], "texture": "#1"},
				"up": {"uv": [0, 0, 1, 1], "texture": "#missing"},
				"down": {"uv": [0, 0, 1, 1], "texture": "#missing"}
			}
		},
		{
			"from": [0, 2, 14],
			"to": [2, 14, 16],
			"rotation": {"angle": 0, "axis": "y", "origin": [8, 10, 22]},
			"faces": {
				"north": {"uv": [4.5, 0.5, 6.5, 15.5], "texture": "#1"},
				"east": {"uv": [3.5, 0.5, 5.5, 15.5], "texture": "#1"},
				"south": {"uv": [6, 0.5, 9, 15.5], "texture": "#1"},
				"west": {"uv": [3.5, 0.5, 5.5, 15.5], "texture": "#1"},
				"up": {"uv": [0, 0, 1, 1], "texture": "#missing"},
				"down": {"uv": [0, 0, 1, 1], "texture": "#missing"}
			}
		},
		{
			"from": [0, 2, 0],
			"to": [2, 14, 2],
			"rotation": {"angle": 0, "axis": "y", "origin": [8, 10, 8]},
			"faces": {
				"north": {"uv": [5.5, 1, 7, 15.5], "texture": "#1"},
				"east": {"uv": [8.5, 0.5, 10.5, 15.5], "texture": "#1"},
				"south": {"uv": [3, 0.5, 5, 15.5], "texture": "#1"},
				"west": {"uv": [6, 0.5, 8, 15.5], "texture": "#1"},
				"up": {"uv": [0, 0, 1, 1], "texture": "#missing"},
				"down": {"uv": [0, 0, 1, 1], "texture": "#missing"}
			}
		}
	],
	"display": {
		"thirdperson_righthand": {
			"translation": [0, 1.25, -1.75],
			"scale": [0.4, 0.4, 0.4]
		},
		"firstperson_righthand": {
			"scale": [0.5, 0.5, 0.5]
		},
		"firstperson_lefthand": {
			"scale": [0.5, 0.5, 0.5]
		},
		"ground": {
			"scale": [0.5, 0.5, 0.5]
		},
		"gui": {
			"rotation": [11, 26, 0],
			"translation": [0.5, -0.5, 0],
			"scale": [0.6, 0.6, 0.6]
		}
	}
}